Date,Time gap,Count,Average speed
2020-02-01,24,1,22
2020-02-01,29,1,21
2020-02-01,33,2,18
2020-02-01,34,2,22
2020-02-01,36,1,30
2020-02-01,38,2,34
2020-02-01,42,2,15
2020-02-01,43,1,29
2020-02-01,44,2,19
2020-02-01,45,1,13
2020-02-01,46,1,34
2020-02-01,47,1,18
2020-02-01,48,1,22
2020-02-01,50,4,22
2020-02-01,52,2,18
2020-02-01,53,1,4
2020-02-01,55,1,19
2020-02-01,56,1,20
2020-02-01,57,2,24
2020-02-01,58,1,20
2020-02-01,59,1,28
2020-02-01,62,1,30
2020-02-01,63,1,25
2020-02-01,65,1,20
2020-02-01,71,3,14
2020-02-01,73,1,33
2020-02-01,75,1,42
2020-02-01,76,1,27
2020-02-01,77,1,28
2020-02-01,80,1,23
2020-02-01,82,1,18
2020-02-01,85,1,25
2020-02-01,86,2,19
2020-02-02,3,1,20
2020-02-02,5,1,17
2020-02-02,24,1,20
2020-02-02,27,1,28
2020-02-02,30,1,22
2020-02-02,32,1,29
2020-02-02,34,1,14
2020-02-02,38,1,25
2020-02-02,41,1,21
2020-02-02,42,2,15
2020-02-02,46,1,24
2020-02-02,48,2,31
2020-02-02,49,1,19
2020-02-02,50,2,22
2020-02-02,53,3,20
2020-02-02,55,3,12
2020-02-02,56,2,25
2020-02-02,58,1,18
2020-02-02,59,5,17
2020-02-02,60,1,26
2020-02-02,61,1,24
2020-02-02,62,1,21
2020-02-02,63,2,25
2020-02-02,65,2,26
2020-02-02,66,1,18
2020-02-02,67,1,25
2020-02-02,68,2,31
2020-02-02,70,1,36
2020-02-02,73,1,19
2020-02-02,77,2,29
2020-02-02,78,3,27
2020-02-02,80,1,36
2020-02-02,84,1,35
2020-02-03,23,2,25
2020-02-03,24,1,26
2020-02-03,25,4,25
2020-02-03,26,2,28
2020-02-03,27,3,29
2020-02-03,28,1,33
2020-02-03,29,5,28
2020-02-03,30,4,28
2020-02-03,31,8,26
2020-02-03,32,5,29
2020-02-03,33,3,25
2020-02-03,34,2,26
2020-02-03,35,1,14
2020-02-03,37,1,40
2020-02-03,40,1,17
2020-02-03,41,2,26
2020-02-03,43,1,47
2020-02-03,46,1,15
2020-02-03,47,2,29
2020-02-03,48,2,32
2020-02-03,50,1,20
2020-02-03,53,1,23
2020-02-03,57,2,28
2020-02-03,58,2,28
2020-02-03,59,1,12
2020-02-03,60,1,43
2020-02-03,61,4,27
2020-02-03,62,3,29
2020-02-03,63,3,26
2020-02-03,64,4,25
2020-02-03,65,5,25
2020-02-03,66,1,22
2020-02-03,67,5,26
2020-02-03,68,4,18
2020-02-03,69,3,24
2020-02-03,74,2,13
2020-02-03,75,1,25
2020-02-03,76,1,28
2020-02-03,78,1,26
2020-02-03,80,1,36
2020-02-03,83,3,21
2020-02-03,88,1,42
2020-02-04,15,1,22
2020-02-04,23,1,29
2020-02-04,25,4,21
2020-02-04,26,2,31
2020-02-04,27,5,21
2020-02-04,28,1,21
2020-02-04,29,4,24
2020-02-04,30,6,22
2020-02-04,31,5,22
2020-02-04,32,2,24
2020-02-04,33,1,22
2020-02-04,34,1,33
2020-02-04,39,1,30
2020-02-04,41,1,24
2020-02-04,42,1,36
2020-02-04,43,1,38
2020-02-04,46,2,22
2020-02-04,47,1,28
2020-02-04,49,1,17
2020-02-04,50,1,23
2020-02-04,52,1,22
2020-02-04,54,1,25
2020-02-04,56,1,20
2020-02-04,57,3,28
2020-02-04,58,2,23
2020-02-04,59,1,34
2020-02-04,62,4,28
2020-02-04,63,4,25
2020-02-04,64,1,20
2020-02-04,65,3,22
2020-02-04,66,2,6
2020-02-04,67,3,22
2020-02-04,68,1,26
2020-02-04,69,2,20
2020-02-04,70,1,23
2020-02-04,71,3,24
2020-02-04,72,1,34
2020-02-04,73,4,20
2020-02-04,74,1,36
2020-02-04,79,1,30
2020-02-04,83,1,34
2020-02-04,88,1,34
2020-02-05,11,1,21
2020-02-05,14,1,16
2020-02-05,22,1,46
2020-02-05,23,2,20
2020-02-05,24,1,33
2020-02-05,25,2,28
2020-02-05,27,4,27
2020-02-05,28,2,32
2020-02-05,29,4,28
2020-02-05,30,4,24
2020-02-05,31,3,24
2020-02-05,32,3,25
2020-02-05,36,1,25
2020-02-05,37,2,23
2020-02-05,40,1,27
2020-02-05,41,3,29
2020-02-05,42,1,29
2020-02-05,43,1,36
2020-02-05,44,1,20
2020-02-05,46,1,25
2020-02-05,48,2,18
2020-02-05,49,1,13
2020-02-05,50,3,22
2020-02-05,51,4,24
2020-02-05,53,3,24
2020-02-05,54,1,37
2020-02-05,55,1,16
2020-02-05,56,1,38
2020-02-05,57,2,32
2020-02-05,58,2,38
2020-02-05,60,3,27
2020-02-05,61,1,19
2020-02-05,62,5,20
2020-02-05,63,4,22
2020-02-05,64,2,30
2020-02-05,65,3,23
2020-02-05,66,4,27
2020-02-05,67,5,19
2020-02-05,68,4,27
2020-02-05,69,3,27
2020-02-05,70,2,23
2020-02-05,71,1,28
2020-02-05,72,2,11
2020-02-05,73,4,21
2020-02-05,74,1,23
2020-02-05,76,1,35
2020-02-05,77,1,24
2020-02-05,79,1,22
2020-02-05,80,1,31
2020-02-05,82,1,20
2020-02-05,88,2,39
2020-02-06,8,1,23
2020-02-06,11,1,23
2020-02-06,23,3,34
2020-02-06,24,3,27
2020-02-06,25,2,34
2020-02-06,26,2,36
2020-02-06,27,3,24
2020-02-06,29,7,22
2020-02-06,30,5,26
2020-02-06,31,2,20
2020-02-06,32,3,28
2020-02-06,35,2,23
2020-02-06,42,1,32
2020-02-06,46,1,23
2020-02-06,47,3,23
2020-02-06,50,1,21
2020-02-06,51,1,28
2020-02-06,52,1,21
2020-02-06,53,1,13
2020-02-06,57,3,30
2020-02-06,58,2,23
2020-02-06,59,2,38
2020-02-06,60,2,30
2020-02-06,61,2,28
2020-02-06,63,6,23
2020-02-06,64,4,26
2020-02-06,65,8,25
2020-02-06,66,6,23
2020-02-06,67,4,23
2020-02-06,68,1,20
2020-02-06,69,2,19
2020-02-06,70,1,16
2020-02-06,72,1,38
2020-02-06,73,4,32
2020-02-06,75,1,25
2020-02-06,76,1,18
2020-02-06,77,2,16
2020-02-06,79,1,22
2020-02-06,84,2,20
2020-02-06,88,2,31
2020-02-07,6,1,29
2020-02-07,11,1,28
2020-02-07,23,1,17
2020-02-07,24,1,21
2020-02-07,25,4,20
2020-02-07,26,2,34
2020-02-07,28,2,25
2020-02-07,29,4,24
2020-02-07,30,3,26
2020-02-07,31,1,16
2020-02-07,34,1,41
2020-02-07,35,1,22
2020-02-07,36,1,25
2020-02-07,38,1,32
2020-02-07,39,1,13
2020-02-07,41,2,30
2020-02-07,43,2,22
2020-02-07,44,2,24
2020-02-07,46,1,31
2020-02-07,47,2,24
2020-02-07,48,1,19
2020-02-07,49,1,34
2020-02-07,50,3,22
2020-02-07,54,2,38
2020-02-07,56,1,41
2020-02-07,57,2,23
2020-02-07,58,1,30
2020-02-07,59,2,31
2020-02-07,60,1,34
2020-02-07,61,2,33
2020-02-07,62,2,28
2020-02-07,63,3,27
2020-02-07,64,6,24
2020-02-07,66,3,23
2020-02-07,67,7,21
2020-02-07,68,5,30
2020-02-07,69,3,26
2020-02-07,70,1,27
2020-02-07,72,2,23
2020-02-07,75,2,23
2020-02-07,76,4,29
2020-02-07,77,1,24
2020-02-07,79,1,18
2020-02-07,82,1,24
2020-02-07,83,1,22
2020-02-07,85,1,20
2020-02-07,90,1,37
2020-02-07,91,1,33
2020-02-07,93,1,28
2020-02-08,10,1,30
2020-02-08,14,1,21
2020-02-08,23,1,19
2020-02-08,30,1,27
2020-02-08,31,1,20
2020-02-08,33,1,34
2020-02-08,36,1,32
2020-02-08,40,2,29
2020-02-08,41,2,20
2020-02-08,42,2,27
2020-02-08,43,2,18
2020-02-08,44,2,36
2020-02-08,45,1,14
2020-02-08,46,3,30
2020-02-08,47,3,28
2020-02-08,48,2,27
2020-02-08,49,2,23
2020-02-08,50,1,27
2020-02-08,52,2,25
2020-02-08,53,2,28
2020-02-08,54,1,10
2020-02-08,62,1,14
2020-02-08,63,1,26
2020-02-08,67,1,23
2020-02-08,68,2,27
2020-02-08,69,2,31
2020-02-08,73,2,30
2020-02-08,76,2,30
2020-02-08,85,2,32
2020-02-08,89,1,20
2020-02-08,96,1,39
2020-02-09,27,1,25
2020-02-09,32,1,24
2020-02-09,33,1,19
2020-02-09,34,2,23
2020-02-09,36,1,24
2020-02-09,38,1,17
2020-02-09,43,1,13
2020-02-09,44,1,13
2020-02-09,49,1,16
2020-02-09,50,2,26
2020-02-09,52,1,23
2020-02-09,53,1,34
2020-02-09,57,1,20
2020-02-09,63,1,19
2020-02-09,79,1,15
2020-02-10,23,2,22
2020-02-10,24,1,21
2020-02-10,25,2,24
2020-02-10,29,4,20
2020-02-10,30,3,23
2020-02-10,31,2,28
2020-02-10,32,2,20
2020-02-10,36,1,30
2020-02-10,39,1,19
2020-02-10,43,1,32
2020-02-10,47,1,20
2020-02-10,48,1,30
2020-02-10,51,1,21
2020-02-10,53,1,20
2020-02-10,55,1,45
2020-02-10,56,1,43
2020-02-10,59,1,35
2020-02-10,61,2,22
2020-02-10,62,1,21
2020-02-10,64,3,24
2020-02-10,65,3,16
2020-02-10,66,1,30
2020-02-10,68,2,24
2020-02-10,69,3,21
2020-02-10,70,2,25
2020-02-10,71,1,17
2020-02-10,73,1,18
2020-02-10,74,1,24
2020-02-10,78,1,15
2020-02-10,80,1,21
2020-02-10,94,2,26
2020-02-11,8,1,18
2020-02-11,21,1,23
2020-02-11,22,1,19
2020-02-11,23,1,20
2020-02-11,24,6,24
2020-02-11,26,2,34
2020-02-11,27,2,24
2020-02-11,28,1,39
2020-02-11,29,4,22
2020-02-11,30,8,23
2020-02-11,31,4,25
2020-02-11,32,4,24
2020-02-11,33,3,24
2020-02-11,34,1,31
2020-02-11,35,1,29
2020-02-11,36,1,25
2020-02-11,38,1,23
2020-02-11,40,2,28
2020-02-11,41,3,30
2020-02-11,43,1,39
2020-02-11,47,3,27
2020-02-11,49,1,17
2020-02-11,50,2,21
2020-02-11,51,2,33
2020-02-11,52,1,31
2020-02-11,54,2,18
2020-02-11,57,2,24
2020-02-11,60,2,25
2020-02-11,62,4,30
2020-02-11,63,1,29
2020-02-11,64,5,25
2020-02-11,65,5,23
2020-02-11,66,4,23
2020-02-11,68,2,17
2020-02-11,69,2,34
2020-02-11,70,1,24
2020-02-11,71,1,22
2020-02-11,72,1,26
2020-02-11,73,1,21
2020-02-11,75,1,16
2020-02-11,76,2,25
2020-02-11,77,1,21
2020-02-11,78,2,28
2020-02-11,82,2,22
2020-02-11,85,2,26
2020-02-11,87,1,20
2020-02-11,88,1,24
2020-02-12,23,1,34
2020-02-12,24,1,40
2020-02-12,25,1,10
2020-02-12,26,2,30
2020-02-12,27,4,30
2020-02-12,28,3,19
2020-02-12,29,4,24
2020-02-12,30,1,20
2020-02-12,31,4,24
2020-02-12,33,2,17
2020-02-12,34,5,19
2020-02-12,35,6,20
2020-02-12,36,1,25
2020-02-12,37,1,27
2020-02-12,39,10,11
2020-02-12,40,1,23
2020-02-12,41,2,32
2020-02-12,42,5,15
2020-02-12,43,1,20
2020-02-12,46,3,24
2020-02-12,47,2,32
2020-02-12,48,6,25
2020-02-12,49,2,10
2020-02-12,50,5,26
2020-02-12,51,2,22
2020-02-12,52,1,21
2020-02-12,53,3,29
2020-02-12,55,2,32
2020-02-12,57,3,27
2020-02-12,58,1,31
2020-02-12,59,2,17
2020-02-12,60,1,28
2020-02-12,61,2,21
2020-02-12,63,4,28
2020-02-12,64,4,19
2020-02-12,65,3,24
2020-02-12,66,1,39
2020-02-12,67,1,28
2020-02-12,68,2,26
2020-02-12,69,4,25
2020-02-12,70,3,17
2020-02-12,71,1,18
2020-02-12,73,2,23
2020-02-12,74,1,23
2020-02-12,75,2,29
2020-02-12,76,1,25
2020-02-12,77,2,28
2020-02-12,83,1,11
2020-02-12,84,1,18
2020-02-13,4,1,27
2020-02-13,14,1,25
2020-02-13,20,1,25
2020-02-13,23,2,27
2020-02-13,24,2,25
2020-02-13,25,2,28
2020-02-13,27,3,26
2020-02-13,29,2,21
2020-02-13,30,3,25
2020-02-13,31,8,28
2020-02-13,34,2,27
2020-02-13,35,1,23
2020-02-13,36,2,27
2020-02-13,37,1,12
2020-02-13,38,1,30
2020-02-13,43,1,28
2020-02-13,44,1,32
2020-02-13,45,2,27
2020-02-13,46,2,32
2020-02-13,47,1,34
2020-02-13,48,1,18
2020-02-13,49,2,30
2020-02-13,50,1,21
2020-02-13,52,3,26
2020-02-13,59,1,29
2020-02-13,60,2,36
2020-02-13,61,3,28
2020-02-13,62,3,32
2020-02-13,63,5,30
2020-02-13,64,2,26
2020-02-13,65,3,26
2020-02-13,66,2,30
2020-02-13,67,1,16
2020-02-13,68,4,27
2020-02-13,69,3,20
2020-02-13,73,1,28
2020-02-13,74,1,27
2020-02-13,75,2,30
2020-02-13,76,1,27
2020-02-13,77,3,23
2020-02-13,80,2,17
2020-02-13,81,1,28
2020-02-14,3,1,37
2020-02-14,15,1,31
2020-02-14,22,1,39
2020-02-14,23,3,23
2020-02-14,24,2,17
2020-02-14,25,2,17
2020-02-14,26,1,29
2020-02-14,27,2,31
2020-02-14,28,6,24
2020-02-14,30,3,23
2020-02-14,31,5,19
2020-02-14,33,1,32
2020-02-14,34,1,23
2020-02-14,35,2,26
2020-02-14,37,2,26
2020-02-14,38,1,35
2020-02-14,40,3,33
2020-02-14,41,1,21
2020-02-14,42,2,34
2020-02-14,43,3,34
2020-02-14,45,1,9
2020-02-14,46,2,35
2020-02-14,47,3,27
2020-02-14,48,2,32
2020-02-14,50,4,18
2020-02-14,51,1,21
2020-02-14,52,8,19
2020-02-14,54,4,24
2020-02-14,55,3,11
2020-02-14,56,4,22
2020-02-14,57,2,14
2020-02-14,58,2,14
2020-02-14,59,3,24
2020-02-14,60,2,26
2020-02-14,61,3,24
2020-02-14,62,2,19
2020-02-14,63,2,30
2020-02-14,64,4,24
2020-02-14,65,1,27
2020-02-14,66,8,21
2020-02-14,67,4,37
2020-02-14,68,2,29
2020-02-14,69,2,26
2020-02-14,71,1,29
2020-02-14,72,3,21
2020-02-14,73,1,30
2020-02-14,74,3,21
2020-02-14,75,1,24
2020-02-14,77,1,17
2020-02-14,78,2,20
2020-02-14,79,1,21
2020-02-14,80,1,30
2020-02-14,81,3,29
2020-02-14,82,1,35
2020-02-14,90,1,36
2020-02-14,93,1,17
2020-02-14,95,1,14
2020-02-15,2,2,24
2020-02-15,10,1,20
2020-02-15,23,1,26
2020-02-15,26,1,9
2020-02-15,28,1,22
2020-02-15,29,1,16
2020-02-15,34,3,31
2020-02-15,36,1,8
2020-02-15,37,1,24
2020-02-15,38,1,5
2020-02-15,39,1,22
2020-02-15,40,1,24
2020-02-15,41,5,26
2020-02-15,42,1,16
2020-02-15,43,1,16
2020-02-15,44,1,24
2020-02-15,45,1,16
2020-02-15,46,1,15
2020-02-15,47,6,20
2020-02-15,48,2,21
2020-02-15,50,1,31
2020-02-15,52,1,7
2020-02-15,53,1,27
2020-02-15,54,1,16
2020-02-15,55,4,27
2020-02-15,56,2,23
2020-02-15,58,1,22
2020-02-15,60,1,30
2020-02-15,61,2,29
2020-02-15,64,3,22
2020-02-15,65,2,26
2020-02-15,66,6,17
2020-02-15,68,2,16
2020-02-15,69,1,37
2020-02-15,70,2,24
2020-02-15,71,1,24
2020-02-15,72,1,19
2020-02-15,73,3,12
2020-02-15,77,1,23
2020-02-15,78,2,28
2020-02-15,80,1,27
2020-02-15,81,1,36
2020-02-15,86,2,24
2020-02-15,94,1,28
2020-02-16,7,1,28
2020-02-16,14,1,20
2020-02-16,29,1,21
2020-02-16,30,1,23
2020-02-16,32,1,19
2020-02-16,34,1,14
2020-02-16,35,1,19
2020-02-16,40,1,25
2020-02-16,41,3,14
2020-02-16,43,3,17
2020-02-16,45,3,28
2020-02-16,47,1,14
2020-02-16,48,3,28
2020-02-16,49,1,15
2020-02-16,51,4,24
2020-02-16,52,1,25
2020-02-16,55,2,25
2020-02-16,59,1,8
2020-02-16,62,6,13
2020-02-16,63,6,8
2020-02-16,64,1,34
2020-02-16,66,3,18
2020-02-16,67,1,21
2020-02-16,68,1,30
2020-02-16,69,2,28
2020-02-16,73,1,22
2020-02-17,23,1,26
2020-02-17,24,5,26
2020-02-17,25,5,28
2020-02-17,26,1,23
2020-02-17,27,5,27
2020-02-17,28,4,24
2020-02-17,29,4,30
2020-02-17,30,5,23
2020-02-17,31,2,20
2020-02-17,32,5,29
2020-02-17,33,3,22
2020-02-17,34,1,30
2020-02-17,35,2,29
2020-02-17,36,3,27
2020-02-17,40,1,23
2020-02-17,41,1,21
2020-02-17,42,1,22
2020-02-17,46,2,15
2020-02-17,48,1,27
2020-02-17,50,2,31
2020-02-17,52,1,12
2020-02-17,53,1,21
2020-02-17,54,1,11
2020-02-17,56,2,31
2020-02-17,57,1,32
2020-02-17,58,2,33
2020-02-17,59,2,24
2020-02-17,62,3,23
2020-02-17,63,2,20
2020-02-17,64,10,26
2020-02-17,65,5,26
2020-02-17,66,2,26
2020-02-17,68,6,21
2020-02-17,69,5,25
2020-02-17,70,1,23
2020-02-17,71,2,15
2020-02-17,72,1,34
2020-02-17,73,1,16
2020-02-17,74,2,24
2020-02-17,75,1,21
2020-02-17,78,1,32
2020-02-17,79,2,34
2020-02-17,82,1,23
2020-02-17,83,3,25
2020-02-17,84,1,15
2020-02-17,89,1,18
2020-02-18,12,1,9
2020-02-18,13,1,25
2020-02-18,14,1,30
2020-02-18,22,1,34
2020-02-18,23,3,25
2020-02-18,24,3,30
2020-02-18,25,8,24
2020-02-18,26,2,22
2020-02-18,27,4,33
2020-02-18,28,5,22
2020-02-18,29,5,29
2020-02-18,30,9,24
2020-02-18,31,3,24
2020-02-18,32,2,32
2020-02-18,33,4,28
2020-02-18,34,4,23
2020-02-18,35,1,36
2020-02-18,36,2,24
2020-02-18,43,1,34
2020-02-18,44,1,21
2020-02-18,45,2,26
2020-02-18,47,1,27
2020-02-18,48,2,28
2020-02-18,49,2,24
2020-02-18,50,2,20
2020-02-18,51,1,22
2020-02-18,52,2,31
2020-02-18,53,2,30
2020-02-18,55,1,26
2020-02-18,56,4,15
2020-02-18,57,2,23
2020-02-18,58,3,27
2020-02-18,59,3,29
2020-02-18,60,1,23
2020-02-18,61,5,25
2020-02-18,62,3,28
2020-02-18,63,5,29
2020-02-18,64,7,21
2020-02-18,65,4,25
2020-02-18,66,3,24
2020-02-18,67,4,26
2020-02-18,68,3,30
2020-02-18,69,4,28
2020-02-18,70,3,19
2020-02-18,71,1,13
2020-02-18,72,2,33
2020-02-18,73,1,32
2020-02-18,75,2,24
2020-02-18,79,1,19
2020-02-18,80,2,23
2020-02-18,81,1,16
2020-02-18,82,1,23
2020-02-18,90,1,21
2020-02-19,15,2,22
2020-02-19,16,1,40
2020-02-19,20,1,18
2020-02-19,22,1,34
2020-02-19,23,1,33
2020-02-19,24,4,28
2020-02-19,25,4,30
2020-02-19,26,2,27
2020-02-19,27,5,25
2020-02-19,28,2,30
2020-02-19,29,7,24
2020-02-19,30,6,26
2020-02-19,31,4,21
2020-02-19,32,1,26
2020-02-19,33,4,26
2020-02-19,34,2,27
2020-02-19,35,1,25
2020-02-19,36,1,27
2020-02-19,39,1,22
2020-02-19,40,1,25
2020-02-19,43,2,31
2020-02-19,44,1,38
2020-02-19,45,2,25
2020-02-19,46,2,23
2020-02-19,47,4,28
2020-02-19,49,3,26
2020-02-19,50,2,28
2020-02-19,52,1,33
2020-02-19,53,2,27
2020-02-19,56,4,27
2020-02-19,58,1,30
2020-02-19,60,4,29
2020-02-19,61,1,33
2020-02-19,62,5,25
2020-02-19,63,2,19
2020-02-19,64,4,26
2020-02-19,65,4,28
2020-02-19,66,10,24
2020-02-19,67,6,30
2020-02-19,68,1,26
2020-02-19,69,1,42
2020-02-19,70,1,34
2020-02-19,71,1,13
2020-02-19,72,1,18
2020-02-19,73,2,23
2020-02-19,74,2,26
2020-02-19,75,2,32
2020-02-19,76,1,26
2020-02-19,77,1,23
2020-02-19,78,1,23
2020-02-19,79,2,16
2020-02-19,86,2,25
2020-02-20,14,1,29
2020-02-20,23,6,21
2020-02-20,24,4,24
2020-02-20,25,3,31
2020-02-20,26,2,36
2020-02-20,27,4,29
2020-02-20,28,4,28
2020-02-20,29,7,26
2020-02-20,30,4,28
2020-02-20,31,4,27
2020-02-20,32,4,31
2020-02-20,33,4,26
2020-02-20,34,3,32
2020-02-20,35,2,23
2020-02-20,36,1,30
2020-02-20,37,1,21
2020-02-20,38,1,23
2020-02-20,39,1,25
2020-02-20,40,2,28
2020-02-20,42,3,29
2020-02-20,43,1,26
2020-02-20,44,1,22
2020-02-20,45,2,28
2020-02-20,46,1,26
2020-02-20,47,2,21
2020-02-20,48,1,19
2020-02-20,50,1,21
2020-02-20,51,2,25
2020-02-20,53,1,22
2020-02-20,54,2,21
2020-02-20,55,2,27
2020-02-20,56,2,30
2020-02-20,57,2,35
2020-02-20,58,2,28
2020-02-20,59,2,29
2020-02-20,60,1,43
2020-02-20,61,2,25
2020-02-20,62,1,24
2020-02-20,63,4,24
2020-02-20,64,6,25
2020-02-20,65,2,21
2020-02-20,66,3,26
2020-02-20,67,2,18
2020-02-20,68,5,23
2020-02-20,71,1,25
2020-02-20,72,2,26
2020-02-20,73,1,28
2020-02-20,74,1,28
2020-02-20,75,2,20
2020-02-20,78,1,17
2020-02-20,79,1,18
2020-02-20,81,1,25
2020-02-20,82,1,31
2020-02-21,23,1,39
2020-02-21,24,3,28
2020-02-21,25,3,19
2020-02-21,26,3,38
2020-02-21,27,5,29
2020-02-21,28,1,24
2020-02-21,29,6,25
2020-02-21,30,4,26
2020-02-21,31,2,24
2020-02-21,32,4,22
2020-02-21,33,1,24
2020-02-21,34,2,22
2020-02-21,39,2,28
2020-02-21,40,3,29
2020-02-21,42,1,18
2020-02-21,44,1,14
2020-02-21,45,2,16
2020-02-21,46,2,22
2020-02-21,47,3,28
2020-02-21,48,1,26
2020-02-21,49,1,19
2020-02-21,50,2,22
2020-02-21,51,3,17
2020-02-21,52,1,25
2020-02-21,53,1,25
2020-02-21,54,1,33
2020-02-21,55,3,13
2020-02-21,56,2,16
2020-02-21,57,2,25
2020-02-21,58,5,16
2020-02-21,61,3,28
2020-02-21,62,1,30
2020-02-21,63,4,23
2020-02-21,64,3,22
2020-02-21,65,1,29
2020-02-21,66,3,28
2020-02-21,67,2,22
2020-02-21,68,5,19
2020-02-21,71,1,19
2020-02-21,72,1,25
2020-02-21,73,1,30
2020-02-21,74,2,40
2020-02-21,75,1,34
2020-02-21,76,2,34
2020-02-21,77,2,30
2020-02-21,78,2,34
2020-02-21,79,1,19
2020-02-21,85,1,23
2020-02-21,94,1,22
2020-02-21,95,2,19
2020-02-22,5,1,26
2020-02-22,11,1,16
2020-02-22,23,1,20
2020-02-22,26,1,21
2020-02-22,30,1,38
2020-02-22,33,2,25
2020-02-22,34,1,27
2020-02-22,35,1,17
2020-02-22,36,2,24
2020-02-22,37,2,24
2020-02-22,38,1,11
2020-02-22,40,1,14
2020-02-22,42,1,28
2020-02-22,44,1,26
2020-02-22,46,1,17
2020-02-22,49,3,22
2020-02-22,52,2,29
2020-02-22,56,3,18
2020-02-22,58,1,25
2020-02-22,60,2,18
2020-02-22,62,2,22
2020-02-22,63,3,35
2020-02-22,65,2,25
2020-02-22,67,2,30
2020-02-22,69,1,36
2020-02-22,70,1,37
2020-02-22,72,1,25
2020-02-22,73,1,29
2020-02-22,75,2,29
2020-02-22,76,2,31
2020-02-22,77,1,23
2020-02-22,79,2,19
2020-02-23,6,1,28
2020-02-23,16,1,10
2020-02-23,26,1,17
2020-02-23,29,1,37
2020-02-23,34,2,14
2020-02-23,36,1,32
2020-02-23,38,1,27
2020-02-23,49,1,21
2020-02-23,58,1,26
2020-02-23,69,2,22
2020-02-23,72,1,38
2020-02-23,94,1,23
2020-02-24,24,2,31
2020-02-24,25,3,27
2020-02-24,26,3,29
2020-02-24,28,1,20
2020-02-24,29,1,16
2020-02-24,30,3,27
2020-02-24,31,4,23
2020-02-24,32,4,28
2020-02-24,33,2,30
2020-02-24,34,1,21
2020-02-24,35,1,37
2020-02-24,37,1,28
2020-02-24,38,1,31
2020-02-24,41,1,19
2020-02-24,43,1,24
2020-02-24,49,1,29
2020-02-24,50,2,23
2020-02-24,52,1,27
2020-02-24,53,1,23
2020-02-24,55,2,28
2020-02-24,56,1,39
2020-02-24,58,1,22
2020-02-24,60,1,28
2020-02-24,61,4,24
2020-02-24,63,2,21
2020-02-24,64,2,28
2020-02-24,65,3,28
2020-02-24,66,4,28
2020-02-24,67,1,22
2020-02-24,68,2,24
2020-02-24,71,2,31
2020-02-24,72,1,12
2020-02-24,74,1,26
2020-02-24,76,1,27
2020-02-24,77,1,29
2020-02-25,3,1,25
2020-02-25,20,1,41
2020-02-25,22,1,20
2020-02-25,23,2,29
2020-02-25,24,3,24
2020-02-25,25,4,30
2020-02-25,26,2,33
2020-02-25,27,3,20
2020-02-25,28,5,30
2020-02-25,29,2,25
2020-02-25,30,1,19
2020-02-25,31,4,30
2020-02-25,32,2,31
2020-02-25,33,1,28
2020-02-25,34,3,34
2020-02-25,37,1,19
2020-02-25,38,5,18
2020-02-25,39,1,46
2020-02-25,40,1,31
2020-02-25,42,1,16
2020-02-25,43,2,30
2020-02-25,44,1,16
2020-02-25,45,1,19
2020-02-25,46,2,30
2020-02-25,47,3,25
2020-02-25,48,4,25
2020-02-25,49,2,25
2020-02-25,50,1,19
2020-02-25,52,4,32
2020-02-25,53,1,37
2020-02-25,54,1,34
2020-02-25,55,1,21
2020-02-25,57,4,12
2020-02-25,58,1,27
2020-02-25,59,3,16
2020-02-25,62,2,27
2020-02-25,63,3,23
2020-02-25,64,4,31
2020-02-25,65,4,22
2020-02-25,66,2,26
2020-02-25,67,1,29
2020-02-25,68,3,27
2020-02-25,69,3,22
2020-02-25,70,1,30
2020-02-25,71,1,25
2020-02-25,74,1,22
2020-02-25,75,3,33
2020-02-25,76,1,23
2020-02-25,77,1,31
2020-02-25,80,1,22
2020-02-25,81,1,34
2020-02-25,82,1,28
2020-02-25,86,1,23
2020-02-26,2,1,26
2020-02-26,23,1,20
2020-02-26,24,1,26
2020-02-26,25,2,24
2020-02-26,26,1,31
2020-02-26,27,2,32
2020-02-26,28,1,48
2020-02-26,30,1,26
2020-02-26,32,2,24
2020-02-26,33,1,18
2020-02-26,39,1,39
2020-02-26,41,1,12
2020-02-26,42,1,33
2020-02-26,44,1,42
2020-02-26,50,1,23
2020-02-26,51,2,22
2020-02-26,52,1,24
2020-02-26,55,1,27
2020-02-26,56,2,23
2020-02-26,57,1,33
2020-02-26,58,2,27
2020-02-26,59,1,24
2020-02-26,60,1,17
2020-02-26,61,2,22
2020-02-26,62,2,24
2020-02-26,63,2,26
2020-02-26,66,1,33
2020-02-26,67,3,22
2020-02-26,69,2,30
2020-02-26,71,2,27
2020-02-26,72,1,39
2020-02-26,73,1,17
2020-02-26,75,2,31
2020-02-26,76,1,24
2020-02-26,78,1,42
2020-02-26,89,1,29
2020-02-26,91,1,30
2020-02-27,3,1,39
2020-02-27,5,1,25
2020-02-27,11,1,28
2020-02-27,22,1,19
2020-02-27,23,1,40
2020-02-27,24,1,25
2020-02-27,25,3,26
2020-02-27,26,1,31
2020-02-27,27,2,23
2020-02-27,28,2,25
2020-02-27,29,2,28
2020-02-27,30,1,32
2020-02-27,31,4,27
2020-02-27,32,2,26
2020-02-27,33,2,28
2020-02-27,34,2,35
2020-02-27,37,2,24
2020-02-27,38,1,23
2020-02-27,40,2,18
2020-02-27,44,1,33
2020-02-27,46,1,31
2020-02-27,47,2,18
2020-02-27,48,1,23
2020-02-27,49,1,4
2020-02-27,53,4,18
2020-02-27,56,1,26
2020-02-27,57,3,9
2020-02-27,58,2,27
2020-02-27,64,2,25
2020-02-27,65,3,27
2020-02-27,66,3,29
2020-02-27,70,1,14
2020-02-27,75,2,22
2020-02-27,76,1,30
2020-02-27,78,1,16
2020-02-27,81,2,21
2020-02-28,4,1,27
2020-02-28,24,2,23
2020-02-28,25,1,47
2020-02-28,26,1,20
2020-02-28,29,1,27
2020-02-28,31,1,33
2020-02-28,32,1,18
2020-02-28,33,2,25
2020-02-28,34,3,24
2020-02-28,37,1,27
2020-02-28,38,1,24
2020-02-28,40,1,20
2020-02-28,44,2,23
2020-02-28,45,1,28
2020-02-28,46,1,10
2020-02-28,48,2,23
2020-02-28,50,1,15
2020-02-28,54,1,29
2020-02-28,55,1,30
2020-02-28,57,2,26
2020-02-28,58,2,22
2020-02-28,60,2,26
2020-02-28,61,1,9
2020-02-28,62,3,24
2020-02-28,63,2,22
2020-02-28,65,1,19
2020-02-28,66,1,21
2020-02-28,67,3,13
2020-02-28,69,1,14
2020-02-28,70,2,23
2020-02-28,71,1,37
2020-02-28,76,2,22
2020-02-28,79,1,27
2020-02-28,83,1,35
2020-02-28,92,1,27
2020-02-29,23,1,27
2020-02-29,24,1,26
2020-02-29,28,1,27
2020-02-29,37,2,22
2020-02-29,40,1,15
2020-02-29,41,1,33
2020-02-29,42,2,15
2020-02-29,43,2,20
2020-02-29,44,1,28
2020-02-29,46,1,23
2020-02-29,49,1,29
2020-02-29,52,1,26
2020-02-29,56,1,29
2020-02-29,57,1,18
2020-02-29,59,1,12
2020-02-29,60,1,16
2020-02-29,63,1,20
2020-02-29,66,1,29
2020-02-29,67,2,33
2020-02-29,68,1,24
2020-02-29,70,2,30
2020-02-29,72,1,21
2020-02-29,76,1,34
2020-02-29,77,1,28
2020-02-29,78,3,28
2020-02-29,87,1,26
2020-02-29,92,1,31
2020-03-01,6,1,25
2020-03-01,15,1,16
2020-03-01,24,1,23
2020-03-01,27,1,33
2020-03-01,28,1,40
2020-03-01,31,2,25
2020-03-01,34,1,25
2020-03-01,37,1,31
2020-03-01,38,2,29
2020-03-01,39,3,26
2020-03-01,40,1,5
2020-03-01,42,1,25
2020-03-01,43,2,22
2020-03-01,48,2,28
2020-03-01,49,2,18
2020-03-01,50,1,39
2020-03-01,51,3,27
2020-03-01,52,3,24
2020-03-01,53,3,17
2020-03-01,54,1,33
2020-03-01,58,1,31
2020-03-01,60,4,23
2020-03-01,62,3,24
2020-03-01,64,1,15
2020-03-01,65,3,17
2020-03-01,67,1,33
2020-03-01,68,2,19
2020-03-01,79,1,35
2020-03-01,83,1,43
2020-03-01,88,2,29
2020-03-02,22,1,20
2020-03-02,23,3,32
2020-03-02,24,2,30
2020-03-02,25,2,21
2020-03-02,26,3,31
2020-03-02,27,5,27
2020-03-02,28,2,18
2020-03-02,29,5,30
2020-03-02,30,5,22
2020-03-02,31,6,27
2020-03-02,32,4,29
2020-03-02,33,4,25
2020-03-02,35,1,26
2020-03-02,36,1,17
2020-03-02,39,2,23
2020-03-02,40,1,30
2020-03-02,42,1,32
2020-03-02,43,2,25
2020-03-02,46,1,16
2020-03-02,49,1,26
2020-03-02,50,1,26
2020-03-02,51,1,16
2020-03-02,53,1,21
2020-03-02,56,3,28
2020-03-02,57,1,22
2020-03-02,58,2,35
2020-03-02,59,3,20
2020-03-02,60,1,24
2020-03-02,61,2,20
2020-03-02,63,2,43
2020-03-02,64,6,25
2020-03-02,65,2,29
2020-03-02,66,3,28
2020-03-02,69,1,22
2020-03-02,70,2,24
2020-03-02,72,2,18
2020-03-02,75,1,36
2020-03-02,76,1,33
2020-03-02,78,2,24
2020-03-02,83,2,27
2020-03-02,89,1,39
2020-03-02,91,1,14
2020-03-02,93,1,22
2020-03-02,96,1,28
2020-03-03,9,1,19
2020-03-03,20,1,25
2020-03-03,23,2,26
2020-03-03,24,2,30
2020-03-03,26,1,32
2020-03-03,27,1,31
2020-03-03,28,2,29
2020-03-03,29,8,24
2020-03-03,30,4,27
2020-03-03,31,8,24
2020-03-03,32,2,19
2020-03-03,33,3,26
2020-03-03,34,3,24
2020-03-03,35,2,33
2020-03-03,36,1,19
2020-03-03,37,2,24
2020-03-03,39,2,32
2020-03-03,40,2,33
2020-03-03,41,1,12
2020-03-03,42,1,20
2020-03-03,43,2,28
2020-03-03,45,2,24
2020-03-03,47,3,23
2020-03-03,48,2,35
2020-03-03,49,2,32
2020-03-03,50,2,25
2020-03-03,53,1,25
2020-03-03,54,1,20
2020-03-03,55,1,23
2020-03-03,58,1,41
2020-03-03,59,1,16
2020-03-03,60,2,24
2020-03-03,61,8,25
2020-03-03,62,3,23
2020-03-03,63,2,24
2020-03-03,64,8,23
2020-03-03,65,1,24
2020-03-03,66,6,22
2020-03-03,67,4,26
2020-03-03,68,2,23
2020-03-03,69,3,20
2020-03-03,70,1,40
2020-03-03,71,3,38
2020-03-03,72,2,31
2020-03-03,77,2,25
2020-03-03,78,1,28
2020-03-03,79,1,21
2020-03-03,80,1,29
2020-03-03,82,2,20
2020-03-03,83,1,29
2020-03-03,86,1,9
2020-03-03,90,3,29
2020-03-04,15,1,21
2020-03-04,21,1,16
2020-03-04,23,2,27
2020-03-04,24,3,24
2020-03-04,25,1,34
2020-03-04,26,2,30
2020-03-04,27,2,25
2020-03-04,28,3,28
2020-03-04,29,4,23
2020-03-04,30,3,27
2020-03-04,31,4,25
2020-03-04,32,3,29
2020-03-04,33,2,32
2020-03-04,34,2,21
2020-03-04,35,1,21
2020-03-04,36,1,41
2020-03-04,38,1,26
2020-03-04,39,1,31
2020-03-04,41,3,28
2020-03-04,43,1,14
2020-03-04,44,2,30
2020-03-04,46,1,33
2020-03-04,47,2,27
2020-03-04,48,3,28
2020-03-04,49,1,27
2020-03-04,50,1,21
2020-03-04,52,1,20
2020-03-04,53,3,32
2020-03-04,55,2,22
2020-03-04,57,2,20
2020-03-04,60,3,23
2020-03-04,61,4,17
2020-03-04,62,6,24
2020-03-04,63,2,33
2020-03-04,64,3,34
2020-03-04,65,5,31
2020-03-04,66,8,24
2020-03-04,67,5,28
2020-03-04,68,2,16
2020-03-04,69,4,23
2020-03-04,70,4,29
2020-03-04,71,1,29
2020-03-04,72,2,16
2020-03-04,73,1,23
2020-03-04,74,1,20
2020-03-04,76,2,28
2020-03-04,79,1,23
2020-03-04,84,1,22
2020-03-04,85,1,33
2020-03-04,86,1,22
2020-03-04,96,1,17
2020-03-05,11,1,31
2020-03-05,23,1,34
2020-03-05,24,2,28
2020-03-05,25,2,25
2020-03-05,26,3,30
2020-03-05,27,2,33
2020-03-05,28,6,23
2020-03-05,29,9,24
2020-03-05,30,4,24
2020-03-05,31,8,29
2020-03-05,32,3,38
2020-03-05,33,1,21
2020-03-05,34,3,21
2020-03-05,36,2,23
2020-03-05,37,2,18
2020-03-05,39,2,28
2020-03-05,40,1,29
2020-03-05,44,1,23
2020-03-05,45,1,26
2020-03-05,46,1,27
2020-03-05,47,2,24
2020-03-05,48,1,33
2020-03-05,50,1,19
2020-03-05,51,1,14
2020-03-05,54,1,33
2020-03-05,55,2,27
2020-03-05,56,1,34
2020-03-05,59,1,25
2020-03-05,61,6,31
2020-03-05,63,2,28
2020-03-05,64,2,25
2020-03-05,65,2,20
2020-03-05,66,1,29
2020-03-05,67,2,17
2020-03-05,69,1,35
2020-03-05,70,2,32
2020-03-05,71,2,28
2020-03-05,73,3,31
2020-03-05,74,2,17
2020-03-05,76,3,32
2020-03-05,79,1,27
2020-03-05,83,1,20
2020-03-05,86,2,24
2020-03-05,87,1,28
2020-03-06,13,1,22
2020-03-06,21,1,14
2020-03-06,24,1,27
2020-03-06,25,1,11
2020-03-06,26,3,27
2020-03-06,27,1,19
2020-03-06,28,1,20
2020-03-06,29,2,21
2020-03-06,31,2,19
2020-03-06,32,1,24
2020-03-06,33,1,29
2020-03-06,34,2,33
2020-03-06,37,1,19
2020-03-06,40,1,25
2020-03-06,42,1,31
2020-03-06,43,2,25
2020-03-06,44,1,11
2020-03-06,45,2,32
2020-03-06,47,1,23
2020-03-06,50,2,24
2020-03-06,52,1,19
2020-03-06,55,1,20
2020-03-06,57,1,21
2020-03-06,58,2,23
2020-03-06,59,2,16
2020-03-06,60,2,24
2020-03-06,61,1,37
2020-03-06,62,3,31
2020-03-06,63,2,18
2020-03-06,64,2,28
2020-03-06,65,1,24
2020-03-06,66,5,28
2020-03-06,67,4,22
2020-03-06,68,2,15
2020-03-06,69,2,17
2020-03-06,71,1,24
2020-03-06,72,2,23
2020-03-06,76,2,29
2020-03-06,78,1,21
2020-03-06,82,1,23
2020-03-06,83,1,28
2020-03-06,86,2,19
2020-03-06,87,1,31
2020-03-07,1,1,23
2020-03-07,8,1,14
2020-03-07,10,1,29
2020-03-07,16,1,5
2020-03-07,22,1,26
2020-03-07,32,3,16
2020-03-07,33,1,33
2020-03-07,34,1,29
2020-03-07,36,2,26
2020-03-07,37,3,22
2020-03-07,39,2,24
2020-03-07,40,3,28
2020-03-07,41,5,17
2020-03-07,42,3,21
2020-03-07,43,1,31
2020-03-07,44,2,32
2020-03-07,45,2,19
2020-03-07,46,2,32
2020-03-07,47,2,24
2020-03-07,48,2,26
2020-03-07,49,4,15
2020-03-07,51,4,19
2020-03-07,52,3,33
2020-03-07,53,2,22
2020-03-07,54,3,21
2020-03-07,55,1,33
2020-03-07,56,7,26
2020-03-07,59,2,21
2020-03-07,60,1,32
2020-03-07,61,3,28
2020-03-07,62,1,16
2020-03-07,63,1,7
2020-03-07,64,2,24
2020-03-07,66,1,12
2020-03-07,67,2,29
2020-03-07,68,1,24
2020-03-07,69,1,36
2020-03-07,70,1,35
2020-03-07,72,1,27
2020-03-07,73,1,16
2020-03-07,74,1,23
2020-03-07,75,2,27
2020-03-07,77,1,28
2020-03-07,86,3,16
2020-03-07,91,1,19
2020-03-08,2,1,29
2020-03-08,3,1,19
2020-03-08,7,1,21
2020-03-08,26,1,23
2020-03-08,28,1,29
2020-03-08,30,1,21
2020-03-08,31,1,29
2020-03-08,33,2,27
2020-03-08,34,2,17
2020-03-08,36,1,35
2020-03-08,38,1,34
2020-03-08,41,1,8
2020-03-08,44,1,10
2020-03-08,45,2,24
2020-03-08,46,3,32
2020-03-08,48,1,27
2020-03-08,54,1,19
2020-03-08,58,1,21
2020-03-08,60,1,14
2020-03-08,64,1,23
2020-03-08,65,2,25
2020-03-08,67,1,15
2020-03-08,69,1,21
2020-03-08,70,2,29
2020-03-08,72,2,13
2020-03-08,74,1,23
2020-03-08,76,1,30
2020-03-08,77,3,24
2020-03-08,78,1,33
2020-03-08,79,1,22
2020-03-08,86,1,25
2020-03-09,9,1,20
2020-03-09,22,1,31
2020-03-09,23,2,27
2020-03-09,24,2,32
2020-03-09,25,4,24
2020-03-09,26,1,33
2020-03-09,27,4,30
2020-03-09,28,2,33
2020-03-09,29,5,21
2020-03-09,30,2,27
2020-03-09,31,6,29
2020-03-09,32,3,24
2020-03-09,33,3,26
2020-03-09,34,3,41
2020-03-09,36,3,28
2020-03-09,37,1,15
2020-03-09,38,1,19
2020-03-09,39,2,18
2020-03-09,40,2,29
2020-03-09,41,1,22
2020-03-09,42,1,23
2020-03-09,43,2,31
2020-03-09,46,2,27
2020-03-09,47,4,18
2020-03-09,48,4,24
2020-03-09,53,1,34
2020-03-09,55,5,26
2020-03-09,56,2,30
2020-03-09,59,5,25
2020-03-09,60,6,26
2020-03-09,61,3,29
2020-03-09,62,4,23
2020-03-09,63,4,32
2020-03-09,64,3,25
2020-03-09,65,4,31
2020-03-09,66,7,25
2020-03-09,67,3,26
2020-03-09,68,4,21
2020-03-09,69,3,24
2020-03-09,70,3,29
2020-03-09,71,2,23
2020-03-09,72,2,15
2020-03-09,73,2,39
2020-03-09,74,3,25
2020-03-09,75,1,32
2020-03-09,76,1,38
2020-03-09,77,2,29
2020-03-09,78,2,27
2020-03-09,80,1,26
2020-03-09,81,4,32
2020-03-09,82,2,25
2020-03-09,83,3,28
2020-03-09,88,1,13
2020-03-10,24,1,23
2020-03-10,25,2,17
2020-03-10,26,2,25
2020-03-10,27,1,30
2020-03-10,28,3,27
2020-03-10,29,6,20
2020-03-10,30,3,30
2020-03-10,31,3,32
2020-03-10,32,2,32
2020-03-10,33,2,24
2020-03-10,34,1,45
2020-03-10,35,2,30
2020-03-10,36,1,29
2020-03-10,37,1,24
2020-03-10,40,2,26
2020-03-10,45,1,36
2020-03-10,50,2,23
2020-03-10,52,1,43
2020-03-10,54,1,28
2020-03-10,55,2,14
2020-03-10,56,2,23
2020-03-10,58,2,22
2020-03-10,59,1,32
2020-03-10,60,2,26
2020-03-10,61,2,26
2020-03-10,62,4,28
2020-03-10,63,1,21
2020-03-10,64,3,23
2020-03-10,65,2,30
2020-03-10,66,2,21
2020-03-10,67,3,18
2020-03-10,68,5,22
2020-03-10,69,3,17
2020-03-10,70,2,23
2020-03-10,71,3,21
2020-03-10,72,1,23
2020-03-10,73,1,18
2020-03-10,76,1,17
2020-03-10,77,2,28
2020-03-10,78,2,21
2020-03-10,79,1,23
2020-03-10,82,2,26
2020-03-10,83,1,26
2020-03-10,86,2,23
2020-03-10,87,1,33
2020-03-11,11,1,29
2020-03-11,24,1,28
2020-03-11,25,2,25
2020-03-11,26,1,29
2020-03-11,27,2,44
2020-03-11,28,6,21
2020-03-11,29,3,25
2020-03-11,30,3,21
2020-03-11,31,2,19
2020-03-11,32,2,33
2020-03-11,33,2,31
2020-03-11,34,10,18
2020-03-11,35,6,27
2020-03-11,36,5,17
2020-03-11,39,1,9
2020-03-11,40,10,12
2020-03-11,41,1,35
2020-03-11,42,10,13
2020-03-11,43,2,36
2020-03-11,44,3,26
2020-03-11,45,1,24
2020-03-11,46,2,17
2020-03-11,49,2,40
2020-03-11,50,2,28
2020-03-11,52,1,24
2020-03-11,53,3,23
2020-03-11,54,2,15
2020-03-11,55,1,22
2020-03-11,56,2,34
2020-03-11,57,1,19
2020-03-11,58,2,31
2020-03-11,59,2,22
2020-03-11,60,2,15
2020-03-11,61,5,28
2020-03-11,62,2,26
2020-03-11,63,2,24
2020-03-11,64,4,17
2020-03-11,65,2,29
2020-03-11,66,5,29
2020-03-11,67,1,34
2020-03-11,69,3,27
2020-03-11,70,5,24
2020-03-11,71,1,37
2020-03-11,73,1,24
2020-03-11,74,1,19
2020-03-11,76,1,45
2020-03-11,77,1,21
2020-03-11,79,1,21
2020-03-11,80,1,19
2020-03-11,81,1,27
2020-03-11,86,4,26
2020-03-11,93,2,39
2020-03-12,11,1,26
2020-03-12,21,1,19
2020-03-12,24,2,25
2020-03-12,25,3,24
2020-03-12,26,1,36
2020-03-12,27,2,31
2020-03-12,28,3,28
2020-03-12,29,8,27
2020-03-12,30,4,24
2020-03-12,31,6,27
2020-03-12,32,4,29
2020-03-12,33,2,39
2020-03-12,34,2,27
2020-03-12,35,1,10
2020-03-12,38,3,29
2020-03-12,39,1,20
2020-03-12,40,3,27
2020-03-12,41,1,27
2020-03-12,42,2,28
2020-03-12,43,3,22
2020-03-12,44,5,17
2020-03-12,45,5,23
2020-03-12,46,2,23
2020-03-12,48,1,24
2020-03-12,49,2,14
2020-03-12,52,3,22
2020-03-12,54,2,14
2020-03-12,55,3,22
2020-03-12,56,2,14
2020-03-12,57,3,26
2020-03-12,58,3,24
2020-03-12,59,1,18
2020-03-12,60,2,18
2020-03-12,61,4,27
2020-03-12,62,4,27
2020-03-12,63,1,21
2020-03-12,64,7,28
2020-03-12,65,2,18
2020-03-12,66,9,27
2020-03-12,67,8,25
2020-03-12,68,3,15
2020-03-12,69,2,32
2020-03-12,70,1,16
2020-03-12,72,3,22
2020-03-12,73,2,26
2020-03-12,75,2,28
2020-03-12,76,1,32
2020-03-12,77,2,25
2020-03-12,80,1,30
2020-03-12,83,1,28
2020-03-12,85,3,22
2020-03-12,86,1,36
2020-03-12,96,2,35
2020-03-13,11,1,22
2020-03-13,22,1,23
2020-03-13,23,1,17
2020-03-13,24,1,32
2020-03-13,25,1,12
2020-03-13,26,1,32
2020-03-13,27,5,28
2020-03-13,28,2,34
2020-03-13,29,3,20
2020-03-13,30,6,26
2020-03-13,31,4,27
2020-03-13,32,2,32
2020-03-13,33,2,19
2020-03-13,34,1,36
2020-03-13,35,2,33
2020-03-13,36,1,21
2020-03-13,37,1,19
2020-03-13,38,1,13
2020-03-13,40,2,32
2020-03-13,42,3,19
2020-03-13,43,3,25
2020-03-13,44,2,30
2020-03-13,45,2,23
2020-03-13,46,2,28
2020-03-13,47,1,21
2020-03-13,48,1,33
2020-03-13,49,2,19
2020-03-13,50,3,29
2020-03-13,51,1,23
2020-03-13,52,2,34
2020-03-13,53,1,40
2020-03-13,54,1,34
2020-03-13,55,4,17
2020-03-13,56,1,20
2020-03-13,57,2,29
2020-03-13,59,1,18
2020-03-13,60,2,13
2020-03-13,61,3,19
2020-03-13,62,4,24
2020-03-13,63,1,43
2020-03-13,64,3,26
2020-03-13,65,2,18
2020-03-13,66,10,25
2020-03-13,67,2,29
2020-03-13,68,3,31
2020-03-13,69,3,26
2020-03-13,70,4,20
2020-03-13,71,1,10
2020-03-13,72,2,28
2020-03-13,76,1,23
2020-03-13,77,2,26
2020-03-13,78,4,27
2020-03-13,79,1,32
2020-03-13,81,1,16
2020-03-13,82,1,27
2020-03-13,86,3,20
2020-03-14,1,1,25
2020-03-14,4,1,23
2020-03-14,5,1,17
2020-03-14,13,1,19
2020-03-14,16,1,15
2020-03-14,22,1,10
2020-03-14,28,1,33
2020-03-14,31,1,30
2020-03-14,32,1,28
2020-03-14,34,2,28
2020-03-14,36,1,24
2020-03-14,38,1,13
2020-03-14,39,1,12
2020-03-14,40,3,22
2020-03-14,41,3,20
2020-03-14,42,2,24
2020-03-14,44,2,15
2020-03-14,45,1,23
2020-03-14,47,4,17
2020-03-14,48,2,27
2020-03-14,49,1,6
2020-03-14,50,1,24
2020-03-14,51,2,24
2020-03-14,53,1,17
2020-03-14,54,5,10
2020-03-14,55,5,8
2020-03-14,56,1,13
2020-03-14,57,2,21
2020-03-14,58,4,16
2020-03-14,59,4,22
2020-03-14,62,4,17
2020-03-14,63,1,22
2020-03-14,64,2,19
2020-03-14,65,2,24
2020-03-14,66,1,20
2020-03-14,67,3,32
2020-03-14,68,4,17
2020-03-14,69,3,20
2020-03-14,73,1,21
2020-03-14,75,1,20
2020-03-14,79,2,34
2020-03-14,83,1,20
2020-03-14,84,1,20
2020-03-14,85,2,21
2020-03-14,90,1,19
2020-03-15,20,1,35
2020-03-15,28,1,22
2020-03-15,33,2,29
2020-03-15,36,2,31
2020-03-15,37,2,17
2020-03-15,38,5,21
2020-03-15,39,2,27
2020-03-15,40,5,16
2020-03-15,41,1,12
2020-03-15,42,7,14
2020-03-15,43,6,19
2020-03-15,44,6,15
2020-03-15,45,3,23
2020-03-15,47,2,12
2020-03-15,48,4,28
2020-03-15,49,5,22
2020-03-15,50,1,35
2020-03-15,53,7,13
2020-03-15,54,7,18
2020-03-15,55,4,11
2020-03-15,56,1,8
2020-03-15,57,3,26
2020-03-15,58,5,18
2020-03-15,60,3,24
2020-03-15,61,4,11
2020-03-15,62,8,14
2020-03-15,64,8,16
2020-03-15,65,6,16
2020-03-15,66,1,30
2020-03-15,67,2,22
2020-03-15,68,10,14
2020-03-15,69,1,18
2020-03-15,72,2,22
2020-03-15,73,2,28
2020-03-15,75,1,32
2020-03-15,77,2,33
2020-03-15,78,1,24
2020-03-15,84,1,15
2020-03-16,24,3,38
2020-03-16,25,1,19
2020-03-16,26,1,27
2020-03-16,27,1,32
2020-03-16,28,6,30
2020-03-16,29,2,34
2020-03-16,30,5,26
2020-03-16,31,1,26
2020-03-16,32,1,39
2020-03-16,33,1,25
2020-03-16,34,1,21
2020-03-16,35,3,21
2020-03-16,37,3,22
2020-03-16,38,3,22
2020-03-16,39,2,24
2020-03-16,42,2,27
2020-03-16,43,2,27
2020-03-16,44,4,34
2020-03-16,45,2,26
2020-03-16,46,7,14
2020-03-16,47,1,11
2020-03-16,49,3,25
2020-03-16,50,1,29
2020-03-16,52,2,29
2020-03-16,53,1,33
2020-03-16,54,1,24
2020-03-16,56,5,16
2020-03-16,57,4,27
2020-03-16,59,5,21
2020-03-16,60,4,29
2020-03-16,61,5,24
2020-03-16,62,1,11
2020-03-16,63,1,13
2020-03-16,64,5,13
2020-03-16,65,2,24
2020-03-16,66,4,27
2020-03-16,67,6,14
2020-03-16,68,5,19
2020-03-16,69,3,27
2020-03-16,70,1,24
2020-03-16,71,2,25
2020-03-16,72,1,30
2020-03-16,74,1,35
2020-03-16,75,1,36
2020-03-16,77,2,27
2020-03-16,78,1,25
2020-03-16,86,1,25
2020-03-17,19,1,45
2020-03-17,23,2,31
2020-03-17,24,1,27
2020-03-17,25,2,29
2020-03-17,26,1,27
2020-03-17,27,3,25
2020-03-17,28,3,24
2020-03-17,29,1,26
2020-03-17,30,1,19
2020-03-17,31,1,37
2020-03-17,32,2,43
2020-03-17,33,3,14
2020-03-17,34,1,23
2020-03-17,36,4,28
2020-03-17,37,1,27
2020-03-17,38,4,13
2020-03-17,39,1,22
2020-03-17,40,2,23
2020-03-17,41,3,21
2020-03-17,42,3,15
2020-03-17,43,2,22
2020-03-17,44,3,23
2020-03-17,45,2,26
2020-03-17,46,10,8
2020-03-17,47,1,23
2020-03-17,48,2,23
2020-03-17,49,1,25
2020-03-17,50,3,23
2020-03-17,51,1,25
2020-03-17,52,4,15
2020-03-17,53,2,20
2020-03-17,55,1,31
2020-03-17,56,3,28
2020-03-17,57,4,20
2020-03-17,58,4,21
2020-03-17,59,2,14
2020-03-17,60,7,19
2020-03-17,61,5,22
2020-03-17,62,5,18
2020-03-17,63,11,23
2020-03-17,64,11,22
2020-03-17,65,6,20
2020-03-17,66,8,24
2020-03-17,67,4,22
2020-03-17,68,2,28
2020-03-17,69,7,15
2020-03-17,70,4,25
2020-03-17,71,5,22
2020-03-17,72,9,20
2020-03-17,73,3,21
2020-03-17,75,1,25
2020-03-17,77,2,26
2020-03-17,78,2,32
2020-03-17,79,1,23
2020-03-17,82,1,19
2020-03-18,24,2,28
2020-03-18,25,1,33
2020-03-18,26,1,30
2020-03-18,27,3,29
2020-03-18,28,2,27
2020-03-18,29,1,22
2020-03-18,30,1,25
2020-03-18,31,2,28
2020-03-18,32,1,30
2020-03-18,33,1,33
2020-03-18,34,2,37
2020-03-18,35,1,33
2020-03-18,36,4,13
2020-03-18,37,2,19
2020-03-18,38,5,21
2020-03-18,39,1,12
2020-03-18,40,5,23
2020-03-18,42,2,17
2020-03-18,44,5,19
2020-03-18,45,3,24
2020-03-18,46,2,27
2020-03-18,48,2,23
2020-03-18,49,4,18
2020-03-18,50,3,31
2020-03-18,51,1,27
2020-03-18,52,4,19
2020-03-18,53,6,14
2020-03-18,54,3,12
2020-03-18,55,2,23
2020-03-18,56,9,20
2020-03-18,58,4,25
2020-03-18,59,8,20
2020-03-18,60,15,17
2020-03-18,61,7,15
2020-03-18,62,9,19
2020-03-18,63,10,22
2020-03-18,64,7,19
2020-03-18,65,3,14
2020-03-18,66,8,17
2020-03-18,67,3,27
2020-03-18,68,3,28
2020-03-18,69,9,21
2020-03-18,70,2,22
2020-03-18,71,7,26
2020-03-18,72,6,23
2020-03-18,73,7,28
2020-03-18,74,3,22
2020-03-18,76,6,28
2020-03-18,77,2,28
2020-03-18,78,2,19
2020-03-18,81,1,8
2020-03-18,83,2,28
2020-03-18,86,1,33
2020-03-19,3,1,28
2020-03-19,19,1,24
2020-03-19,21,1,28
2020-03-19,22,1,35
2020-03-19,25,3,21
2020-03-19,26,1,19
2020-03-19,27,1,24
2020-03-19,28,2,21
2020-03-19,29,1,24
2020-03-19,30,4,30
2020-03-19,31,2,21
2020-03-19,32,1,27
2020-03-19,33,1,26
2020-03-19,34,1,25
2020-03-19,35,2,24
2020-03-19,37,1,11
2020-03-19,38,1,23
2020-03-19,39,1,21
2020-03-19,40,1,12
2020-03-19,41,1,11
2020-03-19,42,1,13
2020-03-19,44,7,23
2020-03-19,45,2,28
2020-03-19,46,3,18
2020-03-19,48,3,17
2020-03-19,49,3,16
2020-03-19,50,2,16
2020-03-19,51,1,26
2020-03-19,52,2,28
2020-03-19,53,3,16
2020-03-19,54,5,22
2020-03-19,55,2,27
2020-03-19,56,5,25
2020-03-19,57,7,18
2020-03-19,59,1,28
2020-03-19,60,2,24
2020-03-19,61,2,25
2020-03-19,62,3,30
2020-03-19,63,2,32
2020-03-19,64,6,30
2020-03-19,65,3,14
2020-03-19,66,11,17
2020-03-19,67,6,21
2020-03-19,68,4,18
2020-03-19,69,16,14
2020-03-19,70,2,35
2020-03-19,71,5,28
2020-03-19,72,4,9
2020-03-19,73,4,14
2020-03-19,74,1,18
2020-03-19,75,3,28
2020-03-19,76,6,33
2020-03-19,78,2,26
2020-03-19,79,1,22
2020-03-19,80,1,25
2020-03-19,82,1,28
2020-03-19,84,2,22
2020-03-19,87,1,19
2020-03-20,19,1,22
2020-03-20,25,2,28
2020-03-20,26,3,25
2020-03-20,27,1,41
2020-03-20,28,1,23
2020-03-20,29,1,25
2020-03-20,30,1,29
2020-03-20,31,3,17
2020-03-20,32,2,15
2020-03-20,33,1,20
2020-03-20,35,1,25
2020-03-20,36,3,25
2020-03-20,37,6,22
2020-03-20,38,3,13
2020-03-20,39,3,17
2020-03-20,41,2,18
2020-03-20,42,1,14
2020-03-20,43,3,21
2020-03-20,44,3,33
2020-03-20,45,2,34
2020-03-20,46,2,14
2020-03-20,47,2,19
2020-03-20,48,3,22
2020-03-20,49,2,29
2020-03-20,50,1,14
2020-03-20,51,2,23
2020-03-20,52,3,23
2020-03-20,55,2,11
2020-03-20,56,1,27
2020-03-20,57,5,24
2020-03-20,58,1,29
2020-03-20,59,5,11
2020-03-20,60,2,21
2020-03-20,61,3,27
2020-03-20,62,1,19
2020-03-20,64,1,26
2020-03-20,65,4,23
2020-03-20,66,4,20
2020-03-20,67,2,33
2020-03-20,68,2,27
2020-03-20,69,1,39
2020-03-20,70,1,29
2020-03-20,71,3,13
2020-03-20,74,4,30
2020-03-20,75,1,25
2020-03-20,76,1,26
2020-03-20,77,3,28
2020-03-20,78,1,24
2020-03-20,84,2,22
2020-03-21,28,1,20
2020-03-21,30,2,29
2020-03-21,32,2,38
2020-03-21,37,2,8
2020-03-21,38,3,18
2020-03-21,39,6,17
2020-03-21,40,1,6
2020-03-21,41,4,17
2020-03-21,42,3,24
2020-03-21,43,6,12
2020-03-21,44,7,21
2020-03-21,45,25,10
2020-03-21,46,3,17
2020-03-21,47,7,14
2020-03-21,48,1,15
2020-03-21,49,1,15
2020-03-21,50,5,22
2020-03-21,51,5,20
2020-03-21,52,1,13
2020-03-21,53,1,23
2020-03-21,55,4,18
2020-03-21,56,4,22
2020-03-21,57,4,26
2020-03-21,58,3,17
2020-03-21,59,7,19
2020-03-21,60,2,24
2020-03-21,61,6,11
2020-03-21,62,8,15
2020-03-21,63,2,22
2020-03-21,64,5,20
2020-03-21,65,6,20
2020-03-21,66,4,14
2020-03-21,67,3,21
2020-03-21,68,3,17
2020-03-21,69,1,23
2020-03-21,70,4,19
2020-03-21,71,1,15
2020-03-21,72,1,17
2020-03-21,73,2,18
2020-03-21,74,2,20
2020-03-21,77,3,26
2020-03-21,84,1,19
2020-03-21,89,1,35
2020-03-21,90,1,22
2020-03-22,4,1,27
2020-03-22,20,1,37
2020-03-22,24,1,27
2020-03-22,27,1,21
2020-03-22,31,1,33
2020-03-22,32,1,26
2020-03-22,33,1,24
2020-03-22,34,2,33
2020-03-22,35,6,16
2020-03-22,37,4,22
2020-03-22,38,2,23
2020-03-22,39,1,18
2020-03-22,40,3,28
2020-03-22,41,6,19
2020-03-22,42,2,33
2020-03-22,43,4,22
2020-03-22,44,7,25
2020-03-22,45,6,15
2020-03-22,46,9,16
2020-03-22,47,5,19
2020-03-22,48,2,20
2020-03-22,49,2,14
2020-03-22,50,5,18
2020-03-22,51,2,26
2020-03-22,52,7,19
2020-03-22,53,9,18
2020-03-22,54,6,26
2020-03-22,55,11,24
2020-03-22,56,4,15
2020-03-22,57,8,22
2020-03-22,58,4,16
2020-03-22,59,7,22
2020-03-22,60,6,16
2020-03-22,61,5,26
2020-03-22,62,9,16
2020-03-22,63,5,21
2020-03-22,64,7,21
2020-03-22,65,6,21
2020-03-22,66,6,17
2020-03-22,67,10,25
2020-03-22,68,3,28
2020-03-22,69,2,31
2020-03-22,70,2,13
2020-03-22,71,3,19
2020-03-22,72,3,20
2020-03-22,73,3,23
2020-03-22,74,2,20
2020-03-22,78,1,35
2020-03-22,79,1,26
2020-03-22,83,1,18
2020-03-22,92,1,19
2020-03-23,21,1,37
2020-03-23,25,3,31
2020-03-23,26,1,19
2020-03-23,27,2,16
2020-03-23,28,1,27
2020-03-23,29,1,14
2020-03-23,30,1,33
2020-03-23,31,1,36
2020-03-23,33,4,28
2020-03-23,34,1,22
2020-03-23,35,1,28
2020-03-23,36,1,27
2020-03-23,40,2,33
2020-03-23,42,1,19
2020-03-23,44,3,28
2020-03-23,45,5,18
2020-03-23,46,2,17
2020-03-23,47,5,20
2020-03-23,49,2,14
2020-03-23,50,4,28
2020-03-23,52,4,16
2020-03-23,53,1,29
2020-03-23,55,3,18
2020-03-23,56,1,18
2020-03-23,57,2,8
2020-03-23,58,3,19
2020-03-23,59,5,28
2020-03-23,60,1,22
2020-03-23,61,6,17
2020-03-23,62,4,25
2020-03-23,63,5,21
2020-03-23,64,4,16
2020-03-23,65,2,26
2020-03-23,66,2,19
2020-03-23,67,3,28
2020-03-23,68,2,10
2020-03-23,69,5,15
2020-03-23,70,21,8
2020-03-23,71,7,21
2020-03-23,72,2,26
2020-03-23,73,2,19
2020-03-23,74,3,20
2020-03-23,76,3,24
2020-03-23,77,1,28
2020-03-23,78,2,21
2020-03-23,83,1,34
2020-03-23,91,1,19
2020-03-24,25,1,10
2020-03-24,27,1,17
2020-03-24,66,1,25
2020-03-24,69,1,29
2020-03-26,1,2,29
2020-03-26,26,1,28
2020-03-26,27,1,22
2020-03-26,28,3,27
2020-03-26,29,1,22
2020-03-26,30,1,33
2020-03-26,59,1,35
2020-03-26,85,1,15
2020-03-27,42,1,4
2020-03-27,45,1,13
2020-03-27,46,1,28
2020-03-27,49,1,21
2020-03-27,56,2,9
2020-03-27,57,3,29
2020-03-28,45,1,32
2020-03-28,50,1,27
2020-03-28,51,2,29
2020-03-29,35,1,11
2020-03-29,41,1,17
2020-03-29,42,2,30
2020-03-30,44,1,39
2020-03-31,41,5,18
2020-04-01,58,3,16
2020-04-01,72,1,31
2020-04-02,51,1,27
2020-04-03,28,1,15
2020-04-03,44,1,40
2020-04-03,49,1,20
2020-04-03,54,1,18
2020-04-04,55,1,27
2020-04-04,57,1,14
2020-04-04,58,1,19
2020-04-05,41,1,22
2020-04-05,49,1,15
2020-04-05,57,1,5
2020-04-05,59,2,8
2020-04-05,61,1,16
2020-04-05,83,2,25
2020-04-06,41,1,21
2020-04-06,44,1,11
2020-04-06,53,1,22
2020-04-07,60,1,21
2020-04-07,61,1,27
2020-04-07,65,1,9
2020-04-07,66,1,13
2020-04-07,72,1,33
2020-04-07,74,2,25
2020-04-08,41,1,33
2020-04-08,44,2,17
2020-04-08,49,1,17
2020-04-08,50,1,24
2020-04-08,56,1,16
2020-04-08,58,1,35
2020-04-08,60,1,12
2020-04-08,63,4,24
2020-04-08,66,10,20
2020-04-08,67,9,24
2020-04-08,68,11,17
2020-04-08,69,10,22
2020-04-08,71,1,39
2020-04-08,72,6,25
2020-04-08,73,4,29
2020-04-08,74,2,28
2020-04-08,75,1,42
2020-04-08,76,2,23
2020-04-09,41,3,34
2020-04-09,50,1,18
2020-04-09,60,2,11
2020-04-09,71,1,26
2020-04-09,81,1,19
2020-04-10,41,1,19
2020-04-10,44,2,31
2020-04-11,41,2,28
2020-04-11,45,1,8
2020-04-11,71,2,14
2020-04-12,33,2,20
2020-04-12,41,2,13
2020-04-12,55,4,24
2020-04-12,57,4,20
2020-04-12,58,3,35
2020-04-13,70,2,13
2020-04-14,19,1,27
2020-04-15,41,1,33
2020-04-16,41,3,22
2020-04-17,37,1,9
2020-04-17,38,2,15
2020-04-17,39,4,21
2020-04-17,40,4,23
2020-04-17,41,5,18
2020-04-17,42,4,13
2020-04-17,43,5,25
2020-04-17,44,5,27
2020-04-17,45,1,36
2020-04-17,46,5,20
2020-04-17,47,3,26
2020-04-17,48,6,27
2020-04-17,49,11,18
2020-04-17,50,6,25
2020-04-17,51,8,29
2020-04-17,52,2,11
2020-04-17,53,6,25
2020-04-17,54,6,29
2020-04-17,55,7,21
2020-04-17,56,10,21
2020-04-17,57,20,23
2020-04-17,58,10,19
2020-04-17,59,12,20
2020-04-17,60,8,21
2020-04-17,61,7,19
2020-04-17,62,13,24
2020-04-17,63,11,19
2020-04-17,64,13,21
2020-04-17,65,11,20
2020-04-17,66,6,21
2020-04-17,67,14,20
2020-04-17,68,6,24
2020-04-17,69,8,22
2020-04-17,70,6,19
2020-04-17,71,3,27
2020-04-17,72,4,26
2020-04-17,73,2,28
2020-04-17,74,5,21
2020-04-17,75,4,22
2020-04-17,76,5,26
2020-04-17,77,2,19
2020-04-17,79,2,20
2020-04-17,80,2,30
2020-04-17,81,1,28
2020-04-17,82,1,13
2020-04-17,83,1,32
2020-04-17,84,4,14
2020-04-17,86,1,18
2020-04-17,92,1,19
2020-04-17,93,1,34
2020-04-17,95,1,23
2020-04-18,11,1,28
2020-04-18,18,1,18
2020-04-18,19,1,35
2020-04-18,21,1,11
2020-04-18,22,1,42
2020-04-18,24,2,20
2020-04-18,25,1,24
2020-04-18,26,1,28
2020-04-18,29,1,16
2020-04-18,31,2,17
2020-04-18,33,1,11
2020-04-18,34,1,27
2020-04-18,35,1,24
2020-04-18,36,4,18
2020-04-18,37,2,17
2020-04-18,40,6,18
2020-04-18,41,1,17
2020-04-18,44,1,9
2020-04-18,47,2,23
2020-04-18,48,3,18
2020-04-18,50,1,14
2020-04-18,51,2,26
2020-04-18,52,2,23
2020-04-18,53,3,17
2020-04-18,54,1,29
2020-04-18,55,3,26
2020-04-18,56,4,20
2020-04-18,57,1,37
2020-04-18,58,5,16
2020-04-18,59,3,16
2020-04-18,60,2,17
2020-04-18,61,7,25
2020-04-18,63,10,16
2020-04-18,64,8,15
2020-04-18,65,9,25
2020-04-18,66,5,20
2020-04-18,67,3,18
2020-04-18,68,3,24
2020-04-18,69,6,24
2020-04-18,70,6,18
2020-04-18,71,2,17
2020-04-18,72,4,19
2020-04-18,73,2,27
2020-04-18,74,7,27
2020-04-18,76,2,23
2020-04-18,77,5,28
2020-04-18,78,3,27
2020-04-18,79,1,29
2020-04-18,83,1,27
2020-04-18,94,1,35
2020-04-18,95,1,28
2020-04-19,11,1,29
2020-04-19,19,1,17
2020-04-19,23,2,27
2020-04-19,26,1,34
2020-04-19,27,2,25
2020-04-19,28,2,23
2020-04-19,29,4,17
2020-04-19,30,1,15
2020-04-19,31,3,20
2020-04-19,32,2,8
2020-04-19,33,10,17
2020-04-19,34,11,25
2020-04-19,35,8,20
2020-04-19,36,7,20
2020-04-19,37,4,17
2020-04-19,38,5,22
2020-04-19,39,1,31
2020-04-19,40,9,20
2020-04-19,41,6,26
2020-04-19,42,7,23
2020-04-19,43,1,8
2020-04-19,44,11,20
2020-04-19,45,3,22
2020-04-19,46,2,23
2020-04-19,47,9,18
2020-04-19,48,6,21
2020-04-19,49,12,23
2020-04-19,50,4,25
2020-04-19,51,8,22
2020-04-19,52,4,27
2020-04-19,53,10,19
2020-04-19,54,11,18
2020-04-19,55,7,24
2020-04-19,56,10,22
2020-04-19,57,8,17
2020-04-19,58,11,17
2020-04-19,59,14,19
2020-04-19,60,6,22
2020-04-19,61,20,16
2020-04-19,62,10,16
2020-04-19,63,14,20
2020-04-19,64,3,21
2020-04-19,65,8,21
2020-04-19,66,11,18
2020-04-19,67,15,17
2020-04-19,68,3,13
2020-04-19,69,5,17
2020-04-19,70,4,19
2020-04-19,71,3,12
2020-04-19,72,5,24
2020-04-19,73,2,28
2020-04-19,74,1,24
2020-04-19,75,3,33
2020-04-19,76,4,29
2020-04-19,77,2,22
2020-04-19,78,1,21
2020-04-19,81,1,33
2020-04-19,82,1,17
2020-04-19,89,1,17
2020-04-19,91,1,39
2020-04-19,94,1,30
2020-04-20,16,1,22
2020-04-20,20,1,45
2020-04-20,21,2,36
2020-04-20,22,6,29
2020-04-20,23,2,18
2020-04-20,24,2,27
2020-04-20,25,1,24
2020-04-20,26,3,32
2020-04-20,27,2,25
2020-04-20,28,3,26
2020-04-20,29,3,23
2020-04-20,30,1,10
2020-04-20,31,3,27
2020-04-20,32,2,19
2020-04-20,33,1,21
2020-04-20,34,1,22
2020-04-20,35,1,22
2020-04-20,36,1,27
2020-04-20,37,2,19
2020-04-20,38,4,23
2020-04-20,39,4,20
2020-04-20,40,4,26
2020-04-20,41,2,11
2020-04-20,42,3,26
2020-04-20,44,4,24
2020-04-20,45,4,17
2020-04-20,46,1,22
2020-04-20,47,4,17
2020-04-20,48,7,19
2020-04-20,49,5,20
2020-04-20,50,7,26
2020-04-20,51,6,34
2020-04-20,52,2,31
2020-04-20,53,4,15
2020-04-20,54,5,30
2020-04-20,55,6,15
2020-04-20,56,3,21
2020-04-20,57,3,24
2020-04-20,58,5,22
2020-04-20,59,6,26
2020-04-20,60,9,20
2020-04-20,61,8,24
2020-04-20,62,7,24
2020-04-20,63,9,24
2020-04-20,64,8,18
2020-04-20,65,9,23
2020-04-20,66,14,22
2020-04-20,67,5,18
2020-04-20,68,7,22
2020-04-20,69,3,30
2020-04-20,70,12,20
2020-04-20,71,14,14
2020-04-20,72,2,16
2020-04-20,73,11,22
2020-04-20,74,2,23
2020-04-20,75,2,33
2020-04-20,76,6,21
2020-04-20,77,2,23
2020-04-20,78,1,26
2020-04-20,80,2,34
2020-04-20,86,1,22
2020-04-20,87,1,19
2020-04-20,90,1,40
2020-04-21,16,1,39
2020-04-21,19,2,32
2020-04-21,20,2,24
2020-04-21,21,4,28
2020-04-21,23,2,25
2020-04-21,24,3,27
2020-04-21,25,1,36
2020-04-21,26,3,29
2020-04-21,27,2,29
2020-04-21,28,4,27
2020-04-21,29,1,21
2020-04-21,30,1,13
2020-04-21,31,4,31
2020-04-21,32,4,21
2020-04-21,33,1,29
2020-04-21,34,2,20
2020-04-21,35,6,22
2020-04-21,36,6,23
2020-04-21,37,2,19
2020-04-21,38,5,14
2020-04-21,39,1,24
2020-04-21,40,6,15
2020-04-21,41,4,26
2020-04-21,43,6,26
2020-04-21,44,4,25
2020-04-21,45,4,17
2020-04-21,46,3,25
2020-04-21,47,1,40
2020-04-21,48,5,28
2020-04-21,49,2,28
2020-04-21,50,2,16
2020-04-21,51,2,23
2020-04-21,52,4,25
2020-04-21,53,3,23
2020-04-21,54,1,26
2020-04-21,55,10,27
2020-04-21,56,9,20
2020-04-21,57,8,28
2020-04-21,58,2,28
2020-04-21,59,9,17
2020-04-21,60,10,20
2020-04-21,61,16,20
2020-04-21,62,15,15
2020-04-21,63,12,25
2020-04-21,64,10,21
2020-04-21,65,13,22
2020-04-21,66,11,18
2020-04-21,67,8,13
2020-04-21,68,14,22
2020-04-21,69,14,17
2020-04-21,70,9,20
2020-04-21,71,7,24
2020-04-21,72,6,19
2020-04-21,73,3,20
2020-04-21,74,1,12
2020-04-21,75,1,16
2020-04-21,76,3,28
2020-04-21,77,3,19
2020-04-21,78,2,21
2020-04-21,79,1,20
2020-04-21,80,1,31
2020-04-21,82,1,12
2020-04-21,85,2,29
2020-04-21,89,1,34
2020-04-21,90,1,39
2020-04-21,92,1,33
2020-04-22,15,1,24
2020-04-22,17,1,11
2020-04-22,19,2,30
2020-04-22,20,1,22
2020-04-22,21,3,27
2020-04-22,22,2,34
2020-04-22,23,2,27
2020-04-22,24,4,18
2020-04-22,25,4,21
2020-04-22,27,1,16
2020-04-22,28,7,27
2020-04-22,29,4,21
2020-04-22,30,3,28
2020-04-22,31,2,16
2020-04-22,33,4,10
2020-04-22,34,4,28
2020-04-22,36,10,21
2020-04-22,37,2,27
2020-04-22,38,5,16
2020-04-22,39,2,26
2020-04-22,40,4,36
2020-04-22,42,2,34
2020-04-22,43,5,24
2020-04-22,44,7,21
2020-04-22,45,5,15
2020-04-22,46,2,23
2020-04-22,47,3,21
2020-04-22,48,1,24
2020-04-22,49,4,25
2020-04-22,50,9,19
2020-04-22,51,13,15
2020-04-22,52,6,21
2020-04-22,53,8,21
2020-04-22,54,10,24
2020-04-22,55,5,18
2020-04-22,56,11,18
2020-04-22,57,10,19
2020-04-22,58,9,19
2020-04-22,59,6,21
2020-04-22,60,11,17
2020-04-22,61,8,20
2020-04-22,62,11,23
2020-04-22,63,9,18
2020-04-22,64,7,14
2020-04-22,65,16,21
2020-04-22,66,9,22
2020-04-22,67,10,24
2020-04-22,68,6,22
2020-04-22,69,10,22
2020-04-22,70,7,20
2020-04-22,71,11,25
2020-04-22,72,7,14
2020-04-22,73,7,21
2020-04-22,74,9,16
2020-04-22,75,6,17
2020-04-22,76,3,17
2020-04-22,77,5,21
2020-04-22,79,1,27
2020-04-22,80,1,26
2020-04-22,82,5,10
2020-04-22,83,1,20
2020-04-22,84,1,25
2020-04-22,85,2,20
2020-04-22,89,1,33
2020-04-22,94,1,32
2020-04-23,3,2,22
2020-04-23,11,1,26
2020-04-23,16,2,21
2020-04-23,19,1,36
2020-04-23,20,3,33
2020-04-23,21,4,28
2020-04-23,22,4,31
2020-04-23,24,3,26
2020-04-23,25,4,32
2020-04-23,26,4,21
2020-04-23,27,4,31
2020-04-23,28,2,22
2020-04-23,29,2,20
2020-04-23,30,4,15
2020-04-23,32,2,26
2020-04-23,34,2,27
2020-04-23,35,8,21
2020-04-23,36,2,19
2020-04-23,37,1,12
2020-04-23,38,7,24
2020-04-23,39,5,18
2020-04-23,40,3,24
2020-04-23,41,4,21
2020-04-23,42,2,32
2020-04-23,43,1,35
2020-04-23,44,9,21
2020-04-23,45,7,27
2020-04-23,47,6,19
2020-04-23,48,4,30
2020-04-23,49,4,22
2020-04-23,50,7,25
2020-04-23,51,10,22
2020-04-23,52,4,21
2020-04-23,53,8,15
2020-04-23,54,7,23
2020-04-23,55,6,21
2020-04-23,56,7,29
2020-04-23,57,8,26
2020-04-23,58,7,28
2020-04-23,59,9,14
2020-04-23,60,11,20
2020-04-23,61,18,18
2020-04-23,62,20,22
2020-04-23,63,16,21
2020-04-23,64,13,21
2020-04-23,65,20,22
2020-04-23,66,14,19
2020-04-23,67,4,15
2020-04-23,68,8,20
2020-04-23,69,10,20
2020-04-23,70,12,19
2020-04-23,71,11,20
2020-04-23,72,4,25
2020-04-23,73,10,21
2020-04-23,74,5,15
2020-04-23,75,1,19
2020-04-23,76,2,12
2020-04-23,77,4,23
2020-04-23,78,2,13
2020-04-23,79,4,23
2020-04-23,82,3,15
2020-04-23,83,1,29
2020-04-23,85,1,24
2020-04-23,87,2,8
2020-04-23,91,1,33
2020-04-23,94,2,25
2020-04-24,11,1,26
2020-04-24,15,1,25
2020-04-24,17,1,23
2020-04-24,19,1,20
2020-04-24,20,3,30
2020-04-24,21,3,27
2020-04-24,22,6,25
2020-04-24,24,4,20
2020-04-24,25,1,23
2020-04-24,26,2,17
2020-04-24,27,2,28
2020-04-24,28,4,23
2020-04-24,29,2,25
2020-04-24,30,2,22
2020-04-24,31,2,23
2020-04-24,32,4,22
2020-04-24,33,4,22
2020-04-24,34,3,23
2020-04-24,35,2,37
2020-04-24,36,4,17
2020-04-24,37,2,13
2020-04-24,38,3,22
2020-04-24,39,1,25
2020-04-24,40,5,20
2020-04-24,41,1,6
2020-04-24,43,5,28
2020-04-24,44,2,26
2020-04-24,45,7,19
2020-04-24,46,2,35
2020-04-24,47,4,26
2020-04-24,48,3,30
2020-04-24,49,4,31
2020-04-24,50,1,31
2020-04-24,51,6,23
2020-04-24,52,7,22
2020-04-24,53,4,24
2020-04-24,54,10,26
2020-04-24,55,10,19
2020-04-24,56,6,24
2020-04-24,57,11,23
2020-04-24,58,16,18
2020-04-24,59,11,25
2020-04-24,60,14,22
2020-04-24,61,10,24
2020-04-24,62,10,19
2020-04-24,63,11,22
2020-04-24,64,16,23
2020-04-24,65,10,19
2020-04-24,66,11,21
2020-04-24,67,10,19
2020-04-24,68,7,25
2020-04-24,69,12,26
2020-04-24,70,4,21
2020-04-24,71,8,27
2020-04-24,72,3,18
2020-04-24,73,7,21
2020-04-24,74,4,26
2020-04-24,75,9,20
2020-04-24,76,6,24
2020-04-24,77,2,24
2020-04-24,78,3,21
2020-04-24,79,1,32
2020-04-24,81,1,21
2020-04-24,89,3,12
2020-04-24,90,1,38
2020-04-24,94,2,27
2020-04-24,95,2,31
2020-04-25,1,1,28
2020-04-25,11,1,25
2020-04-25,17,1,12
2020-04-25,20,3,18
2020-04-25,21,1,47
2020-04-25,23,1,24
2020-04-25,24,2,30
2020-04-25,26,2,27
2020-04-25,28,2,18
2020-04-25,29,2,17
2020-04-25,31,3,20
2020-04-25,32,3,25
2020-04-25,33,3,28
2020-04-25,34,5,30
2020-04-25,35,6,20
2020-04-25,36,4,18
2020-04-25,37,1,42
2020-04-25,38,1,39
2020-04-25,40,6,17
2020-04-25,41,3,23
2020-04-25,42,6,19
2020-04-25,43,7,19
2020-04-25,44,7,34
2020-04-25,45,5,32
2020-04-25,46,6,27
2020-04-25,47,8,19
2020-04-25,48,13,20
2020-04-25,49,9,26
2020-04-25,50,3,21
2020-04-25,51,6,25
2020-04-25,52,6,27
2020-04-25,53,11,16
2020-04-25,54,8,20
2020-04-25,55,17,15
2020-04-25,56,10,17
2020-04-25,57,13,22
2020-04-25,58,14,22
2020-04-25,59,13,17
2020-04-25,60,10,22
2020-04-25,61,16,20
2020-04-25,62,10,21
2020-04-25,63,11,19
2020-04-25,64,13,16
2020-04-25,65,16,19
2020-04-25,66,19,23
2020-04-25,67,10,17
2020-04-25,68,14,18
2020-04-25,69,8,22
2020-04-25,70,17,25
2020-04-25,71,4,20
2020-04-25,72,7,28
2020-04-25,73,4,15
2020-04-25,74,3,17
2020-04-25,75,5,24
2020-04-25,76,2,30
2020-04-25,77,1,16
2020-04-25,78,1,17
2020-04-25,81,2,13
2020-04-25,83,2,18
2020-04-25,90,1,30
2020-04-26,5,1,23
2020-04-26,9,1,22
2020-04-26,11,1,26
2020-04-26,19,1,19
2020-04-26,20,1,25
2020-04-26,22,1,15
2020-04-26,23,1,18
2020-04-26,25,2,22
2020-04-26,27,1,32
2020-04-26,28,2,11
2020-04-26,29,4,22
2020-04-26,31,1,23
2020-04-26,32,4,20
2020-04-26,33,5,14
2020-04-26,34,2,18
2020-04-26,35,5,26
2020-04-26,36,10,26
2020-04-26,37,5,15
2020-04-26,38,7,18
2020-04-26,39,7,22
2020-04-26,40,2,14
2020-04-26,41,11,17
2020-04-26,42,14,23
2020-04-26,43,11,23
2020-04-26,44,5,19
2020-04-26,45,7,15
2020-04-26,46,4,11
2020-04-26,47,13,21
2020-04-26,48,13,25
2020-04-26,49,7,23
2020-04-26,50,4,20
2020-04-26,51,5,13
2020-04-26,52,16,17
2020-04-26,53,14,23
2020-04-26,54,16,22
2020-04-26,55,13,22
2020-04-26,56,11,15
2020-04-26,57,16,17
2020-04-26,58,18,21
2020-04-26,59,23,17
2020-04-26,60,13,17
2020-04-26,61,17,17
2020-04-26,62,21,18
2020-04-26,63,11,14
2020-04-26,64,21,21
2020-04-26,65,11,21
2020-04-26,66,17,21
2020-04-26,67,9,23
2020-04-26,68,11,26
2020-04-26,69,15,21
2020-04-26,70,15,19
2020-04-26,71,7,24
2020-04-26,72,7,16
2020-04-26,73,5,26
2020-04-26,74,5,20
2020-04-26,75,8,23
2020-04-26,76,1,13
2020-04-26,77,4,19
2020-04-26,78,1,26
2020-04-26,79,3,24
2020-04-26,80,1,16
2020-04-26,85,2,22
2020-04-26,86,1,27
2020-04-26,87,2,19
2020-04-26,90,1,16
2020-04-26,92,1,4
2020-04-27,1,1,19
2020-04-27,15,1,25
2020-04-27,18,1,30
2020-04-27,19,1,25
2020-04-27,20,2,31
2020-04-27,21,2,20
2020-05-06,18,2,23
2020-05-06,20,5,27
2020-05-06,22,3,24
2020-05-06,23,3,22
2020-05-06,24,10,29
2020-05-06,25,2,16
2020-05-06,26,1,30
2020-05-06,27,2,11
2020-05-06,28,3,22
2020-05-06,29,3,27
2020-05-06,30,4,23
2020-05-06,31,2,28
2020-05-06,32,5,23
2020-05-06,33,5,28
2020-05-06,34,1,25
2020-05-06,35,3,22
2020-05-06,36,3,27
2020-05-06,37,3,20
2020-05-06,38,3,16
2020-05-06,39,1,21
2020-05-06,40,3,22
2020-05-06,41,1,33
2020-05-06,42,6,26
2020-05-06,43,3,23
2020-05-06,44,5,21
2020-05-06,45,2,26
2020-05-06,46,1,28
2020-05-06,47,5,30
2020-05-06,48,4,22
2020-05-06,49,4,29
2020-05-06,50,3,23
2020-05-06,51,4,17
2020-05-06,52,6,22
2020-05-06,53,7,27
2020-05-06,54,9,20
2020-05-06,55,5,24
2020-05-06,56,12,21
2020-05-06,57,12,23
2020-05-06,58,13,25
2020-05-06,59,9,28
2020-05-06,60,12,19
2020-05-06,61,8,22
2020-05-06,62,13,26
2020-05-06,63,14,15
2020-05-06,64,8,16
2020-05-06,65,10,17
2020-05-06,66,16,20
2020-05-06,67,24,21
2020-05-06,68,12,27
2020-05-06,69,4,20
2020-05-06,70,6,24
2020-05-06,71,5,16
2020-05-06,72,9,23
2020-05-06,73,6,22
2020-05-06,74,5,25
2020-05-06,75,2,23
2020-05-06,76,6,20
2020-05-06,77,4,21
2020-05-06,78,2,27
2020-05-06,79,9,22
2020-05-06,80,2,24
2020-05-06,81,2,14
2020-05-06,82,2,16
2020-05-06,83,1,20
2020-05-06,84,2,29
2020-05-06,85,1,26
2020-05-06,88,1,19
2020-05-07,6,1,28
2020-05-07,15,1,26
2020-05-07,17,1,31
2020-05-07,19,2,24
2020-05-07,21,2,20
2020-05-07,22,4,30
2020-05-07,23,5,24
2020-05-07,24,5,18
2020-05-07,25,6,24
2020-05-07,26,4,25
2020-05-07,27,8,25
2020-05-07,28,5,27
2020-05-07,29,3,29
2020-05-07,30,4,22
2020-05-07,32,2,26
2020-05-07,33,1,38
2020-05-07,34,3,25
2020-05-07,35,4,25
2020-05-07,36,2,30
2020-05-07,37,3,19
2020-05-07,38,1,8
2020-05-07,39,3,25
2020-05-07,40,3,21
2020-05-07,41,5,30
2020-05-07,42,2,24
2020-05-07,43,4,26
2020-05-07,44,3,25
2020-05-07,45,1,33
2020-05-07,46,4,19
2020-05-07,47,3,26
2020-05-07,48,4,29
2020-05-07,49,6,26
2020-05-07,50,6,14
2020-05-07,51,7,18
2020-05-07,52,8,21
2020-05-07,53,9,20
2020-05-07,54,10,18
2020-05-07,55,9,23
2020-05-07,56,12,20
2020-05-07,57,14,21
2020-05-07,58,10,23
2020-05-07,59,10,20
2020-05-07,60,9,19
2020-05-07,61,13,20
2020-05-07,62,16,24
2020-05-07,63,15,20
2020-05-07,64,23,17
2020-05-07,65,5,31
2020-05-07,66,10,18
2020-05-07,67,8,18
2020-05-07,68,13,18
2020-05-07,69,5,27
2020-05-07,70,12,24
2020-05-07,71,18,19
2020-05-07,72,7,21
2020-05-07,73,4,22
2020-05-07,74,8,24
2020-05-07,75,6,18
2020-05-07,76,3,22
2020-05-07,78,3,16
2020-05-07,79,2,18
2020-05-07,80,2,19
2020-05-07,81,3,27
2020-05-07,82,1,15
2020-05-07,83,1,37
2020-05-07,84,1,27
2020-05-07,92,1,30
2020-05-07,94,3,19
2020-05-08,15,1,24
2020-05-08,20,1,32
2020-05-08,21,3,26
2020-05-08,22,3,33
2020-05-08,23,3,32
2020-05-08,24,4,27
2020-05-08,25,5,26
2020-05-08,27,3,23
2020-05-08,28,4,29
2020-05-08,29,2,22
2020-05-08,30,2,20
2020-05-08,31,3,22
2020-05-08,32,6,20
2020-05-08,33,4,20
2020-05-08,34,1,27
2020-05-08,35,1,18
2020-05-08,36,4,27
2020-05-08,37,4,18
2020-05-08,38,2,27
2020-05-08,39,5,26
2020-05-08,40,6,23
2020-05-08,41,3,25
2020-05-08,42,2,13
2020-05-08,43,3,29
2020-05-08,44,2,27
2020-05-08,45,6,18
2020-05-08,46,2,20
2020-05-08,47,4,24
2020-05-08,48,2,26
2020-05-08,49,10,21
2020-05-08,50,10,20
2020-05-08,51,4,22
2020-05-08,52,3,11
2020-05-08,53,10,19
2020-05-08,54,10,21
2020-05-08,55,10,21
2020-05-08,56,10,19
2020-05-08,57,9,22
2020-05-08,58,2,27
2020-05-08,59,17,20
2020-05-08,60,13,22
2020-05-08,61,19,19
2020-05-08,62,17,22
2020-05-08,63,10,23
2020-05-08,64,10,23
2020-05-08,65,12,22
2020-05-08,66,9,25
2020-05-08,67,10,17
2020-05-08,68,8,20
2020-05-08,69,3,24
2020-05-08,70,5,21
2020-05-08,71,7,21
2020-05-08,72,5,26
2020-05-08,73,9,32
2020-05-08,74,9,19
2020-05-08,75,4,17
2020-05-08,76,6,22
2020-05-08,77,5,25
2020-05-08,79,3,9
2020-05-08,80,2,15
2020-05-08,81,3,24
2020-05-08,82,1,20
2020-05-08,83,1,19
2020-05-08,84,1,20
2020-05-08,85,2,13
2020-05-08,87,1,12
2020-05-08,88,1,10
2020-05-08,90,1,33
2020-05-08,91,1,27
2020-05-08,93,2,23
2020-05-08,95,1,15
2020-05-08,96,1,20
2020-05-09,2,1,38
2020-05-09,19,1,31
2020-05-09,25,1,25
2020-05-09,26,2,32
2020-05-09,28,2,25
2020-05-09,29,2,17
2020-05-09,30,1,20
2020-05-09,31,1,14
2020-05-09,32,2,23
2020-05-09,33,2,20
2020-05-09,34,3,19
2020-05-09,35,5,28
2020-05-09,36,6,23
2020-05-09,37,7,31
2020-05-09,38,6,29
2020-05-09,39,6,26
2020-05-09,40,6,22
2020-05-09,41,8,22
2020-05-09,42,5,19
2020-05-09,43,6,20
2020-05-09,44,11,21
2020-05-09,45,18,24
2020-05-09,46,10,18
2020-05-09,47,13,22
2020-05-09,48,8,19
2020-05-09,49,14,18
2020-05-09,50,9,25
2020-05-09,51,5,25
2020-05-09,52,15,16
2020-05-09,53,13,19
2020-05-09,54,4,26
2020-05-09,55,23,19
2020-05-09,56,15,15
2020-05-09,57,14,16
2020-05-09,58,18,17
2020-05-09,59,11,23
2020-05-09,60,11,23
2020-05-09,61,13,21
2020-05-09,62,21,14
2020-05-09,63,16,19
2020-05-09,64,24,20
2020-05-09,65,18,22
2020-05-09,66,10,15
2020-05-09,67,16,20
2020-05-09,68,16,20
2020-05-09,69,15,15
2020-05-09,70,9,26
2020-05-09,71,9,21
2020-05-09,72,10,18
2020-05-09,73,6,23
2020-05-09,74,18,24
2020-05-09,75,3,30
2020-05-09,76,9,21
2020-05-09,77,1,11
2020-05-09,78,1,35
2020-05-09,79,7,23
2020-05-09,80,4,30
2020-05-09,81,3,26
2020-05-09,82,2,21
2020-05-09,83,1,28
2020-05-09,84,1,15
2020-05-09,85,3,19
2020-05-09,86,2,18
2020-05-09,88,2,24
2020-05-09,90,3,28
2020-05-09,91,1,21
2020-05-09,92,1,29
2020-05-09,93,1,34
2020-05-09,94,1,15
2020-05-09,96,2,28
2020-05-10,14,1,34
2020-05-10,16,2,30
2020-05-10,18,1,26
2020-05-10,23,1,14
2020-05-10,25,1,31
2020-05-10,26,2,21
2020-05-10,28,1,23
2020-05-10,30,3,16
2020-05-10,31,1,19
2020-05-10,33,3,25
2020-05-10,34,4,33
2020-05-10,35,1,6
2020-05-10,36,4,31
2020-05-10,37,5,22
2020-05-10,38,1,15
2020-05-10,39,4,22
2020-05-10,40,2,24
2020-05-10,41,5,17
2020-05-10,42,3,18
2020-05-10,43,6,17
2020-05-10,44,6,18
2020-05-10,45,4,24
2020-05-10,46,3,28
2020-05-10,47,8,20
2020-05-10,48,4,22
2020-05-10,49,3,12
2020-05-10,50,10,24
2020-05-10,51,4,20
2020-05-10,52,6,16
2020-05-10,53,4,25
2020-05-10,54,11,13
2020-05-10,55,1,20
2020-05-10,56,8,31
2020-05-10,57,5,22
2020-05-10,58,8,18
2020-05-10,59,6,16
2020-05-10,60,7,16
2020-05-10,61,5,19
2020-05-10,62,4,26
2020-05-10,63,3,21
2020-05-10,64,2,27
2020-05-10,65,5,21
2020-05-10,66,4,30
2020-05-10,67,8,19
2020-05-10,68,1,34
2020-05-10,69,4,22
2020-05-10,72,4,17
2020-05-10,73,1,20
2020-05-10,75,1,33
2020-05-10,76,2,26
2020-05-10,78,1,34
2020-05-10,79,1,29
2020-05-10,80,3,37
2020-05-10,81,1,29
2020-05-10,82,1,31
2020-05-11,15,1,12
2020-05-11,17,1,31
2020-05-11,19,1,22
2020-05-11,20,2,28
2020-05-11,21,2,15
2020-05-11,22,2,34
2020-05-11,23,2,21
2020-05-11,24,2,28
2020-05-11,25,5,27
2020-05-11,26,2,23
2020-05-11,27,5,26
2020-05-11,28,2,31
2020-05-11,29,2,38
2020-05-11,30,3,23
2020-05-11,31,1,27
2020-05-11,32,3,24
2020-05-11,33,3,26
2020-05-11,35,3,31
2020-05-11,36,3,30
2020-05-11,38,3,17
2020-05-11,39,1,39
2020-05-11,40,3,20
2020-05-11,41,1,23
2020-05-11,42,5,17
2020-05-11,43,1,24
2020-05-11,44,1,25
2020-05-11,45,1,21
2020-05-11,46,2,31
2020-05-11,47,1,18
2020-05-11,48,2,13
2020-05-11,49,5,20
2020-05-11,50,7,21
2020-05-11,51,5,25
2020-05-11,52,1,16
2020-05-11,53,7,22
2020-05-11,54,2,35
2020-05-11,55,2,26
2020-05-11,56,6,18
2020-05-11,57,3,22
2020-05-11,58,3,26
2020-05-11,59,6,22
2020-05-11,60,3,19
2020-05-11,61,9,28
2020-05-11,62,15,21
2020-05-11,63,5,20
2020-05-11,64,10,29
2020-05-11,65,4,16
2020-05-11,66,7,20
2020-05-11,67,3,27
2020-05-11,68,6,18
2020-05-11,69,4,21
2020-05-11,70,3,17
2020-05-11,71,2,9
2020-05-11,72,3,18
2020-05-11,73,9,20
2020-05-11,75,1,21
2020-05-11,76,6,20
2020-05-11,77,1,19
2020-05-11,78,1,21
2020-05-11,79,2,28
2020-05-11,81,2,31
2020-05-11,84,1,20
2020-05-11,94,1,15
2020-05-11,95,1,14
2020-05-12,15,1,24
2020-05-12,17,2,30
2020-05-12,19,1,33
2020-05-12,20,1,23
2020-05-12,21,1,12
2020-05-12,22,1,34
2020-05-12,24,5,25
2020-05-12,25,3,27
2020-05-12,26,4,28
2020-05-12,27,3,29
2020-05-12,28,5,30
2020-05-12,29,3,32
2020-05-12,30,6,28
2020-05-12,31,5,16
2020-05-12,32,2,24
2020-05-12,33,1,20
2020-05-12,34,2,25
2020-05-12,35,1,29
2020-05-12,36,1,27
2020-05-12,37,8,25
2020-05-12,38,6,15
2020-05-12,39,1,14
2020-05-12,40,2,36
2020-05-12,42,4,32
2020-05-12,43,1,27
2020-05-12,45,5,23
2020-05-12,46,5,17
2020-05-12,47,4,23
2020-05-12,48,4,31
2020-05-12,49,8,28
2020-05-12,50,2,28
2020-05-12,51,5,23
2020-05-12,52,4,27
2020-05-12,53,3,25
2020-05-12,54,6,20
2020-05-12,55,3,27
2020-05-12,56,11,21
2020-05-12,57,12,23
2020-05-12,58,7,28
2020-05-12,59,13,24
2020-05-12,60,2,24
2020-05-12,61,17,18
2020-05-12,62,16,24
2020-05-12,63,11,23
2020-05-12,64,12,23
2020-05-12,65,3,29
2020-05-12,66,7,15
2020-05-12,67,9,26
2020-05-12,68,14,21
2020-05-12,69,7,21
2020-05-12,70,1,15
2020-05-12,72,2,22
2020-05-12,73,9,32
2020-05-12,74,5,28
2020-05-12,75,2,26
2020-05-12,76,1,22
2020-05-12,77,5,24
2020-05-12,78,1,27
2020-05-12,81,3,26
2020-05-12,84,1,34
2020-05-12,86,1,20
2020-05-12,88,1,47
2020-05-12,91,1,17
2020-05-12,92,1,27
2020-05-12,94,1,22
2020-05-13,16,1,25
2020-05-13,19,3,28
2020-05-13,20,1,19
2020-05-13,21,2,28
2020-05-13,22,4,32
2020-05-13,24,6,24
2020-05-13,25,4,23
2020-05-13,26,2,17
2020-05-13,27,2,23
2020-05-13,28,6,33
2020-05-13,30,5,21
2020-05-13,31,3,20
2020-05-13,32,2,26
2020-05-13,33,3,22
2020-05-13,34,3,16
2020-05-13,35,2,19
2020-05-13,36,2,22
2020-05-13,37,2,29
2020-05-13,38,4,24
2020-05-13,39,1,30
2020-05-13,40,3,34
2020-05-13,41,7,23
2020-05-13,42,4,19
2020-05-13,43,5,26
2020-05-13,44,1,34
2020-05-13,46,7,20
2020-05-13,47,7,25
2020-05-13,48,4,16
2020-05-13,49,4,17
2020-05-13,50,7,28
2020-05-13,51,3,23
2020-05-13,52,1,36
2020-05-13,53,4,26
2020-05-13,54,3,34
2020-05-13,55,7,24
2020-05-13,56,6,14
2020-05-13,57,7,23
2020-05-13,58,4,32
2020-05-13,59,3,21
2020-05-13,60,12,24
2020-05-13,61,13,22
2020-05-13,62,7,29
2020-05-13,63,5,22
2020-05-13,64,13,23
2020-05-13,65,12,23
2020-05-13,66,1,26
2020-05-13,67,5,27
2020-05-13,68,4,23
2020-05-13,69,5,19
2020-05-13,70,4,32
2020-05-13,71,6,21
2020-05-13,72,5,22
2020-05-13,73,9,25
2020-05-13,74,4,27
2020-05-13,75,2,21
2020-05-13,76,3,19
2020-05-13,77,1,40
2020-05-13,78,4,29
2020-05-13,80,2,31
2020-05-13,81,4,22
2020-05-13,83,1,39
2020-05-13,86,1,15
2020-05-13,87,1,11
2020-05-13,88,2,15
2020-05-13,93,1,22
2020-05-14,16,1,22
2020-05-14,17,2,30
2020-05-14,19,2,39
2020-05-14,20,2,17
2020-05-14,22,5,21
2020-05-14,23,3,29
2020-05-14,24,4,17
2020-05-14,25,4,34
2020-05-14,26,3,20
2020-05-14,27,6,27
2020-05-14,28,6,27
2020-05-14,29,2,30
2020-05-14,30,2,24
2020-05-14,31,5,31
2020-05-14,32,3,20
2020-05-14,34,1,10
2020-05-14,35,1,26
2020-05-14,37,5,22
2020-05-14,38,2,12
2020-05-14,39,3,13
2020-05-14,40,4,27
2020-05-14,41,4,18
2020-05-14,42,3,17
2020-05-14,43,4,18
2020-05-14,44,2,27
2020-05-14,45,1,7
2020-05-14,46,7,20
2020-05-14,47,5,19
2020-05-14,48,3,15
2020-05-14,49,9,22
2020-05-14,50,5,20
2020-05-14,51,5,25
2020-05-14,52,8,22
2020-05-14,53,2,21
2020-05-14,54,2,21
2020-05-14,55,5,21
2020-05-14,56,5,23
2020-05-14,57,6,22
2020-05-14,58,8,16
2020-05-14,59,12,26
2020-05-14,60,3,16
2020-05-14,61,12,20
2020-05-14,62,15,27
2020-05-14,63,10,22
2020-05-14,64,9,17
2020-05-14,65,3,26
2020-05-14,66,13,20
2020-05-14,67,11,23
2020-05-14,68,2,33
2020-05-14,69,4,28
2020-05-14,70,6,24
2020-05-14,71,5,26
2020-05-14,72,9,17
2020-05-14,73,4,24
2020-05-14,74,8,22
2020-05-14,75,1,10
2020-05-14,76,1,21
2020-05-14,77,2,18
2020-05-14,78,5,22
2020-05-14,79,4,18
2020-05-14,81,2,10
2020-05-14,83,2,28
2020-05-14,84,1,35
2020-05-14,85,3,18
2020-05-14,88,1,31
2020-05-14,91,1,17
2020-05-14,93,1,18
2020-05-14,94,2,30
2020-05-15,1,2,21
2020-05-15,4,2,21
2020-05-15,16,1,24
2020-05-15,17,1,28
2020-05-15,18,2,29
2020-05-15,19,2,37
2020-05-15,21,1,17
2020-05-15,22,3,34
2020-05-15,23,3,24
2020-05-15,24,4,28
2020-05-15,25,1,38
2020-05-15,26,3,26
2020-05-15,27,2,25
2020-05-15,28,3,35
2020-05-15,29,3,35
2020-05-15,30,2,17
2020-05-15,31,3,30
2020-05-15,32,2,28
2020-05-15,33,1,34
2020-05-15,34,3,31
2020-05-15,35,2,33
2020-05-15,36,4,23
2020-05-15,37,4,27
2020-05-15,38,3,17
2020-05-15,39,4,27
2020-05-15,40,4,24
2020-05-15,41,2,17
2020-05-15,42,1,19
2020-05-15,43,3,25
2020-05-15,44,5,24
2020-05-15,45,7,15
2020-05-15,46,7,18
2020-05-15,47,3,13
2020-05-15,48,9,23
2020-05-15,49,5,29
2020-05-15,50,5,19
2020-05-15,51,6,19
2020-05-15,52,6,22
2020-05-15,53,4,14
2020-05-15,54,6,24
2020-05-15,55,14,17
2020-05-15,56,13,16
2020-05-15,57,8,24
2020-05-15,58,11,24
2020-05-15,59,8,18
2020-05-15,60,10,28
2020-05-15,61,7,16
2020-05-15,62,11,21
2020-05-15,63,11,18
2020-05-15,64,16,23
2020-05-15,65,10,25
2020-05-15,66,11,22
2020-05-15,67,9,22
2020-05-15,68,16,22
2020-05-15,69,5,22
2020-05-15,70,15,21
2020-05-15,71,3,23
2020-05-15,72,6,20
2020-05-15,73,7,29
2020-05-15,74,10,22
2020-05-15,75,1,24
2020-05-15,76,2,18
2020-05-15,77,2,24
2020-05-15,78,4,25
2020-05-15,79,2,35
2020-05-15,80,2,25
2020-05-15,81,1,31
2020-05-15,82,1,25
2020-05-15,84,1,36
2020-05-15,85,1,6
2020-05-15,90,1,30
2020-05-15,94,1,21
2020-05-16,4,1,22
2020-05-16,21,1,12
2020-05-16,24,2,27
2020-05-16,25,1,25
2020-05-16,26,1,18
2020-05-16,27,2,28
2020-05-16,29,2,20
2020-05-16,30,3,18
2020-05-16,31,6,18
2020-05-16,32,3,17
2020-05-16,33,5,22
2020-05-16,34,4,27
2020-05-16,35,3,17
2020-05-16,36,2,24
2020-05-16,37,4,27
2020-05-16,38,9,19
2020-05-16,39,5,23
2020-05-16,40,7,21
2020-05-16,41,14,13
2020-05-16,42,4,28
2020-05-16,43,7,19
2020-05-16,44,5,25
2020-05-16,45,3,28
2020-05-16,46,9,12
2020-05-16,47,4,23
2020-05-16,48,3,13
2020-05-16,49,11,25
2020-05-16,50,3,19
2020-05-16,51,11,17
2020-05-16,52,9,21
2020-05-16,53,10,16
2020-05-16,54,11,20
2020-05-16,55,9,19
2020-05-16,56,10,19
2020-05-16,57,10,24
2020-05-16,58,4,21
2020-05-16,59,5,19
2020-05-16,60,18,24
2020-05-16,61,9,26
2020-05-16,62,9,20
2020-05-16,63,12,22
2020-05-16,64,8,20
2020-05-16,65,7,19
2020-05-16,66,9,23
2020-05-16,67,7,17
2020-05-16,68,9,21
2020-05-16,69,11,20
2020-05-16,70,11,22
2020-05-16,71,9,14
2020-05-16,72,6,22
2020-05-16,73,3,23
2020-05-16,74,2,32
2020-05-16,75,3,17
2020-05-16,76,1,18
2020-05-16,77,1,44
2020-05-16,78,2,20
2020-05-16,80,6,11
2020-05-16,81,1,30
2020-05-16,84,3,23
2020-05-16,85,3,22
2020-05-16,87,1,28
2020-05-16,88,1,22
2020-05-16,89,1,29
2020-05-16,90,1,35
2020-05-16,92,1,20
2020-05-16,93,1,29
2020-05-16,94,1,12
2020-05-17,27,3,25
2020-05-17,28,1,18
2020-05-17,29,1,25
2020-05-17,30,2,31
2020-05-17,31,5,20
2020-05-17,32,1,13
2020-05-17,33,5,32
2020-05-17,34,4,16
2020-05-17,35,8,13
2020-05-17,36,9,22
2020-05-17,37,8,18
2020-05-17,38,4,9
2020-05-17,39,24,18
2020-05-17,40,14,20
2020-05-17,41,5,23
2020-05-17,42,6,24
2020-05-17,43,10,20
2020-05-17,44,11,18
2020-05-17,45,11,19
2020-05-17,46,11,15
2020-05-17,47,2,25
2020-05-17,48,5,21
2020-05-17,49,15,20
2020-05-17,50,18,18
2020-05-17,51,10,20
2020-05-17,52,9,20
2020-05-17,53,15,18
2020-05-17,54,7,17
2020-05-17,55,27,13
2020-05-17,56,14,14
2020-05-17,57,13,24
2020-05-17,58,31,19
2020-05-17,59,12,16
2020-05-17,60,20,18
2020-05-17,61,17,17
2020-05-17,62,17,22
2020-05-17,63,15,20
2020-05-17,64,27,17
2020-05-17,65,18,20
2020-05-17,66,22,20
2020-05-17,67,8,20
2020-05-17,68,7,18
2020-05-17,69,10,24
2020-05-17,70,5,20
2020-05-17,71,10,24
2020-05-17,72,6,22
2020-05-17,73,3,26
2020-05-17,74,1,29
2020-05-17,75,1,14
2020-05-17,76,3,17
2020-05-17,77,3,25
2020-05-17,78,4,14
2020-05-17,79,1,14
2020-05-17,80,1,20
2020-05-17,81,2,20
2020-05-17,82,2,22
2020-05-17,83,2,30
2020-05-17,84,3,20
2020-05-17,87,1,19
2020-05-17,89,1,17
2020-05-18,13,1,22
2020-05-18,15,1,34
2020-05-18,16,1,23
2020-05-18,17,1,27
2020-05-18,18,2,30
2020-05-18,19,3,28
2020-05-18,20,1,44
2020-05-18,21,6,22
2020-05-18,22,4,26
2020-05-18,23,7,29
2020-05-18,24,13,30
2020-05-18,25,7,23
2020-05-18,26,11,23
2020-05-18,27,6,20
2020-05-18,28,1,24
2020-05-18,29,7,28
2020-05-18,30,1,16
2020-05-18,31,4,22
2020-05-18,32,2,30
2020-05-18,33,2,20
2020-05-18,34,1,22
2020-05-18,35,3,20
2020-05-18,36,1,24
2020-05-18,37,4,15
2020-05-18,38,5,27
2020-05-18,39,1,19
2020-05-18,40,5,20
2020-05-18,41,3,21
2020-05-18,42,5,20
2020-05-18,43,2,19
2020-05-18,44,4,21
2020-05-18,46,3,18
2020-05-18,47,3,22
2020-05-18,48,1,7
2020-05-18,49,4,21
2020-05-18,50,3,22
2020-05-18,51,4,18
2020-05-18,52,9,23
2020-05-18,53,12,16
2020-05-18,54,8,22
2020-05-18,55,12,26
2020-05-18,56,19,19
2020-05-18,57,6,25
2020-05-18,93,1,14
2020-05-18,95,1,24
2020-05-19,12,1,25
2020-05-19,13,2,18
2020-05-19,15,1,23
2020-05-19,16,1,22
2020-05-19,17,3,28
2020-05-19,18,1,17
2020-05-19,19,3,29
2020-05-19,20,1,19
2020-05-19,21,2,28
2020-05-19,22,5,32
2020-05-19,23,3,31
2020-05-19,24,9,26
2020-05-19,25,4,20
2020-05-19,26,8,21
2020-05-19,27,4,27
2020-05-19,28,2,35
2020-05-19,29,3,30
2020-05-19,30,4,23
2020-05-19,31,3,33
2020-05-19,32,3,20
2020-05-19,33,4,30
2020-05-19,34,1,32
2020-05-19,35,3,20
2020-05-19,36,8,22
2020-05-19,37,3,21
2020-05-19,39,6,15
2020-05-19,40,6,26
2020-05-19,41,5,29
2020-05-19,42,3,18
2020-05-19,43,6,28
2020-05-19,44,4,29
2020-05-19,46,3,26
2020-05-19,47,4,25
2020-05-19,48,4,15
2020-05-19,49,3,24
2020-05-19,50,9,15
2020-05-19,51,3,21
2020-05-19,52,4,18
2020-05-19,53,9,22
2020-05-19,54,4,22
2020-05-19,55,8,22
2020-05-19,56,11,21
2020-05-19,57,14,18
2020-05-19,58,9,25
2020-05-19,59,8,20
2020-05-19,60,10,19
2020-05-19,61,14,23
2020-05-19,62,12,23
2020-05-19,63,17,17
2020-05-19,64,6,18
2020-05-19,65,9,24
2020-05-19,66,10,18
2020-05-19,67,5,19
2020-05-19,68,9,23
2020-05-19,69,9,21
2020-05-19,70,3,23
2020-05-19,71,10,22
2020-05-19,72,14,28
2020-05-19,73,2,34
2020-05-19,74,5,21
2020-05-19,75,2,17
2020-05-19,76,5,22
2020-05-19,77,6,15
2020-05-19,78,6,22
2020-05-19,79,4,18
2020-05-19,80,4,24
2020-05-19,82,1,26
2020-05-19,83,1,22
2020-05-19,84,1,18
2020-05-19,87,1,19
2020-05-19,89,2,13
2020-05-19,94,1,17
2020-05-19,96,1,13
2020-05-20,10,1,31
2020-05-20,13,1,27
2020-05-20,18,1,30
2020-05-20,19,2,21
2020-05-20,20,4,21
2020-05-20,21,2,29
2020-05-20,22,6,28
2020-05-20,23,4,21
2020-05-20,24,5,29
2020-05-20,25,7,26
2020-05-20,26,10,26
2020-05-20,27,8,31
2020-05-20,28,6,31
2020-05-20,29,6,21
2020-05-20,30,4,27
2020-05-20,31,3,32
2020-05-20,32,1,22
2020-05-20,33,1,22
2020-05-20,34,4,25
2020-05-20,35,1,20
2020-05-20,36,1,21
2020-05-20,37,1,28
2020-05-20,38,3,23
2020-05-20,39,3,23
2020-05-20,40,1,21
2020-05-20,41,6,25
2020-05-20,42,5,27
2020-05-20,43,4,30
2020-05-20,45,7,13
2020-05-20,46,5,18
2020-05-20,47,5,19
2020-05-20,48,4,26
2020-05-20,49,4,20
2020-05-20,50,7,23
2020-05-20,51,6,20
2020-05-20,52,6,25
2020-05-20,53,7,21
2020-05-20,54,7,28
2020-05-20,55,11,18
2020-05-20,56,3,31
2020-05-20,57,5,21
2020-05-20,58,8,20
2020-05-20,59,12,25
2020-05-20,60,8,21
2020-05-20,61,11,25
2020-05-20,62,17,20
2020-05-20,63,21,24
2020-05-20,64,13,24
2020-05-20,65,4,15
2020-05-20,66,8,25
2020-05-20,67,10,19
2020-05-20,68,15,22
2020-05-20,69,7,22
2020-05-20,70,9,22
2020-05-20,71,7,18
2020-05-20,72,4,36
2020-05-20,73,1,15
2020-05-20,74,4,21
2020-05-20,75,1,5
2020-05-20,76,6,31
2020-05-20,77,5,18
2020-05-20,78,3,33
2020-05-20,79,3,20
2020-05-20,80,2,22
2020-05-20,81,2,10
2020-05-20,82,3,27
2020-05-20,83,4,20
2020-05-20,84,1,24
2020-05-20,85,5,35
2020-05-20,86,3,30
2020-05-20,87,3,14
2020-05-20,88,1,24
2020-05-20,89,1,24
2020-05-20,90,1,24
2020-05-20,91,1,24
2020-05-20,93,1,15
2020-05-21,17,1,24
2020-05-21,22,1,21
2020-05-21,24,1,23
2020-05-21,25,3,30
2020-05-21,26,2,23
2020-05-21,27,1,39
2020-05-21,28,5,32
2020-05-21,29,1,21
2020-05-21,30,2,23
2020-05-21,31,4,24
2020-05-21,32,3,10
2020-05-21,33,6,16
2020-05-21,34,5,18
2020-05-21,35,7,21
2020-05-21,36,3,26
2020-05-21,37,4,22
2020-05-21,38,5,22
2020-05-21,39,9,19
2020-05-21,40,8,15
2020-05-21,41,7,21
2020-05-21,42,12,20
2020-05-21,43,9,15
2020-05-21,44,3,23
2020-05-21,45,5,21
2020-05-21,46,11,16
2020-05-21,47,11,26
2020-05-21,48,7,17
2020-05-21,49,5,27
2020-05-21,50,12,22
2020-05-21,51,6,17
2020-05-21,52,8,15
2020-05-21,53,11,20
2020-05-21,54,14,15
2020-05-21,55,20,17
2020-05-21,56,4,12
2020-05-21,57,9,15
2020-05-21,58,13,18
2020-05-21,59,10,22
2020-05-21,60,18,21
2020-05-21,61,21,18
2020-05-21,62,24,17
2020-05-21,63,10,20
2020-05-21,64,14,20
2020-05-21,65,12,18
2020-05-21,66,8,15
2020-05-21,67,7,16
2020-05-21,68,6,22
2020-05-21,69,9,22
2020-05-21,70,9,22
2020-05-21,71,5,22
2020-05-21,72,18,23
2020-05-21,73,7,20
2020-05-21,74,3,13
2020-05-21,75,8,21
2020-05-21,76,11,23
2020-05-21,77,1,18
2020-05-21,78,3,30
2020-05-21,79,4,17
2020-05-21,80,6,26
2020-05-21,81,6,22
2020-05-21,82,3,27
2020-05-21,83,1,44
2020-05-21,84,1,23
2020-05-21,85,2,29
2020-05-21,88,1,7
2020-05-21,92,2,27
2020-05-21,94,1,21
2020-05-22,16,1,37
2020-05-22,19,1,24
2020-05-22,20,1,17
2020-05-22,21,1,8
2020-05-22,23,4,27
2020-05-22,24,4,28
2020-05-22,25,6,23
2020-05-22,26,2,21
2020-05-22,27,2,25
2020-05-22,28,5,28
2020-05-22,29,1,29
2020-05-22,31,3,17
2020-05-22,32,1,25
2020-05-22,33,6,23
2020-05-22,34,5,23
2020-05-22,35,6,22
2020-05-22,36,3,17
2020-05-22,37,10,17
2020-05-22,38,1,20
2020-05-22,39,2,13
2020-05-22,40,4,29
2020-05-22,41,5,29
2020-05-22,42,9,20
2020-05-22,43,8,31
2020-05-22,44,2,15
2020-05-22,45,5,14
2020-05-22,46,3,25
2020-05-22,47,1,24
2020-05-22,48,5,21
2020-05-22,49,3,16
2020-05-22,50,8,21
2020-05-22,51,4,21
2020-05-22,52,4,28
2020-05-22,53,13,21
2020-05-22,54,2,30
2020-05-22,55,4,20
2020-05-22,56,7,25
2020-05-22,57,11,23
2020-05-22,58,9,21
2020-05-22,59,5,20
2020-05-22,60,8,18
2020-05-22,61,6,17
2020-05-22,62,7,24
2020-05-22,63,3,18
2020-05-22,64,6,31
2020-05-22,65,7,26
2020-05-22,66,4,26
2020-05-22,67,6,22
2020-05-22,68,8,21
2020-05-22,69,6,21
2020-05-22,70,8,22
2020-05-22,71,1,27
2020-05-22,72,3,21
2020-05-22,73,5,16
2020-05-22,74,4,16
2020-05-22,75,3,28
2020-05-22,76,2,16
2020-05-22,77,3,26
2020-05-22,78,3,24
2020-05-22,79,1,22
2020-05-22,80,3,26
2020-05-22,85,2,19
2020-05-22,87,1,15
2020-05-22,89,1,24
2020-05-22,91,1,31
2020-05-22,94,1,17
2020-05-22,95,1,23
2020-05-23,2,2,31
2020-05-23,4,1,34
2020-05-23,15,1,26
2020-05-23,17,1,27
2020-05-23,18,1,18
2020-05-23,24,3,32
2020-05-23,25,2,17
2020-05-23,28,2,23
2020-05-23,29,2,32
2020-05-23,30,3,18
2020-05-23,31,1,36
2020-05-23,32,5,30
2020-05-23,33,2,26
2020-05-23,34,2,34
2020-05-23,35,1,34
2020-05-23,36,3,22
2020-05-23,37,4,25
2020-05-23,38,2,34
2020-05-23,39,3,16
2020-05-23,40,3,32
2020-05-23,42,2,20
2020-05-23,43,1,28
2020-05-23,44,4,22
2020-05-23,45,4,23
2020-05-23,46,7,31
2020-05-23,47,4,27
2020-05-23,48,6,18
2020-05-23,49,7,20
2020-05-23,50,2,16
2020-05-23,51,5,22
2020-05-23,52,10,17
2020-05-23,53,11,17
2020-05-23,54,12,18
2020-05-23,55,4,20
2020-05-23,56,15,16
2020-05-23,57,6,19
2020-05-23,58,8,25
2020-05-23,59,10,17
2020-05-23,60,7,16
2020-05-23,61,11,16
2020-05-23,62,6,17
2020-05-23,63,14,20
2020-05-23,64,11,15
2020-05-23,65,11,16
2020-05-23,66,12,24
2020-05-23,67,5,18
2020-05-23,68,4,14
2020-05-23,69,9,17
2020-05-23,70,5,24
2020-05-23,71,10,26
2020-05-23,72,5,24
2020-05-23,73,5,24
2020-05-23,74,2,20
2020-05-23,75,4,29
2020-05-23,76,3,25
2020-05-23,77,5,21
2020-05-23,78,2,19
2020-05-23,80,3,25
2020-05-23,81,3,27
2020-05-23,82,4,21
2020-05-23,83,1,20
2020-05-23,84,3,24
2020-05-23,85,2,25
2020-05-23,87,2,16
2020-05-23,89,2,23
2020-05-23,94,1,20
2020-05-24,17,1,25
2020-05-24,20,2,20
2020-05-24,24,2,19
2020-05-24,25,4,27
2020-05-24,28,2,16
2020-05-24,29,1,38
2020-05-24,30,2,12
2020-05-24,31,5,26
2020-05-24,32,7,24
2020-05-24,33,7,21
2020-05-24,34,3,18
2020-05-24,35,7,13
2020-05-24,36,3,9
2020-05-24,37,3,19
2020-05-24,38,10,19
2020-05-24,39,4,19
2020-05-24,40,7,17
2020-05-24,41,4,23
2020-05-24,42,5,27
2020-05-24,43,3,22
2020-05-24,44,16,24
2020-05-24,45,2,24
2020-05-24,46,4,22
2020-05-24,47,6,26
2020-05-24,48,3,36
2020-05-24,49,6,19
2020-05-24,50,1,13
2020-05-24,51,5,20
2020-05-24,52,5,14
2020-05-24,53,7,20
2020-05-24,54,6,23
2020-05-24,55,7,20
2020-05-24,56,8,22
2020-05-24,57,5,16
2020-05-24,58,12,21
2020-05-24,59,15,19
2020-05-24,60,5,14
2020-05-24,61,11,24
2020-05-24,62,8,14
2020-05-24,63,11,20
2020-05-24,64,5,12
2020-05-24,65,2,19
2020-05-24,66,9,24
2020-05-24,67,14,18
2020-05-24,68,7,20
2020-05-24,69,11,16
2020-05-24,70,3,30
2020-05-24,71,4,20
2020-05-24,72,5,22
2020-05-24,73,1,22
2020-05-24,74,2,35
2020-05-24,75,1,13
2020-05-24,76,2,30
2020-05-24,78,3,31
2020-05-24,80,2,29
2020-05-24,81,1,23
2020-05-24,82,2,22
2020-05-24,84,4,26
2020-05-24,85,1,29
2020-05-24,86,1,28
2020-05-24,87,1,24
2020-05-24,88,1,25
2020-05-24,89,0,-1
2020-05-24,90,0,-1
2020-05-24,91,0,-1
2020-05-24,92,3,29
2020-05-24,93,0,-1
2020-05-24,94,0,-1
2020-05-24,95,0,-1
2020-05-24,96,0,-1
2020-05-25,1,0,-1
2020-05-25,2,2,22
2020-05-25,3,0,-1
2020-05-25,4,0,-1
2020-05-25,5,0,-1
2020-05-25,6,0,-1
2020-05-25,7,0,-1
2020-05-25,8,0,-1
2020-05-25,9,0,-1
2020-05-25,10,0,-1
2020-05-25,11,0,-1
2020-05-25,12,0,-1
2020-05-25,13,0,-1
2020-05-25,14,0,-1
2020-05-25,15,0,-1
2020-05-25,16,1,21
2020-05-25,17,3,35
2020-05-25,18,1,23
2020-05-25,19,1,23
2020-05-25,20,3,18
2020-05-25,21,2,29
2020-05-25,22,8,30
2020-05-25,23,7,28
2020-05-25,24,6,27
2020-05-25,25,7,25
2020-05-25,26,11,22
2020-05-25,27,7,22
2020-05-25,28,5,34
2020-05-25,29,2,19
2020-05-25,30,5,23
2020-05-25,31,3,18
2020-05-25,32,0,-1
2020-05-25,33,2,28
2020-05-25,34,3,19
2020-05-25,35,0,-1
2020-05-25,36,4,26
2020-05-25,37,5,25
2020-05-25,38,6,15
2020-05-25,39,4,25
2020-05-25,40,4,21
2020-05-25,41,3,28
2020-05-25,42,4,24
2020-05-25,43,4,25
2020-05-25,44,3,11
2020-05-25,45,5,27
2020-05-25,46,11,23
2020-05-25,47,3,19
2020-05-25,48,4,26
2020-05-25,49,3,32
2020-05-25,50,3,25
2020-05-25,51,6,27
2020-05-25,52,3,23
2020-05-25,53,6,21
2020-05-25,54,9,22
2020-05-25,55,18,18
2020-05-25,56,15,18
2020-05-25,57,7,24
2020-05-25,58,12,21
2020-05-25,59,5,30
2020-05-25,60,11,22
2020-05-25,61,11,22
2020-05-25,62,15,20
2020-05-25,63,9,22
2020-05-25,64,8,17
2020-05-25,65,14,15
2020-05-25,66,6,24
2020-05-25,67,7,20
2020-05-25,68,7,24
2020-05-25,69,12,19
2020-05-25,70,7,29
2020-05-25,71,6,17
2020-05-25,72,5,23
2020-05-25,73,5,18
2020-05-25,74,12,16
2020-05-25,75,6,24
2020-05-25,76,4,18
2020-05-25,77,0,-1
2020-05-25,78,2,28
2020-05-25,79,5,23
2020-05-25,80,1,19
2020-05-25,81,3,20
2020-05-25,82,1,14
2020-05-25,83,3,31
2020-05-25,84,0,-1
2020-05-25,85,1,23
2020-05-25,86,1,20
2020-05-25,87,0,-1
2020-05-25,88,0,-1
2020-05-25,89,0,-1
2020-05-25,90,0,-1
2020-05-25,91,0,-1
2020-05-25,92,0,-1
2020-05-25,93,0,-1
2020-05-25,94,1,23
2020-05-25,95,0,-1
2020-05-25,96,0,-1
2020-05-26,1,0,-1
2020-05-26,2,0,-1
2020-05-26,3,0,-1
2020-05-26,4,0,-1
2020-05-26,5,0,-1
2020-05-26,6,0,-1
2020-05-26,7,0,-1
2020-05-26,8,0,-1
2020-05-26,9,0,-1
2020-05-26,10,0,-1
2020-05-26,11,0,-1
2020-05-26,12,1,24
2020-05-26,13,0,-1
2020-05-26,14,0,-1
2020-05-26,15,0,-1
2020-05-26,16,2,23
2020-05-26,17,1,18
2020-05-26,18,3,31
2020-05-26,19,2,27
2020-05-26,20,6,27
2020-05-26,21,3,18
2020-05-26,22,6,32
2020-05-26,23,4,25
2020-05-26,24,8,27
2020-05-26,25,5,23
2020-05-26,26,6,27
2020-05-26,27,8,25
2020-05-26,28,3,32
2020-05-26,29,1,11
2020-05-26,30,4,23
2020-05-26,31,1,22
2020-05-26,32,4,26
2020-05-26,33,2,19
2020-05-26,34,2,24
2020-05-26,35,4,26
2020-05-26,36,5,25
2020-05-26,37,1,13
2020-05-26,38,0,-1
2020-05-26,39,5,14
2020-05-26,40,5,27
2020-05-26,41,2,23
2020-05-26,42,1,11
2020-05-26,43,3,23
2020-05-26,44,6,24
2020-05-26,45,4,28
2020-05-26,46,6,24
2020-05-26,47,9,20
2020-05-26,48,3,27
2020-05-26,49,5,22
2020-05-26,50,4,28
2020-05-26,51,1,32
2020-05-26,52,2,16
2020-05-26,53,3,24
2020-05-26,54,2,18
2020-05-26,55,9,22
2020-05-26,56,6,27
2020-05-26,57,8,31
2020-05-26,58,7,22
2020-05-26,59,6,22
2020-05-26,60,4,14
2020-05-26,61,14,19
2020-05-26,62,15,24
2020-05-26,63,12,20
2020-05-26,64,9,21
2020-05-26,65,10,23
2020-05-26,66,19,22
2020-05-26,67,9,15
2020-05-26,68,10,20
2020-05-26,69,19,17
2020-05-26,70,9,17
2020-05-26,71,6,20
2020-05-26,72,5,28
2020-05-26,73,7,23
2020-05-26,74,4,30
2020-05-26,75,3,30
2020-05-26,76,1,25
2020-05-26,77,6,21
2020-05-26,78,10,24
2020-05-26,79,9,21
2020-05-26,80,7,21
2020-05-26,81,4,17
2020-05-26,82,3,11
2020-05-26,83,2,17
2020-05-26,84,7,26
2020-05-26,85,1,27
2020-05-26,86,2,30
2020-05-26,87,0,-1
2020-05-26,88,0,-1
2020-05-26,89,2,27
2020-05-26,90,0,-1
2020-05-26,91,0,-1
2020-05-26,92,0,-1
2020-05-26,93,0,-1
2020-05-26,94,1,14
2020-05-26,95,1,20
2020-05-26,96,0,-1
2020-05-27,1,0,-1
2020-05-27,2,0,-1
2020-05-27,3,0,-1
2020-05-27,4,0,-1
2020-05-27,5,0,-1
2020-05-27,6,0,-1
2020-05-27,7,0,-1
2020-05-27,8,0,-1
2020-05-27,9,0,-1
2020-05-27,10,0,-1
2020-05-27,11,0,-1
2020-05-27,12,0,-1
2020-05-27,13,0,-1
2020-05-27,14,0,-1
2020-05-27,15,2,29
2020-05-27,16,1,23
2020-05-27,17,2,24
2020-05-27,18,3,24
2020-05-27,19,5,35
2020-05-27,20,4,25
2020-05-27,21,4,23
2020-05-27,22,8,32
2020-05-27,23,2,26
2020-05-27,24,6,24
2020-05-27,25,5,27
2020-05-27,26,6,22
2020-05-27,27,11,25
2020-05-27,28,3,33
2020-05-27,29,2,30
2020-05-27,30,4,30
2020-05-27,31,2,19
2020-05-27,32,1,22
2020-05-27,33,2,28
2020-05-27,34,4,24
2020-05-27,35,2,23
2020-05-27,36,5,14
2020-05-27,37,0,-1
2020-05-27,38,3,28
2020-05-27,39,2,13
2020-05-27,40,1,25
2020-05-27,41,4,22
2020-05-27,42,4,22
2020-05-27,43,4,23
2020-05-27,44,7,18
2020-05-27,45,7,24
2020-05-27,46,8,26
2020-05-27,47,3,27
2020-05-27,48,1,17
2020-05-27,49,4,21
2020-05-27,50,8,18
2020-05-27,51,6,21
2020-05-27,52,6,24
2020-05-27,53,9,18
2020-05-27,54,3,18
2020-05-27,55,8,23
2020-05-27,56,12,21
2020-05-27,57,15,21
2020-05-27,58,9,20
2020-05-27,59,3,22
2020-05-27,60,13,23
2020-05-27,61,17,23
2020-05-27,62,11,22
2020-05-27,63,14,19
2020-05-27,64,9,23
2020-05-27,65,9,21
2020-05-27,66,11,19
2020-05-27,67,7,24
2020-05-27,68,9,21
2020-05-27,69,8,24
2020-05-27,70,9,24
2020-05-27,71,5,16
2020-05-27,72,13,27
2020-05-27,73,4,32
2020-05-27,74,5,21
2020-05-27,75,3,23
2020-05-27,76,8,20
2020-05-27,77,2,22
2020-05-27,78,4,23
2020-05-27,79,2,29
2020-05-27,80,2,22
2020-05-27,81,2,29
2020-05-27,82,7,22
2020-05-27,83,4,21
2020-05-27,84,1,35
2020-05-27,85,0,-1
2020-05-27,86,0,-1
2020-05-27,87,3,26
2020-05-27,88,0,-1
