Time,LiveTraffic,JamsDelay,JamsLength,JamsCount
2020-04-13 07:16:30.000,0,6.2,0.5,2
2020-04-13 07:31:30.000,0,14.3,0.8,4
2020-04-13 07:46:30.000,0,15.4,1.5,6
2020-04-13 08:01:30.001,0,10.2,1.1,3
2020-04-13 08:16:30.000,0,19.6,1.8,3
2020-04-13 08:31:30.000,0,12.9,1.5,2
2020-04-13 08:46:30.000,0,12.0,1.4,3
2020-04-13 09:01:30.000,0,3.3,0.6,1
2020-04-13 09:16:30.000,0,7.1,0.5,2
2020-04-13 09:31:30.000,0,13.2,0.5,3
2020-04-13 09:46:30.001,0,16.2,0.5,3
2020-04-13 10:01:30.000,0,20.0,1.1,5
2020-04-13 10:16:30.000,0,7.1,1.0,1
2020-04-13 10:31:30.000,0,2.6,0.1,1
2020-04-13 10:46:30.000,0,7.1,0.5,3
2020-04-13 11:01:30.000,0,10.3,0.4,3
2020-04-13 11:16:30.000,0,11.0,0.9,3
2020-04-13 11:31:30.000,0,5.5,0.1,2
2020-04-13 11:46:30.000,0,8.6,1.5,4
2020-04-13 12:01:30.000,0,9.3,2.1,5
2020-04-13 12:16:30.000,0,0.7,0.0,1
2020-04-13 12:31:30.000,0,2.0,0.9,1
2020-04-13 12:46:30.000,0,8.0,1.0,2
2020-04-13 13:01:30.000,0,5.7,0.8,2
2020-04-13 13:16:30.000,0,12.3,0.9,3
2020-04-13 13:31:30.000,0,27.2,8.3,8
2020-04-13 13:46:30.000,0,35.5,7.2,11
2020-04-13 14:01:30.000,2,34.3,6.6,9
2020-04-13 14:16:30.001,3,27.6,5.4,7
2020-04-13 14:31:30.000,4,32.9,8.3,12
2020-04-13 14:46:30.001,6,48.4,10.7,15
2020-04-13 15:01:30.000,7,47.7,10.1,11
2020-04-13 15:16:30.001,7,64.3,12.2,16
2020-04-13 15:31:30.000,7,97.7,16.6,26
2020-04-13 15:46:30.000,7,72.0,9.3,20
2020-04-13 16:01:30.000,7,81.4,14.7,22
2020-04-13 16:16:30.000,8,47.5,17.5,20
2020-04-13 16:31:30.000,7,35.6,3.6,15
2020-04-13 16:46:30.000,7,76.2,7.8,22
2020-04-13 17:01:30.001,8,101.8,13.6,29
2020-04-13 17:16:30.000,8,97.9,13.7,26
2020-04-13 17:31:30.000,9,81.6,12.0,24
2020-04-13 17:46:30.000,9,78.8,11.0,27
2020-04-13 18:01:30.000,9,67.3,9.7,21
2020-04-13 18:16:30.000,10,84.0,13.6,27
2020-04-13 18:31:30.000,10,109.6,14.0,30
2020-04-13 18:46:30.000,11,85.5,11.2,28
2020-04-13 19:01:30.000,11,99.3,11.4,26
2020-04-13 19:16:30.000,11,96.7,11.0,29
2020-04-13 19:31:30.000,12,70.6,12.1,21
2020-04-13 19:46:30.000,12,71.9,8.9,23
2020-04-13 20:01:30.000,12,106.3,15.2,36
2020-04-13 20:16:30.000,12,87.7,13.0,28
2020-04-13 20:31:30.000,12,85.2,12.9,26
2020-04-13 20:46:30.000,12,95.3,16.4,32
2020-04-13 21:01:30.000,12,92.6,10.9,34
2020-04-13 21:16:30.000,12,71.0,8.8,25
2020-04-13 21:31:30.000,12,87.8,12.4,30
2020-04-13 21:46:30.000,13,120.0,19.1,43
2020-04-13 22:01:30.000,13,100.7,22.2,35
2020-04-13 22:16:30.000,14,94.7,18.2,37
2020-04-13 22:31:30.000,14,122.2,24.5,42
2020-04-13 22:46:30.000,15,125.6,23.9,41
2020-04-13 23:01:30.000,15,118.6,27.9,44
2020-04-13 23:16:30.000,15,104.5,20.2,41
2020-04-13 23:31:30.001,15,79.0,15.0,32
2020-04-13 23:46:30.000,15,82.1,17.2,37
2020-04-14 00:01:30.000,15,86.7,17.0,34
2020-04-14 00:16:30.000,15,90.3,15.2,27
2020-04-14 00:31:30.000,15,87.7,16.7,31
2020-04-14 00:46:30.272,14,66.9,7.9,24
2020-04-14 01:01:30.000,12,58.7,8.2,20
2020-04-14 01:16:30.001,11,50.7,5.9,19
2020-04-14 01:31:30.000,10,51.4,5.6,15
2020-04-14 01:46:30.001,9,69.0,7.6,23
2020-04-14 02:01:30.000,8,80.3,8.1,21
2020-04-14 02:16:30.000,7,75.0,9.5,18
2020-04-14 02:31:30.000,7,79.3,8.0,13
2020-04-14 02:46:30.000,6,78.6,7.4,20
2020-04-14 03:01:30.000,6,62.3,8.6,22
2020-04-14 03:16:30.000,5,59.8,10.4,18
2020-04-14 03:31:30.000,5,42.6,11.1,15
2020-04-14 03:46:30.000,4,52.3,8.5,15
2020-04-14 04:01:30.000,3,46.8,8.4,15
2020-04-14 04:16:30.000,1,42.1,5.9,16
2020-04-14 04:31:30.000,0,34.6,4.5,13
2020-04-14 04:46:30.000,0,27.5,3.7,11
2020-04-14 05:01:30.000,0,23.3,4.1,10
2020-04-14 05:16:30.000,0,31.0,7.1,10
2020-04-14 05:31:30.000,0,33.0,2.5,9
2020-04-14 05:46:30.000,0,20.8,1.5,5
2020-04-14 06:01:30.001,0,15.6,2.8,7
2020-04-14 06:16:30.000,0,10.4,2.7,6
2020-04-14 06:31:30.000,0,12.1,4.1,3
2020-04-14 06:46:30.000,0,17.4,2.6,6
2020-04-14 07:01:30.000,0,13.2,1.5,5
2020-04-14 07:16:30.000,0,11.0,2.3,4
2020-04-14 07:31:30.000,0,12.0,0.8,5
2020-04-14 07:46:30.000,0,14.4,2.7,6
2020-04-14 08:01:30.000,0,10.6,5.2,6
2020-04-14 08:16:30.001,0,4.4,1.9,2
2020-04-14 08:31:30.000,0,7.7,0.4,3
2020-04-14 08:46:30.000,0,0.5,0.9,1
2020-04-14 09:01:30.000,0,8.1,6.1,6
2020-04-14 09:16:30.000,0,6.4,4.0,3
2020-04-14 09:31:30.000,0,18.0,3.4,9
2020-04-14 09:46:30.000,0,25.9,2.8,9
2020-04-14 10:01:30.000,0,19.1,0.9,5
2020-04-14 10:16:30.001,0,7.0,0.9,3
2020-04-14 10:31:30.000,0,0.0,0.0,0
2020-04-14 10:46:30.000,0,4.1,0.2,1
2020-04-14 11:01:30.000,0,6.2,0.4,2
2020-04-14 11:16:30.001,0,11.6,1.1,4
2020-04-14 11:31:30.000,0,3.6,0.1,1
2020-04-14 11:46:30.000,0,19.2,4.2,5
2020-04-14 12:01:30.000,0,0.0,0.0,0
2020-04-14 12:16:30.000,0,8.9,3.6,4
2020-04-14 12:31:30.000,0,12.7,2.7,5
2020-04-14 12:46:30.000,0,19.3,5.2,6
2020-04-14 13:01:30.000,0,11.6,2.5,5
2020-04-14 13:16:30.000,0,4.6,1.3,2
2020-04-14 13:31:30.000,0,12.4,4.6,6
2020-04-14 13:46:30.000,1,34.5,18.7,17
2020-04-14 14:01:30.000,3,30.3,16.5,13
2020-04-14 14:16:30.000,4,10.5,5.6,6
2020-04-14 14:31:30.000,5,36.4,9.5,13
2020-04-14 14:46:30.001,7,42.4,15.3,19
2020-04-14 15:01:30.000,8,31.5,9.2,16
2020-04-14 15:16:30.000,8,73.7,8.6,21
2020-04-14 15:31:30.000,9,89.8,14.5,29
2020-04-14 15:46:30.000,9,77.1,12.6,25
2020-04-14 16:01:30.000,9,44.9,8.7,18
2020-04-14 16:16:30.000,9,66.0,8.0,22
2020-04-14 16:31:30.000,9,66.1,9.7,20
2020-04-14 16:46:30.000,9,117.3,19.9,28
2020-04-14 17:01:30.000,10,67.3,14.5,20
2020-04-14 17:16:30.001,10,26.8,7.6,13
2020-04-14 17:31:30.000,10,72.2,9.1,23
2020-04-14 17:46:30.000,10,62.0,13.7,26
2020-04-14 18:01:30.000,11,114.5,18.7,34
2020-04-14 18:16:30.000,11,103.2,17.6,31
2020-04-14 18:31:00.000,12,92.6,15.2,23
2020-04-14 18:46:30.000,12,96.3,16.2,33
2020-04-14 19:01:30.000,13,92.6,22.0,36
2020-04-14 19:16:30.000,13,105.3,21.1,38
2020-04-14 19:31:30.000,13,119.5,20.4,36
2020-04-14 19:46:30.001,14,118.4,27.4,41
2020-04-14 20:01:30.000,13,100.3,18.1,38
2020-04-14 20:16:30.000,13,108.6,16.7,40
2020-04-14 20:31:30.000,13,116.1,27.3,41
2020-04-14 20:46:30.000,13,103.7,22.6,38
2020-04-14 21:01:30.000,14,118.7,20.4,33
2020-04-14 21:16:30.001,14,150.3,26.7,41
2020-04-14 21:31:30.001,14,132.4,25.9,34
2020-04-14 21:46:30.000,15,163.7,42.4,48
2020-04-14 22:01:30.000,15,130.5,34.7,43
2020-04-14 22:16:30.000,15,113.4,25.7,34
2020-04-14 22:31:30.000,16,136.7,37.7,45
2020-04-14 22:46:30.000,17,132.8,42.6,48
2020-04-14 23:01:30.000,17,167.0,55.5,54
2020-04-14 23:16:30.000,17,155.3,48.6,57
2020-04-14 23:31:30.000,18,172.4,56.9,60
2020-04-14 23:46:30.000,18,133.2,46.2,46
2020-04-15 00:01:30.000,18,128.0,34.0,45
2020-04-15 00:16:30.000,17,104.8,24.0,40
2020-04-15 00:31:30.000,17,112.9,21.5,50
2020-04-15 00:46:30.000,16,72.3,12.7,26
2020-04-15 01:01:30.000,14,44.9,5.6,17
2020-04-15 01:16:30.000,13,46.2,5.5,19
2020-04-15 01:31:30.000,12,59.7,5.7,19
2020-04-15 01:46:30.000,11,61.3,8.5,22
2020-04-15 02:01:30.000,10,41.0,7.5,19
2020-04-15 02:16:30.001,9,67.9,10.9,24
2020-04-15 02:31:30.001,9,78.1,7.9,20
2020-04-15 02:46:30.000,8,72.3,7.6,19
2020-04-15 03:01:30.000,7,53.0,5.4,16
2020-04-15 03:16:30.000,7,57.7,9.3,21
2020-04-15 03:31:30.000,6,71.8,11.4,23
2020-04-15 03:46:30.000,5,57.5,11.1,17
2020-04-15 04:01:30.000,4,62.5,14.2,22
2020-04-15 04:16:30.000,3,51.3,8.9,15
2020-04-15 04:31:30.000,2,34.7,9.0,11
2020-04-15 04:46:30.000,1,42.9,9.6,16
2020-04-15 05:01:30.000,0,62.2,8.5,18
2020-04-15 05:16:30.001,0,29.4,7.4,10
2020-04-15 05:31:30.000,0,67.8,11.4,19
2020-04-15 05:46:30.000,0,29.8,6.9,12
2020-04-15 06:01:30.001,0,30.1,4.7,9
2020-04-15 06:16:30.000,0,30.6,8.0,13
2020-04-15 06:31:30.001,0,17.4,3.7,6
2020-04-15 06:46:30.001,0,19.4,2.0,6
2020-04-15 07:01:30.000,0,20.2,2.2,7
2020-04-15 07:16:30.000,0,3.9,2.0,3
2020-04-15 07:31:30.000,0,19.5,3.8,7
2020-04-15 07:46:30.000,0,19.8,2.9,6
2020-04-15 08:01:30.000,0,5.7,1.4,3
2020-04-15 08:16:30.000,0,8.4,2.7,5
2020-04-15 08:31:30.000,0,15.7,7.4,8
2020-04-15 08:46:30.001,0,13.5,5.0,5
2020-04-15 09:01:30.000,0,2.0,0.6,1
2020-04-15 09:16:30.000,0,8.5,2.1,4
2020-04-15 09:31:30.000,0,0.0,0.0,0
2020-04-15 09:46:30.000,0,7.0,2.1,3
2020-04-15 10:01:30.000,0,4.1,0.2,1
2020-04-15 10:16:30.000,0,8.5,1.9,4
2020-04-15 10:31:30.000,0,5.4,2.5,1
2020-04-15 10:46:30.001,0,0.9,1.3,1
2020-04-15 11:01:30.000,0,5.4,0.6,2
2020-04-15 11:16:30.001,0,0.0,0.0,0
2020-04-15 11:31:30.000,0,13.7,1.5,4
2020-04-15 11:46:30.000,0,18.1,1.6,4
2020-04-15 12:01:30.001,0,4.2,0.1,1
2020-04-15 12:16:30.000,0,3.1,1.2,2
2020-04-15 12:31:30.000,0,0.9,2.1,1
2020-04-15 12:46:30.001,0,2.6,0.4,1
2020-04-15 13:01:30.001,0,11.9,1.7,4
2020-04-15 13:16:30.000,0,5.0,1.4,3
2020-04-15 13:31:30.000,0,3.7,1.0,3
2020-04-15 13:46:30.000,0,18.9,14.3,11
2020-04-15 14:01:30.000,3,34.1,19.8,13
2020-04-15 14:16:30.000,4,25.7,12.5,13
2020-04-15 14:31:30.000,6,35.3,8.6,17
2020-04-15 14:46:30.000,8,54.2,14.3,23
2020-04-15 15:01:30.000,9,73.4,16.0,27
2020-04-15 15:16:30.000,9,99.0,16.6,34
2020-04-15 15:31:30.001,9,112.4,10.8,25
2020-04-15 15:46:30.000,9,126.2,12.3,25
2020-04-15 16:01:30.000,10,114.1,17.6,24
2020-04-15 16:16:30.000,9,94.4,12.6,24
2020-04-15 16:31:30.000,9,95.3,13.2,20
2020-04-15 16:46:30.000,10,87.3,8.2,24
2020-04-15 17:01:30.000,10,104.0,13.7,35
2020-04-15 17:16:30.001,10,68.8,10.5,24
2020-04-15 17:31:30.000,10,71.7,10.6,26
2020-04-15 17:46:30.000,11,111.0,13.2,36
2020-04-15 18:01:30.000,11,85.3,11.5,29
2020-04-15 18:16:30.000,11,97.1,13.1,32
2020-04-15 18:31:30.000,12,77.4,12.7,28
2020-04-15 18:46:30.000,13,120.7,18.7,34
2020-04-15 19:01:30.001,13,115.5,15.8,38
2020-04-15 19:16:00.000,14,101.1,21.0,42
2020-04-15 19:31:30.000,14,86.2,11.8,31
2020-04-15 19:46:30.000,14,83.6,15.9,33
2020-04-15 20:01:30.000,14,136.5,25.8,46
2020-04-15 20:16:30.000,14,143.2,27.7,46
2020-04-15 20:31:30.000,14,141.0,23.8,46
2020-04-15 20:46:30.000,14,113.7,22.2,41
2020-04-15 21:01:30.001,14,119.5,25.3,38
2020-04-15 21:16:30.000,14,197.5,32.0,50
2020-04-15 21:31:30.000,15,211.7,34.8,47
2020-04-15 21:46:30.000,16,294.1,41.4,58
2020-04-15 22:01:30.000,16,183.9,46.9,62
2020-04-15 22:16:30.000,16,129.9,32.8,52
2020-04-15 22:31:30.001,16,140.2,39.2,53
2020-04-15 22:46:30.000,17,138.2,46.2,48
2020-04-15 23:01:30.001,18,125.6,57.4,51
2020-04-15 23:16:30.000,18,147.9,58.3,56
2020-04-15 23:31:30.000,18,126.8,44.0,52
2020-04-15 23:46:30.000,18,121.1,36.9,48
2020-04-16 00:01:30.000,18,116.8,27.6,42
2020-04-16 00:16:30.000,18,112.8,21.4,37
2020-04-16 00:31:30.000,18,162.3,29.5,47
2020-04-16 00:46:30.000,17,77.0,14.9,32
2020-04-16 01:01:30.000,15,67.8,8.9,25
2020-04-16 01:16:30.001,14,93.9,11.9,35
2020-04-16 01:31:30.000,13,71.9,9.0,23
2020-04-16 01:46:30.000,12,76.3,7.4,27
2020-04-16 02:01:30.000,11,84.0,9.3,25
2020-04-16 02:16:30.000,10,85.7,11.5,27
2020-04-16 02:31:30.000,9,65.4,11.1,22
2020-04-16 02:46:30.000,8,80.2,7.4,26
2020-04-16 03:01:30.000,8,94.4,11.1,26
2020-04-16 03:16:30.000,7,58.5,12.0,16
2020-04-16 03:31:30.000,6,52.5,12.1,18
2020-04-16 03:46:30.000,5,61.9,15.9,24
2020-04-16 04:01:30.000,4,69.8,11.7,20
2020-04-16 04:16:30.047,3,45.6,9.6,18
2020-04-16 04:31:30.000,2,32.2,9.4,14
2020-04-16 04:46:30.000,1,19.7,4.5,8
2020-04-16 05:01:30.001,0,29.3,8.5,12
2020-04-16 05:16:30.000,0,23.4,3.8,8
2020-04-16 05:31:30.000,0,24.4,3.0,8
2020-04-16 05:46:30.000,0,4.9,2.9,3
2020-04-16 06:01:30.000,0,27.2,4.4,10
2020-04-16 06:16:30.000,0,16.3,5.3,7
2020-04-16 06:31:30.000,0,25.4,4.0,8
2020-04-16 06:46:30.000,0,19.4,4.0,8
2020-04-16 07:01:30.001,0,24.7,5.7,9
2020-04-16 07:16:30.000,0,7.1,2.3,3
2020-04-16 07:31:30.000,0,9.8,2.3,3
2020-04-16 07:46:30.000,0,6.0,0.5,2
2020-04-16 08:01:30.000,0,2.1,1.1,2
2020-04-16 08:16:30.001,0,18.9,5.6,9
2020-04-16 08:31:30.000,0,18.6,7.6,8
2020-04-16 08:46:30.000,0,8.7,6.4,5
2020-04-16 09:01:30.000,0,9.2,4.2,6
2020-04-16 09:16:30.001,0,3.0,0.5,2
2020-04-16 09:31:30.000,0,3.7,0.4,2
2020-04-16 09:46:30.001,0,18.1,3.7,6
2020-04-16 10:01:30.000,0,13.2,3.5,4
2020-04-16 10:16:30.000,0,4.7,1.8,2
2020-04-16 10:31:30.000,0,0.6,0.5,1
2020-04-16 10:46:30.000,0,1.5,0.6,2
2020-04-16 11:01:30.000,0,17.4,2.1,5
2020-04-16 11:16:30.000,0,8.3,1.0,4
2020-04-16 11:31:30.000,0,4.6,2.2,3
2020-04-16 11:46:30.001,0,7.1,3.7,2
2020-04-16 12:01:30.000,0,5.5,5.0,2
2020-04-16 12:16:30.000,0,4.5,3.3,1
2020-04-16 12:31:30.001,0,10.3,6.8,4
2020-04-16 12:46:30.000,0,16.3,6.3,7
2020-04-16 13:01:30.000,0,8.1,2.2,4
2020-04-16 13:16:30.000,0,11.7,1.9,5
2020-04-16 13:31:30.000,0,22.1,4.2,7
2020-04-16 13:46:30.000,1,35.6,25.1,18
2020-04-16 14:01:30.000,3,24.0,16.7,15
2020-04-16 14:16:30.001,4,29.9,7.6,12
2020-04-16 14:31:30.001,6,49.2,17.1,22
2020-04-16 14:46:30.000,8,88.9,26.8,29
2020-04-16 15:01:30.000,9,67.8,22.8,26
2020-04-16 15:16:30.000,9,70.9,10.4,22
2020-04-16 15:31:30.000,9,58.2,10.2,26
2020-04-16 15:46:30.000,9,48.2,8.5,18
2020-04-16 16:01:30.000,10,75.0,11.1,25
2020-04-16 16:16:30.000,10,97.4,14.2,28
2020-04-16 16:31:30.000,10,109.5,17.2,28
2020-04-16 16:46:30.000,10,93.0,14.7,28
2020-04-16 17:01:30.000,10,110.1,15.7,28
2020-04-16 17:16:30.000,10,87.5,13.3,24
2020-04-16 17:31:30.000,11,89.5,16.2,28
2020-04-16 17:46:30.000,11,84.5,14.0,27
2020-04-16 18:01:30.000,11,123.6,19.4,36
2020-04-16 18:16:30.000,12,118.7,19.4,36
2020-04-16 18:31:30.000,12,153.7,19.4,43
2020-04-16 18:46:30.000,13,130.0,16.8,35
2020-04-16 19:01:30.000,13,152.0,18.5,38
2020-04-16 19:16:30.000,13,136.9,20.1,39
2020-04-16 19:31:30.001,14,97.5,16.7,39
2020-04-16 19:46:30.000,14,89.2,16.0,30
2020-04-16 20:01:30.000,14,140.1,29.3,52
2020-04-16 20:16:30.000,14,121.2,26.6,44
2020-04-16 20:31:30.000,14,108.6,21.6,38
2020-04-16 20:46:30.000,14,146.9,25.0,42
2020-04-16 21:01:30.000,14,144.2,33.3,48
2020-04-16 21:16:30.000,14,116.4,23.2,39
2020-04-16 21:31:30.000,15,127.8,28.3,41
2020-04-16 21:46:30.001,15,149.7,39.0,50
2020-04-16 22:01:30.000,16,146.1,42.2,49
2020-04-16 22:16:30.000,16,103.2,33.4,42
2020-04-16 22:31:30.000,16,113.0,38.2,45
2020-04-16 22:46:30.000,17,197.2,54.9,65
2020-04-16 23:01:30.000,18,263.2,72.3,76
2020-04-16 23:16:30.000,19,225.6,66.2,62
2020-04-16 23:31:30.000,19,181.5,53.1,55
2020-04-16 23:46:30.000,19,196.8,47.6,51
2020-04-17 00:01:30.000,19,174.5,39.9,45
2020-04-17 00:16:30.000,19,201.3,38.3,52
2020-04-17 00:31:30.001,19,207.1,31.0,51
2020-04-17 00:46:30.000,17,124.0,28.0,43
2020-04-17 01:01:30.001,16,115.4,17.3,33
2020-04-17 01:16:30.000,15,134.1,19.4,36
2020-04-17 01:31:30.000,14,123.8,11.6,30
2020-04-17 01:46:30.000,12,63.2,9.2,21
2020-04-17 02:01:30.001,11,60.2,10.8,23
2020-04-17 02:16:30.000,10,80.5,7.6,30
2020-04-17 02:31:30.000,9,53.7,5.8,18
2020-04-17 02:46:30.001,8,60.6,5.6,18
2020-04-17 03:01:30.000,8,81.5,7.1,16
2020-04-17 03:16:30.000,8,128.9,11.3,31
2020-04-17 03:31:30.000,7,140.2,12.0,26
2020-04-17 03:46:30.000,6,113.5,11.7,28
2020-04-17 04:01:30.000,4,79.0,8.6,17
2020-04-17 04:16:30.001,3,32.5,5.2,10
2020-04-17 04:31:30.000,2,41.9,9.5,14
2020-04-17 04:46:30.000,1,38.9,7.3,14
2020-04-17 05:01:30.000,0,23.3,3.9,7
2020-04-17 05:16:30.000,0,31.3,5.4,10
2020-04-17 05:31:30.000,0,42.4,4.0,11
2020-04-17 05:46:30.001,0,24.7,3.9,11
2020-04-17 06:01:30.000,0,24.7,3.4,9
2020-04-17 06:16:30.001,0,13.2,2.2,5
2020-04-17 06:31:30.000,0,22.8,2.7,6
2020-04-17 06:46:30.001,0,15.8,1.2,4
2020-04-17 07:01:30.000,0,8.9,0.6,4
2020-04-17 07:16:30.000,0,13.0,1.3,4
2020-04-17 07:31:30.000,0,6.7,1.2,2
2020-04-17 07:46:30.000,0,5.9,1.3,3
2020-04-17 08:01:30.000,0,5.2,0.7,1
2020-04-17 08:16:30.136,0,0.0,0.0,0
2020-04-17 08:31:30.001,0,20.0,2.3,7
2020-04-17 08:46:30.000,0,19.5,1.9,7
2020-04-17 09:01:30.001,0,13.5,1.1,4
2020-04-17 09:16:30.001,0,7.2,0.3,2
2020-04-17 09:31:30.000,0,2.4,2.0,1
2020-04-17 09:46:30.000,0,7.5,1.0,2
2020-04-17 10:01:30.000,0,10.6,0.9,5
2020-04-17 10:16:30.000,0,7.9,0.7,3
2020-04-17 10:31:30.000,0,5.7,1.0,3
2020-04-17 10:46:30.001,0,5.7,0.5,2
2020-04-17 11:01:30.000,0,0.0,0.0,0
2020-04-17 11:16:30.000,0,2.1,0.5,1
2020-04-17 11:31:30.000,0,4.7,0.7,2
2020-04-17 11:46:30.000,0,20.0,1.7,6
2020-04-17 12:01:30.000,0,9.1,1.5,3
2020-04-17 12:16:30.000,0,13.4,4.5,5
2020-04-17 12:31:30.000,0,18.5,3.5,4
2020-04-17 12:46:30.001,0,27.8,6.7,5
2020-04-17 13:01:30.001,0,14.9,2.7,5
2020-04-17 13:16:30.000,0,12.3,6.6,5
2020-04-17 13:31:30.000,0,9.7,3.7,6
2020-04-17 13:46:30.001,0,27.4,16.3,14
2020-04-17 14:01:30.000,2,40.7,13.0,14
2020-04-17 14:16:30.000,3,23.0,6.9,9
2020-04-17 14:31:30.000,4,23.5,7.8,10
2020-04-17 14:46:30.000,6,27.5,13.6,14
2020-04-17 15:01:30.000,7,42.9,15.1,16
2020-04-17 15:16:30.001,8,50.1,9.4,19
2020-04-17 15:31:30.000,8,78.2,8.6,22
2020-04-17 15:46:30.000,8,51.7,10.3,17
2020-04-17 16:01:30.000,9,50.0,8.2,20
2020-04-17 16:16:30.000,9,75.5,16.2,27
2020-04-17 16:31:30.001,9,114.1,14.4,36
2020-04-17 16:46:30.000,10,153.9,24.5,45
2020-04-17 17:01:30.000,10,138.5,22.0,41
2020-04-17 17:16:30.000,10,126.0,13.6,33
2020-04-17 17:31:30.000,11,151.8,22.9,36
2020-04-17 17:46:30.000,12,141.5,29.1,48
2020-04-17 18:01:00.000,12,146.0,27.6,44
2020-04-17 18:16:30.000,13,122.9,23.3,39
2020-04-17 18:31:30.000,13,144.2,26.9,48
2020-04-17 18:46:30.000,13,99.3,19.2,32
2020-04-17 19:01:30.000,14,117.1,17.1,34
2020-04-17 19:16:30.000,14,142.1,18.2,46
2020-04-17 19:31:30.000,15,144.1,21.7,46
2020-04-17 19:46:30.000,15,158.0,28.3,54
2020-04-17 20:01:30.001,15,203.6,38.7,66
2020-04-17 20:16:30.000,16,201.8,27.7,56
2020-04-17 20:31:30.000,16,169.3,32.8,64
2020-04-17 20:46:30.000,16,179.9,26.6,52
2020-04-17 21:01:30.000,16,181.0,29.3,58
2020-04-17 21:16:30.000,16,156.7,27.9,57
2020-04-17 21:31:30.001,16,125.2,22.5,44
2020-04-17 21:46:30.000,17,182.4,36.5,61
2020-04-17 22:01:30.001,18,205.7,40.9,63
2020-04-17 22:16:30.000,18,156.3,38.6,59
2020-04-17 22:31:30.000,19,224.9,58.1,76
2020-04-17 22:46:30.000,19,198.3,57.8,71
2020-04-17 23:01:30.000,20,238.6,68.7,77
2020-04-17 23:16:30.000,20,203.2,59.3,70
2020-04-17 23:31:30.000,20,202.5,62.8,76
2020-04-17 23:46:30.000,20,153.0,45.5,58
2020-04-18 00:01:30.000,19,114.8,30.5,44
2020-04-18 00:16:30.000,19,113.2,22.6,43
2020-04-18 00:31:30.000,18,140.1,24.8,51
2020-04-18 00:46:30.001,17,93.7,19.4,42
2020-04-18 01:01:30.000,16,80.5,13.6,29
2020-04-18 01:16:30.001,15,86.1,10.3,27
2020-04-18 01:31:30.000,14,72.7,7.4,25
2020-04-18 01:46:30.000,13,79.4,9.2,25
2020-04-18 02:01:30.000,12,67.6,7.0,23
2020-04-18 02:16:30.000,11,47.4,4.3,18
2020-04-18 02:31:30.000,10,67.5,5.4,24
2020-04-18 02:46:30.000,9,60.9,8.1,22
2020-04-18 03:01:30.001,9,47.5,7.3,19
2020-04-18 03:16:30.001,8,47.3,7.2,14
2020-04-18 03:31:30.000,7,64.7,12.5,21
2020-04-18 03:46:30.000,6,60.1,8.3,18
2020-04-18 04:01:30.000,5,68.8,13.5,23
2020-04-18 04:16:30.000,4,91.5,15.4,27
2020-04-18 04:31:30.000,3,90.1,15.1,24
2020-04-18 04:46:30.000,2,56.9,12.7,16
2020-04-18 05:01:30.000,1,29.8,5.7,10
2020-04-18 05:16:30.000,0,39.0,4.4,11
2020-04-18 05:31:30.000,0,39.2,5.6,11
2020-04-18 05:46:30.000,0,18.7,1.9,4
2020-04-18 06:01:30.000,0,25.7,4.2,10
2020-04-18 06:16:30.000,0,11.3,2.8,4
2020-04-18 06:31:30.000,0,14.1,1.7,6
2020-04-18 06:46:30.000,0,24.6,2.6,7
2020-04-18 07:01:30.000,0,16.5,1.0,5
2020-04-18 07:16:30.000,0,31.7,2.9,10
2020-04-18 07:31:30.000,0,19.0,1.8,8
2020-04-18 07:46:30.000,0,19.4,4.9,7
2020-04-18 08:01:30.000,0,20.8,1.6,6
2020-04-18 08:16:30.000,0,7.9,1.2,4
2020-04-18 08:31:30.001,0,10.9,1.6,5
2020-04-18 08:46:30.000,0,7.7,0.4,2
2020-04-18 09:01:30.000,0,0.0,0.0,0
2020-04-18 09:16:30.000,0,5.7,0.1,1
2020-04-18 09:31:30.001,0,1.5,1.7,1
2020-04-18 09:46:30.000,0,15.9,2.0,2
2020-04-18 10:01:30.000,0,9.4,1.5,4
2020-04-18 10:16:30.000,0,6.1,0.8,2
2020-04-18 10:31:30.000,0,9.4,2.4,4
2020-04-18 10:46:30.000,0,18.1,2.5,5
2020-04-18 11:01:30.001,0,10.6,1.0,1
2020-04-18 11:16:30.000,0,3.0,0.2,1
2020-04-18 11:31:30.000,0,11.6,2.5,4
2020-04-18 11:46:30.000,0,11.8,1.5,4
2020-04-18 12:01:30.000,0,13.0,1.9,3
2020-04-18 12:16:30.000,0,11.4,2.2,3
2020-04-18 12:31:30.000,0,1.7,1.9,2
2020-04-18 12:46:30.000,0,7.7,5.3,4
2020-04-18 13:01:30.000,0,2.6,3.2,2
2020-04-18 13:16:30.000,0,10.6,3.6,5
2020-04-18 13:31:30.000,0,5.5,0.5,2
2020-04-18 13:46:30.000,0,10.5,3.0,5
2020-04-18 14:01:30.000,0,8.3,1.8,3
2020-04-18 14:16:30.000,0,25.3,6.8,8
2020-04-18 14:31:30.000,0,15.5,5.2,8
2020-04-18 14:46:30.000,0,32.1,4.7,8
2020-04-18 15:01:30.000,0,12.0,4.3,6
2020-04-18 15:16:30.000,0,16.3,2.4,7
2020-04-18 15:31:30.001,1,28.5,6.2,11
2020-04-18 15:46:30.000,2,28.3,5.7,11
2020-04-18 16:01:30.001,2,39.5,5.6,12
2020-04-18 16:16:30.001,3,29.6,3.2,7
2020-04-18 16:31:30.000,4,48.9,4.7,9
2020-04-18 16:46:30.000,4,53.9,8.2,20
2020-04-18 17:01:30.000,5,30.7,7.1,13
2020-04-18 17:16:30.001,6,78.6,11.7,22
2020-04-18 17:31:30.000,7,74.0,9.8,20
2020-04-18 17:46:30.001,8,108.2,13.3,31
2020-04-18 18:01:30.000,8,102.4,14.4,28
2020-04-18 18:16:30.000,9,69.6,10.8,21
2020-04-18 18:31:30.000,10,56.3,7.6,18
2020-04-18 18:46:30.000,10,101.0,14.1,26
2020-04-18 19:01:30.000,11,94.7,17.2,26
2020-04-18 19:16:30.000,12,90.5,10.5,28
2020-04-18 19:31:30.000,12,122.7,19.3,38
2020-04-18 19:46:30.000,12,125.4,21.7,40
2020-04-18 20:01:30.000,13,123.9,16.3,34
2020-04-18 20:16:30.000,13,125.6,22.5,41
2020-04-18 20:31:30.000,13,122.9,17.8,42
2020-04-18 20:46:30.001,13,101.4,17.9,38
2020-04-18 21:01:30.000,13,115.9,16.5,40
2020-04-18 21:16:30.000,13,95.0,16.4,33
2020-04-18 21:31:30.000,13,131.7,21.7,38
2020-04-18 21:46:30.000,13,146.8,25.3,47
2020-04-18 22:01:30.000,13,131.4,17.7,36
2020-04-18 22:16:30.000,13,125.6,18.9,38
2020-04-18 22:31:30.000,13,112.9,15.3,35
2020-04-18 22:46:30.000,13,135.0,20.0,39
2020-04-18 23:01:30.000,12,100.4,13.3,29
2020-04-18 23:16:30.000,12,106.9,16.7,37
2020-04-18 23:31:30.000,12,71.7,11.2,24
2020-04-18 23:46:30.000,12,78.7,14.4,27
2020-04-19 00:01:30.000,11,88.0,12.8,30
2020-04-19 00:16:30.000,11,53.9,7.6,18
2020-04-19 00:31:30.001,11,64.3,8.7,23
2020-04-19 00:46:30.000,10,70.6,8.2,21
2020-04-19 01:01:30.000,10,79.9,8.6,27
2020-04-19 01:16:30.000,9,80.5,9.8,26
2020-04-19 01:31:30.000,9,77.2,8.0,23
2020-04-19 01:46:30.000,8,80.8,9.3,32
2020-04-19 02:01:30.000,7,68.4,8.9,23
2020-04-19 02:16:30.000,7,51.0,6.4,19
2020-04-19 02:31:30.001,7,60.0,10.7,22
2020-04-19 02:46:30.000,6,64.1,7.7,19
2020-04-19 03:01:30.001,6,75.0,9.8,25
2020-04-19 03:16:30.000,6,53.6,9.0,15
2020-04-19 03:31:30.000,5,68.6,10.6,18
2020-04-19 03:46:30.000,4,50.3,9.5,15
2020-04-19 04:01:30.000,3,52.6,10.8,15
2020-04-19 04:16:30.000,2,50.1,12.0,16
2020-04-19 04:31:30.000,1,45.3,8.2,17
2020-04-19 04:46:30.000,0,39.1,5.1,14
2020-04-19 05:01:30.000,0,32.7,4.9,12
2020-04-19 05:16:30.000,0,22.8,2.1,8
2020-04-19 05:31:30.000,0,16.9,2.0,6
2020-04-19 05:46:30.000,0,8.8,1.7,4
2020-04-19 06:01:30.000,0,10.1,0.6,3
2020-04-19 06:16:30.000,0,4.4,0.1,1
2020-04-19 06:31:30.001,0,24.4,1.6,8
2020-04-19 06:46:30.000,0,31.3,2.7,10
2020-04-19 07:01:30.000,0,4.8,0.5,1
2020-04-19 07:16:30.000,0,7.9,0.8,3
2020-04-19 07:31:30.000,0,3.1,0.4,1
2020-04-19 07:46:30.000,0,6.4,0.4,2
2020-04-19 08:01:30.000,0,3.3,0.2,1
2020-04-19 08:16:30.000,0,0.0,0.0,0
2020-04-19 08:31:30.000,0,6.4,0.6,3
2020-04-19 08:46:30.000,0,5.6,0.6,3
2020-04-19 09:01:30.001,0,11.8,2.0,4
2020-04-19 09:16:30.000,0,2.7,0.3,1
2020-04-19 09:31:30.001,0,9.0,1.2,3
2020-04-19 09:46:30.000,0,6.2,0.5,1
2020-04-19 10:01:30.000,0,6.9,0.9,2
2020-04-19 10:16:30.000,0,3.7,0.2,1
2020-04-19 10:31:30.000,0,10.2,0.9,3
2020-04-19 10:46:30.001,0,7.3,0.7,2
2020-04-19 11:01:30.001,0,4.6,1.9,2
2020-04-19 11:16:30.000,0,8.0,0.7,3
2020-04-19 11:31:30.000,0,9.4,0.6,3
2020-04-19 11:46:30.000,0,9.1,0.6,3
2020-04-19 12:01:30.001,0,5.8,0.3,2
2020-04-19 12:16:30.000,0,4.4,0.5,2
2020-04-19 12:31:30.000,0,8.0,1.1,3
2020-04-19 12:46:30.000,0,8.2,0.6,3
2020-04-19 13:01:30.000,0,2.5,0.2,1
2020-04-19 13:16:30.000,0,8.1,2.3,3
2020-04-19 13:31:30.000,0,3.9,3.8,2
2020-04-19 13:46:30.001,0,0.0,0.0,0
2020-04-19 14:01:30.000,0,2.9,0.3,1
2020-04-19 14:16:30.000,0,9.3,0.4,2
2020-04-19 14:31:30.000,0,9.9,0.8,3
2020-04-19 14:46:30.001,0,17.0,1.4,6
2020-04-19 15:01:30.000,0,12.4,2.5,6
2020-04-19 15:16:30.000,0,16.7,1.2,5
2020-04-19 15:31:30.001,0,2.0,0.2,1
2020-04-19 15:46:30.000,0,9.6,1.9,4
2020-04-19 16:01:30.001,0,12.8,1.3,5
2020-04-19 16:16:30.000,0,15.6,1.2,5
2020-04-19 16:31:30.000,1,14.6,1.1,4
2020-04-19 16:46:30.000,1,10.1,2.8,5
2020-04-19 17:01:30.000,2,10.5,2.1,5
2020-04-19 17:16:30.000,3,19.6,3.9,9
2020-04-19 17:31:30.000,3,16.5,5.8,9
2020-04-19 17:46:30.000,4,20.4,4.4,7
2020-04-19 18:01:30.000,4,17.9,5.4,6
2020-04-19 18:16:30.001,5,31.4,6.0,11
2020-04-19 18:31:30.001,6,25.5,3.8,8
2020-04-19 18:46:30.000,6,55.1,9.1,18
2020-04-19 19:01:30.000,7,35.0,5.5,12
2020-04-19 19:16:30.000,7,29.7,5.2,10
2020-04-19 19:31:30.001,8,44.1,7.5,17
2020-04-19 19:46:30.000,8,67.3,10.6,23
2020-04-19 20:01:30.000,8,66.9,10.7,21
2020-04-19 20:16:30.001,9,64.0,14.0,25
2020-04-19 20:31:30.000,9,56.3,9.1,18
2020-04-19 20:46:30.000,9,68.4,11.3,23
2020-04-19 21:01:30.000,9,67.9,11.1,17
2020-04-19 21:16:30.000,9,65.7,8.6,18
2020-04-19 21:31:30.000,9,44.4,7.1,11
2020-04-19 21:46:30.000,9,79.8,12.0,25
2020-04-19 22:01:30.000,9,64.2,8.9,22
2020-04-19 22:16:30.000,9,78.3,11.1,20
2020-04-19 22:31:30.000,9,86.4,12.1,24
2020-04-19 22:46:30.000,9,60.0,10.8,21
2020-04-19 23:01:30.000,9,49.4,8.3,16
2020-04-19 23:16:30.000,9,67.9,12.0,22
2020-04-19 23:31:30.000,9,54.4,9.0,20
2020-04-19 23:46:30.000,9,77.2,9.8,22
2020-04-20 00:01:30.000,8,60.4,9.5,14
2020-04-20 00:16:30.000,8,52.6,9.6,16
2020-04-20 00:31:30.000,8,71.6,13.4,23
2020-04-20 00:46:30.000,8,46.2,7.8,20
2020-04-20 01:01:30.000,7,37.1,5.7,17
2020-04-20 01:16:30.000,7,67.1,8.8,24
2020-04-20 01:31:30.000,7,67.3,9.2,24
2020-04-20 01:46:30.001,6,57.8,6.0,18
2020-04-20 02:01:30.000,5,52.0,3.6,17
2020-04-20 02:16:30.000,5,51.3,6.6,18
2020-04-20 02:31:30.000,5,52.8,7.7,18
2020-04-20 02:46:30.000,4,48.3,6.0,16
2020-04-20 03:01:30.000,5,69.5,7.3,21
2020-04-20 03:16:30.000,4,77.1,7.4,19
2020-04-20 03:31:30.000,3,65.4,6.4,19
2020-04-20 03:46:30.001,3,43.7,6.4,16
2020-04-20 04:01:30.000,2,70.2,8.0,16
2020-04-20 04:16:30.000,1,72.8,7.5,16
2020-04-20 04:31:30.000,0,52.8,5.4,15
2020-04-20 04:46:30.000,0,28.2,5.5,10
2020-04-20 05:01:30.000,0,39.6,6.8,11
2020-04-20 05:16:30.000,0,30.9,9.0,8
2020-04-20 05:31:30.001,0,12.6,1.8,4
2020-04-20 05:46:30.000,0,17.8,1.7,7
2020-04-20 06:01:30.000,0,19.4,1.7,6
2020-04-20 06:16:30.000,0,14.0,0.8,4
2020-04-20 06:31:30.001,0,5.7,0.7,2
2020-04-20 06:46:30.000,0,2.5,0.1,1
2020-04-20 07:01:30.000,0,15.3,1.3,5
2020-04-20 07:16:30.000,0,11.2,2.7,5
2020-04-20 07:31:30.001,0,10.9,1.7,4
2020-04-20 07:46:30.000,0,4.1,1.2,2
2020-04-20 08:01:30.000,0,16.3,1.6,4
2020-04-20 08:16:30.000,0,14.8,1.9,4
2020-04-20 08:31:30.000,0,6.0,0.4,2
2020-04-20 08:46:30.000,0,0.0,0.0,0
2020-04-20 09:01:30.000,0,5.9,0.5,2
2020-04-20 09:16:30.001,0,15.2,1.1,4
2020-04-20 09:31:30.001,0,5.4,0.5,1
2020-04-20 09:46:30.000,0,2.7,0.4,1
2020-04-20 10:01:30.001,0,2.4,0.4,1
2020-04-20 10:16:30.000,0,2.9,2.0,2
2020-04-20 10:31:30.000,0,2.4,0.2,1
2020-04-20 10:46:30.000,0,5.0,1.1,2
2020-04-20 11:01:30.001,0,2.9,0.4,1
2020-04-20 11:16:30.000,0,3.7,0.8,1
2020-04-20 11:31:30.000,0,7.2,2.4,3
2020-04-20 11:46:30.000,0,13.2,2.8,5
2020-04-20 12:01:30.000,0,5.3,0.6,2
2020-04-20 12:16:30.001,0,4.3,0.2,1
2020-04-20 12:31:30.000,0,16.1,2.2,6
2020-04-20 12:46:30.000,0,56.0,11.0,10
2020-04-20 13:01:30.001,0,23.5,6.4,7
2020-04-20 13:16:30.001,0,21.2,8.1,6
2020-04-20 13:31:30.000,0,22.8,9.7,10
2020-04-20 13:46:30.000,0,32.3,16.3,16
2020-04-20 14:01:30.000,2,13.8,12.4,9
2020-04-20 14:16:30.000,3,33.4,14.4,15
2020-04-20 14:31:30.000,4,36.2,12.0,15
2020-04-20 14:46:30.000,6,56.7,20.7,21
2020-04-20 15:01:30.000,8,44.1,13.1,19
2020-04-20 15:16:30.000,8,56.6,9.6,22
2020-04-20 15:31:30.000,8,73.0,10.8,23
2020-04-20 15:46:30.000,8,73.3,11.9,21
2020-04-20 16:01:30.000,8,62.0,8.2,17
2020-04-20 16:16:30.000,9,89.5,16.3,28
2020-04-20 16:31:30.000,9,67.8,12.7,22
2020-04-20 16:46:30.000,9,79.3,11.2,29
2020-04-20 17:01:30.001,9,99.3,10.8,34
2020-04-20 17:16:30.000,9,111.4,16.7,36
2020-04-20 17:31:30.000,10,60.0,12.8,22
2020-04-20 17:46:30.000,10,78.6,19.4,27
2020-04-20 18:01:30.001,11,72.8,14.3,27
2020-04-20 18:16:30.000,11,78.9,16.4,30
2020-04-20 18:31:30.000,12,108.3,22.8,36
2020-04-20 18:46:30.001,12,139.2,23.7,46
2020-04-20 19:01:30.000,13,123.8,20.1,36
2020-04-20 19:16:30.000,13,115.4,21.7,37
2020-04-20 19:31:30.000,13,136.8,23.5,40
2020-04-20 19:46:30.000,14,123.4,24.8,44
2020-04-20 20:01:30.000,14,122.6,22.0,39
2020-04-20 20:16:30.000,13,141.2,20.4,48
2020-04-20 20:31:30.000,13,136.2,20.3,43
2020-04-20 20:46:30.000,14,156.0,26.0,48
2020-04-20 21:01:30.000,14,158.6,28.1,42
2020-04-20 21:16:30.001,14,162.0,26.0,48
2020-04-20 21:31:30.000,14,149.0,28.4,42
2020-04-20 21:46:30.000,15,149.0,32.0,54
2020-04-20 22:01:30.000,16,131.2,36.6,49
2020-04-20 22:16:30.000,16,138.2,33.0,50
2020-04-20 22:31:30.000,16,158.8,42.4,60
2020-04-20 22:46:30.000,17,176.3,63.1,66
2020-04-20 23:01:30.000,18,164.1,74.4,63
2020-04-20 23:16:30.000,18,172.0,60.1,64
2020-04-20 23:31:30.000,18,177.0,60.7,66
2020-04-20 23:46:30.001,18,179.7,51.0,57
2020-04-21 00:01:30.000,18,185.4,42.4,58
2020-04-21 00:16:30.000,17,135.2,29.7,44
2020-04-21 00:31:30.000,17,111.8,20.4,46
2020-04-21 00:46:30.000,15,114.7,17.2,40
2020-04-21 01:01:30.000,14,70.5,10.0,26
2020-04-21 01:16:30.000,13,64.2,7.4,22
2020-04-21 01:31:30.000,12,66.0,5.7,21
2020-04-21 01:46:30.000,10,98.0,10.7,31
2020-04-21 02:01:30.000,9,70.8,9.7,21
2020-04-21 02:16:30.001,9,103.8,10.7,31
2020-04-21 02:31:30.000,8,76.4,10.9,26
2020-04-21 02:46:30.000,7,61.1,7.5,22
2020-04-21 03:01:30.000,7,37.1,4.5,13
2020-04-21 03:16:30.000,6,79.3,12.3,21
2020-04-21 03:31:30.000,5,53.4,10.8,16
2020-04-21 03:46:30.001,4,36.0,11.1,11
2020-04-21 04:01:30.000,3,47.1,11.3,15
2020-04-21 04:16:30.000,2,82.0,16.5,18
2020-04-21 04:31:30.000,1,56.6,10.1,15
2020-04-21 04:46:30.000,0,37.1,5.3,14
2020-04-21 05:01:30.001,0,75.2,7.5,16
2020-04-21 05:16:30.000,0,49.9,7.7,16
2020-04-21 05:31:30.000,0,42.3,7.6,12
2020-04-21 05:46:30.000,0,33.8,3.3,9
2020-04-21 06:01:30.000,0,35.1,4.7,11
2020-04-21 06:16:30.001,0,13.2,1.3,4
2020-04-21 06:31:30.000,0,11.7,1.3,3
2020-04-21 06:46:30.001,0,8.8,0.8,2
2020-04-21 07:01:30.001,0,4.8,1.7,3
2020-04-21 07:16:30.000,0,9.3,3.1,4
2020-04-21 07:31:30.000,0,6.9,1.6,2
2020-04-21 07:46:30.000,0,3.4,0.7,1
2020-04-21 08:01:30.000,0,9.8,2.4,4
2020-04-21 08:16:30.000,0,6.2,1.4,4
2020-04-21 08:31:30.001,0,3.6,0.9,2
2020-04-21 08:46:30.001,0,11.3,0.7,2
2020-04-21 09:01:30.001,0,8.6,0.3,2
2020-04-21 09:16:30.000,0,19.6,2.6,6
2020-04-21 09:31:30.000,0,9.5,2.1,3
2020-04-21 09:46:30.000,0,0.0,0.0,0
2020-04-21 10:01:30.000,0,0.0,0.0,0
2020-04-21 10:16:30.000,0,3.5,2.8,2
2020-04-21 10:31:30.000,0,8.0,0.8,3
2020-04-21 10:46:30.000,0,4.9,0.7,1
2020-04-21 11:01:30.001,0,3.0,0.1,1
2020-04-21 11:16:30.000,0,3.7,1.0,2
2020-04-21 11:31:30.000,0,11.2,1.4,3
2020-04-21 11:46:30.000,0,6.4,1.5,3
2020-04-21 12:01:30.000,0,6.5,3.7,3
2020-04-21 12:16:30.000,0,5.2,3.8,3
2020-04-21 12:31:30.000,0,6.8,1.4,3
2020-04-21 12:46:30.000,0,6.3,0.6,2
2020-04-21 13:01:30.001,0,0.9,0.9,1
2020-04-21 13:16:30.000,0,4.4,0.3,2
2020-04-21 13:31:30.000,0,7.3,1.4,4
2020-04-21 13:46:30.000,1,21.0,15.6,10
2020-04-21 14:01:30.000,3,42.1,19.9,20
2020-04-21 14:16:30.000,4,39.3,11.3,17
2020-04-21 14:31:30.000,5,54.4,14.3,20
2020-04-21 14:46:30.000,7,63.7,25.6,26
2020-04-21 15:01:30.000,9,89.8,20.0,33
2020-04-21 15:16:30.000,9,85.0,10.7,20
2020-04-21 15:31:30.000,9,71.8,9.4,21
2020-04-21 15:46:30.000,9,87.2,15.8,27
2020-04-21 16:01:30.000,10,85.9,15.9,28
2020-04-21 16:16:30.000,9,83.7,16.6,25
2020-04-21 16:31:30.000,10,97.9,18.6,26
2020-04-21 16:46:30.000,10,156.9,20.1,32
2020-04-21 17:01:30.000,10,134.8,16.7,31
2020-04-21 17:16:30.000,10,118.6,16.6,27
2020-04-21 17:31:30.000,11,126.8,18.8,31
2020-04-21 17:46:30.000,11,121.7,20.7,33
2020-04-21 18:01:30.000,11,101.8,17.6,28
2020-04-21 18:16:30.001,12,86.1,13.0,32
2020-04-21 18:31:30.000,12,86.4,15.9,32
2020-04-21 18:46:30.000,13,130.8,22.8,41
2020-04-21 19:01:30.001,13,139.3,18.8,44
2020-04-21 19:16:30.000,14,130.8,21.2,39
2020-04-21 19:31:30.000,14,154.8,23.4,47
2020-04-21 19:46:30.000,14,144.0,22.8,42
2020-04-21 20:01:30.000,14,101.2,17.2,32
2020-04-21 20:16:30.000,14,123.9,19.9,42
2020-04-21 20:31:30.001,14,86.4,13.0,30
2020-04-21 20:46:30.000,14,97.9,16.4,38
2020-04-21 21:01:30.000,14,114.4,24.6,37
2020-04-21 21:16:30.000,14,126.0,21.1,37
2020-04-21 21:31:30.001,15,170.0,34.1,51
2020-04-21 21:46:30.000,16,171.1,41.5,56
2020-04-21 22:01:30.000,16,141.4,45.6,53
2020-04-21 22:16:30.000,17,133.3,37.9,40
2020-04-21 22:31:30.000,17,156.2,54.6,59
2020-04-21 22:46:30.000,18,195.5,74.2,75
2020-04-21 23:01:30.000,19,193.0,77.6,75
2020-04-21 23:16:30.000,19,166.9,59.5,64
2020-04-21 23:31:30.001,19,173.5,54.9,65
2020-04-21 23:46:30.000,18,152.8,46.4,56
2020-04-22 00:01:30.000,18,84.9,26.0,36
2020-04-22 00:16:30.000,18,117.4,30.5,41
2020-04-22 00:31:30.000,17,139.2,27.6,50
2020-04-22 00:46:30.000,17,66.1,8.9,22
2020-04-22 01:01:30.000,15,69.1,12.9,25
2020-04-22 01:16:30.000,14,57.3,7.9,21
2020-04-22 01:31:30.000,13,55.1,6.2,18
2020-04-22 01:46:30.000,12,47.0,7.3,17
2020-04-22 02:01:30.000,11,56.2,9.1,25
2020-04-22 02:16:30.000,10,40.4,4.1,15
2020-04-22 02:31:30.000,8,63.6,7.0,22
2020-04-22 02:46:30.000,8,44.3,4.2,15
2020-04-22 03:01:30.000,7,52.2,4.4,18
2020-04-22 03:16:30.000,7,63.4,7.2,16
2020-04-22 03:31:30.000,6,67.9,13.9,23
2020-04-22 03:46:30.000,5,50.4,8.6,17
2020-04-22 04:01:30.000,4,22.8,5.7,10
2020-04-22 04:16:30.001,3,47.5,5.3,15
2020-04-22 04:31:30.000,1,43.5,5.9,13
2020-04-22 04:46:30.000,1,71.6,10.5,13
2020-04-22 05:01:30.001,0,40.7,10.8,10
2020-04-22 05:16:30.000,0,26.2,3.7,9
2020-04-22 05:31:30.000,0,41.5,6.3,11
2020-04-22 05:46:30.000,0,50.5,5.3,16
2020-04-22 06:01:30.001,0,36.6,8.5,14
2020-04-22 06:16:30.000,0,7.1,3.3,4
2020-04-22 06:31:30.001,0,26.9,5.2,9
2020-04-22 06:46:30.000,0,7.5,2.0,2
2020-04-22 07:01:30.000,0,21.8,3.8,7
2020-04-22 07:16:30.000,0,6.5,1.8,4
2020-04-22 07:31:30.000,0,14.4,1.2,4
2020-04-22 07:46:30.000,0,21.0,2.9,8
2020-04-22 08:01:30.001,0,28.9,3.9,6
2020-04-22 08:16:30.000,0,13.4,3.5,6
2020-04-22 08:31:30.001,0,31.4,5.3,9
2020-04-22 08:46:30.000,0,23.5,5.2,11
2020-04-22 09:01:30.001,0,17.1,3.4,9
2020-04-22 09:16:30.000,0,7.7,2.1,4
2020-04-22 09:31:30.000,0,14.0,2.9,5
2020-04-22 09:46:30.000,0,18.7,4.8,6
2020-04-22 10:01:30.000,0,19.9,2.4,7
2020-04-22 10:16:30.001,0,12.1,1.7,4
2020-04-22 10:31:30.001,0,14.6,3.1,4
2020-04-22 10:46:30.000,0,0.0,0.0,0
2020-04-22 11:01:30.000,0,0.0,0.0,0
2020-04-22 11:16:30.000,0,7.0,1.7,2
2020-04-22 11:31:30.000,0,13.8,2.1,3
2020-04-22 11:46:30.000,0,7.6,0.6,1
2020-04-22 12:01:30.000,0,2.6,0.2,1
2020-04-22 12:16:30.001,0,1.9,1.9,1
2020-04-22 12:31:30.000,0,6.3,1.1,3
2020-04-22 12:46:30.000,0,14.1,1.3,5
2020-04-22 13:01:30.000,0,19.3,1.7,6
2020-04-22 13:16:30.000,0,34.9,6.6,8
2020-04-22 13:31:30.000,0,26.5,6.4,12
2020-04-22 13:46:30.000,1,43.2,28.8,23
2020-04-22 14:01:30.000,4,53.6,30.1,27
2020-04-22 14:16:30.000,5,47.6,14.6,20
2020-04-22 14:31:30.000,6,50.9,20.2,23
2020-04-22 14:46:30.000,8,83.8,31.1,35
2020-04-22 15:01:30.000,10,95.3,34.5,37
2020-04-22 15:16:30.000,10,72.9,17.1,25
2020-04-22 15:31:30.000,10,57.8,13.7,20
2020-04-22 15:46:30.000,10,78.1,15.0,29
2020-04-22 16:01:30.001,10,91.9,14.6,31
2020-04-22 16:16:30.000,10,78.9,13.2,28
2020-04-22 16:31:30.000,10,75.7,11.6,27
2020-04-22 16:46:30.000,10,103.4,15.9,29
2020-04-22 17:01:30.000,10,104.4,18.4,33
2020-04-22 17:16:30.000,10,115.9,15.1,33
2020-04-22 17:31:30.000,11,114.3,20.2,38
2020-04-22 17:46:30.001,11,104.8,17.9,34
2020-04-22 18:01:30.000,11,126.8,16.6,32
2020-04-22 18:16:30.000,12,136.6,17.6,35
2020-04-22 18:31:30.000,12,117.8,17.5,33
2020-04-22 18:46:30.000,13,114.0,18.3,35
2020-04-22 19:01:30.000,13,184.5,23.4,50
2020-04-22 19:16:30.000,14,149.8,19.1,40
2020-04-22 19:31:30.000,14,129.9,17.5,38
2020-04-22 19:46:30.000,14,107.0,22.0,38
2020-04-22 20:01:30.000,14,137.9,21.4,41
2020-04-22 20:16:30.000,14,129.1,20.9,38
2020-04-22 20:31:30.000,14,102.3,17.0,31
2020-04-22 20:46:30.000,14,101.5,15.8,36
2020-04-22 21:01:30.000,14,108.6,18.5,32
2020-04-22 21:16:30.000,14,108.0,20.4,35
2020-04-22 21:31:00.000,14,115.8,24.3,37
2020-04-22 21:46:30.000,16,160.7,45.1,55
2020-04-22 22:01:30.000,17,156.3,55.0,50
2020-04-22 22:16:30.000,17,189.5,58.3,63
2020-04-22 22:31:30.001,17,264.9,61.3,58
2020-04-22 22:46:30.001,18,269.3,80.6,69
2020-04-22 23:01:30.000,20,390.1,101.6,84
2020-04-22 23:16:30.000,20,423.5,110.1,100
2020-04-22 23:31:30.001,21,504.5,115.8,100
2020-04-22 23:46:30.000,21,341.8,105.9,88
2020-04-23 00:01:30.000,21,257.9,81.9,86
2020-04-23 00:16:30.000,20,206.0,64.6,81
2020-04-23 00:31:30.000,19,161.2,43.0,48
2020-04-23 00:46:30.000,18,92.7,33.7,41
2020-04-23 01:01:30.000,16,110.4,14.1,35
2020-04-23 01:16:30.001,15,105.7,13.9,27
2020-04-23 01:31:30.000,14,93.3,8.5,23
2020-04-23 01:46:30.000,12,76.2,9.0,21
2020-04-23 02:01:30.000,11,89.8,11.0,26
2020-04-23 02:16:30.000,11,76.5,9.6,19
2020-04-23 02:31:30.000,9,58.4,6.7,15
2020-04-23 02:46:30.000,9,60.0,8.0,23
2020-04-23 03:01:30.000,8,60.0,5.8,15
2020-04-23 03:16:30.000,8,67.4,11.0,25
2020-04-23 03:31:30.001,7,50.4,10.5,18
2020-04-23 03:46:30.000,6,53.8,9.3,16
2020-04-23 04:01:30.000,5,67.9,10.6,23
2020-04-23 04:16:30.000,4,55.3,5.4,17
2020-04-23 04:31:30.000,2,58.3,9.5,18
2020-04-23 04:46:30.000,1,44.4,9.9,15
2020-04-23 05:01:30.000,0,51.4,10.4,17
2020-04-23 05:17:00.000,0,61.5,11.0,14
2020-04-23 05:31:30.000,0,44.9,9.9,9
2020-04-23 05:47:00.000,0,32.5,6.4,8
2020-04-23 06:01:30.000,0,40.0,5.9,12
2020-04-23 06:16:30.001,0,24.3,3.5,8
2020-04-23 06:31:30.000,0,3.6,2.0,2
2020-04-23 06:46:30.000,0,13.3,1.0,5
2020-04-23 07:01:30.000,0,32.6,4.0,10
2020-04-23 07:16:30.000,0,28.7,3.3,7
2020-04-23 07:31:30.000,0,17.7,1.2,3
2020-04-23 07:46:30.000,0,9.3,2.6,4
2020-04-23 08:01:30.000,0,11.9,3.4,6
2020-04-23 08:16:30.000,0,10.7,1.4,4
2020-04-23 08:31:30.000,0,10.0,3.0,3
2020-04-23 08:46:30.000,0,0.4,1.0,1
2020-04-23 09:01:30.000,0,15.4,1.6,6
2020-04-23 09:16:30.001,0,14.5,1.3,5
2020-04-23 09:31:30.000,0,12.2,2.0,5
2020-04-23 09:46:30.001,0,12.4,0.9,5
2020-04-23 10:01:30.000,0,9.5,1.0,3
2020-04-23 10:16:30.000,0,14.9,3.8,7
2020-04-23 10:31:30.001,0,6.6,0.5,2
2020-04-23 10:46:30.000,0,3.3,0.1,1
2020-04-23 11:01:30.000,0,4.0,0.8,3
2020-04-23 11:16:30.000,0,5.5,0.6,2
2020-04-23 11:31:30.000,0,2.1,0.3,1
2020-04-23 11:46:30.000,0,1.0,1.2,1
2020-04-23 12:01:30.000,0,4.0,2.4,2
2020-04-23 12:16:30.000,0,7.8,4.9,4
2020-04-23 12:31:30.000,0,0.0,0.0,0
2020-04-23 12:46:30.000,0,13.4,3.2,5
2020-04-23 13:01:30.000,0,10.8,1.2,3
2020-04-23 13:16:30.000,0,4.2,2.3,2
2020-04-23 13:31:30.000,0,33.2,15.0,12
2020-04-23 13:46:30.000,2,94.5,45.1,29
2020-04-23 14:01:30.000,5,105.3,46.5,30
2020-04-23 14:16:30.001,6,106.2,28.6,21
2020-04-23 14:31:30.000,8,82.2,30.0,27
2020-04-23 14:46:30.001,9,81.8,39.1,28
2020-04-23 15:01:30.000,10,81.1,28.8,26
2020-04-23 15:16:30.001,10,80.4,15.0,27
2020-04-23 15:31:30.000,10,79.4,12.2,23
2020-04-23 15:46:30.000,10,64.9,10.0,23
2020-04-23 16:01:30.001,10,56.3,9.2,19
2020-04-23 16:16:30.000,10,53.5,5.6,14
2020-04-23 16:31:30.000,10,57.6,10.4,20
2020-04-23 16:46:30.000,10,59.6,8.2,21
2020-04-23 17:01:30.000,10,57.7,9.2,23
2020-04-23 17:16:30.000,10,67.9,10.4,26
2020-04-23 17:31:30.000,11,80.4,10.4,28
2020-04-23 17:46:30.000,11,91.0,12.0,31
2020-04-23 18:01:30.000,11,111.6,18.0,35
2020-04-23 18:16:30.000,12,98.3,13.4,27
2020-04-23 18:31:30.000,12,105.7,11.7,28
2020-04-23 18:46:30.000,13,138.4,18.3,44
2020-04-23 19:01:30.000,13,115.5,17.5,40
2020-04-23 19:16:30.000,13,122.0,19.2,39
2020-04-23 19:31:30.000,14,151.8,22.6,46
2020-04-23 19:46:30.000,14,107.3,16.1,33
2020-04-23 20:01:30.000,14,91.4,15.3,31
2020-04-23 20:16:30.001,14,130.5,16.6,37
2020-04-23 20:31:30.001,14,168.3,22.1,51
2020-04-23 20:46:30.000,14,122.8,16.0,37
2020-04-23 21:01:30.000,14,119.1,18.7,40
2020-04-23 21:16:30.001,14,109.3,16.1,38
2020-04-23 21:31:30.001,14,115.7,22.8,38
2020-04-23 21:46:30.000,15,187.4,35.9,53
2020-04-23 22:01:30.000,16,206.7,45.6,58
2020-04-23 22:16:30.000,16,161.5,44.0,50
2020-04-23 22:31:30.000,17,130.6,41.4,41
2020-04-23 22:46:30.000,18,166.7,61.9,61
2020-04-23 23:01:30.000,18,165.8,70.5,59
2020-04-23 23:16:30.000,19,183.0,67.4,63
2020-04-23 23:31:30.001,19,174.6,64.2,65
2020-04-23 23:46:30.000,19,159.3,57.2,62
2020-04-24 00:01:30.001,18,146.7,40.9,57
2020-04-24 00:16:30.000,18,108.5,31.3,40
2020-04-24 00:31:30.000,18,89.4,21.5,37
2020-04-24 00:46:30.000,17,85.2,12.8,32
2020-04-24 01:01:30.000,15,59.6,8.5,22
2020-04-24 01:16:30.000,14,39.2,4.3,15
2020-04-24 01:31:30.001,13,49.3,5.3,18
2020-04-24 01:46:30.000,12,53.6,7.8,19
2020-04-24 02:01:30.000,11,91.2,9.4,27
2020-04-24 02:16:30.000,11,92.4,11.5,24
2020-04-24 02:31:30.000,10,84.5,9.2,27
2020-04-24 02:46:30.000,9,84.8,9.3,22
2020-04-24 03:01:30.000,8,63.1,10.2,19
2020-04-24 03:16:30.000,8,98.4,13.3,24
2020-04-24 03:31:30.000,7,72.7,20.7,20
2020-04-24 03:46:30.000,6,94.4,22.9,29
2020-04-24 04:01:30.001,5,62.5,17.9,21
2020-04-24 04:16:30.000,4,43.8,16.2,15
2020-04-24 04:31:30.000,3,38.7,16.0,16
2020-04-24 04:46:30.000,2,34.9,9.5,11
2020-04-24 05:01:30.000,0,43.6,10.8,12
2020-04-24 05:16:30.000,0,52.2,10.7,18
2020-04-24 05:31:30.000,0,44.7,6.3,15
2020-04-24 05:46:30.000,0,57.1,6.5,20
2020-04-24 06:01:30.000,0,50.5,3.9,12
2020-04-24 06:16:30.000,0,17.0,2.1,3
2020-04-24 06:31:30.000,0,29.4,2.6,4
2020-04-24 06:46:30.000,0,24.7,3.6,6
2020-04-24 07:01:30.000,0,25.0,3.3,4
2020-04-24 07:16:30.000,0,32.7,5.3,6
2020-04-24 07:31:30.001,0,38.4,4.2,10
2020-04-24 07:46:30.000,0,14.2,2.2,3
2020-04-24 08:01:30.000,0,21.8,3.0,5
2020-04-24 08:16:30.000,0,25.8,1.6,7
2020-04-24 08:31:30.000,0,19.3,4.1,7
2020-04-24 08:46:30.000,0,16.5,0.8,5
2020-04-24 09:01:30.000,0,4.5,0.3,2
2020-04-24 09:16:30.000,0,0.0,0.0,0
2020-04-24 09:31:30.000,0,12.2,3.8,6
2020-04-24 09:46:30.001,0,6.3,1.5,3
2020-04-24 10:01:30.000,0,3.5,1.4,2
2020-04-24 10:16:30.000,0,13.7,1.5,4
2020-04-24 10:31:30.000,0,21.0,2.1,4
2020-04-24 10:46:30.000,0,4.5,1.1,2
2020-04-24 11:01:30.001,0,11.2,2.1,4
2020-04-24 11:16:30.000,0,7.9,0.5,2
2020-04-24 11:31:30.000,0,1.4,1.0,2
2020-04-24 11:46:30.000,0,3.8,0.3,1
2020-04-24 12:01:30.000,0,8.2,3.5,5
2020-04-24 12:16:30.000,0,8.1,4.7,3
2020-04-24 12:31:30.000,0,10.9,3.7,4
2020-04-24 12:46:30.000,0,12.8,3.7,3
2020-04-24 13:01:30.001,0,8.6,1.0,3
2020-04-24 13:16:30.000,0,16.2,5.0,8
2020-04-24 13:31:30.000,0,19.6,4.4,9
2020-04-24 13:46:30.000,1,37.6,25.6,16
2020-04-24 14:01:30.000,3,44.4,22.2,21
2020-04-24 14:16:30.000,4,31.8,12.0,15
2020-04-24 14:31:30.000,6,49.5,13.3,19
2020-04-24 14:46:30.000,7,57.3,21.8,24
2020-04-24 15:01:30.001,9,57.8,19.8,26
2020-04-24 15:16:30.000,9,103.7,15.2,27
2020-04-24 15:31:30.001,10,84.8,14.8,27
2020-04-24 15:46:30.000,10,130.1,22.9,37
2020-04-24 16:01:30.000,10,98.0,13.5,26
2020-04-24 16:16:30.000,10,96.1,13.7,27
2020-04-24 16:31:30.000,10,96.1,14.2,31
2020-04-24 16:46:30.000,11,132.5,24.4,38
2020-04-24 17:01:30.000,11,169.2,24.7,39
2020-04-24 17:16:30.000,12,216.3,26.6,48
2020-04-24 17:31:30.000,12,237.1,33.1,51
2020-04-24 17:46:30.000,12,243.8,31.2,56
2020-04-24 18:01:30.000,13,217.2,32.3,57
2020-04-24 18:16:30.000,14,245.7,39.0,61
2020-04-24 18:31:30.001,15,178.7,32.7,56
2020-04-24 18:46:30.000,15,133.1,27.3,47
2020-04-24 19:01:30.000,15,144.5,23.2,43
2020-04-24 19:16:30.000,15,166.3,26.0,51
2020-04-24 19:31:30.000,16,152.8,32.1,56
2020-04-24 19:46:30.001,16,174.4,31.6,59
2020-04-24 20:01:30.000,16,141.9,34.1,52
2020-04-24 20:16:30.000,16,162.5,37.9,56
2020-04-24 20:31:30.000,16,135.5,34.5,49
2020-04-24 20:46:30.000,16,126.9,31.7,47
2020-04-24 21:01:30.000,16,178.7,40.1,65
2020-04-24 21:16:30.000,16,169.5,36.5,54
2020-04-24 21:31:30.000,17,221.6,54.4,71
2020-04-24 21:46:30.000,18,217.9,67.4,78
2020-04-24 22:01:30.000,19,188.4,71.2,71
2020-04-24 22:16:30.000,19,193.8,70.2,73
2020-04-24 22:31:30.001,20,257.2,87.7,79
2020-04-24 22:46:30.000,21,301.0,104.3,82
2020-04-24 23:01:30.000,22,348.8,116.4,109
2020-04-24 23:16:30.000,22,361.9,88.4,89
2020-04-24 23:31:30.001,22,294.6,83.1,96
2020-04-24 23:46:30.000,21,246.0,76.0,84
2020-04-25 00:01:30.000,21,244.7,65.6,73
2020-04-25 00:16:30.000,21,171.7,53.5,56
2020-04-25 00:31:30.001,20,153.8,51.9,55
2020-04-25 00:46:30.000,19,116.2,28.3,50
2020-04-25 01:01:30.000,17,111.9,16.4,45
2020-04-25 01:16:30.000,16,89.0,10.0,32
2020-04-25 01:31:30.000,15,78.2,10.4,33
2020-04-25 01:46:30.000,14,74.8,12.3,27
2020-04-25 02:01:30.000,13,65.1,8.3,23
2020-04-25 02:16:30.000,12,82.6,11.7,26
2020-04-25 02:31:30.001,11,85.2,14.5,28
2020-04-25 02:46:30.000,10,63.6,6.6,23
2020-04-25 03:01:30.000,10,72.0,10.0,23
2020-04-25 03:16:30.000,10,80.7,12.7,25
2020-04-25 03:31:30.000,9,97.0,16.5,29
2020-04-25 03:46:30.001,8,66.0,8.6,18
2020-04-25 04:01:30.001,6,60.4,7.2,18
2020-04-25 04:16:30.000,5,59.9,6.6,17
2020-04-25 04:31:30.000,4,42.2,9.7,15
2020-04-25 04:46:30.000,2,53.3,8.7,19
2020-04-25 05:01:30.000,1,52.4,8.6,20
2020-04-25 05:16:30.001,1,39.6,6.9,14
2020-04-25 05:31:30.000,0,44.5,6.5,15
2020-04-25 05:46:30.000,0,21.2,1.5,8
2020-04-25 06:01:30.000,0,15.9,2.1,6
2020-04-25 06:16:30.000,0,8.6,1.0,4
2020-04-25 06:31:30.000,0,25.2,1.8,7
2020-04-25 06:46:30.000,0,17.6,3.8,6
2020-04-25 07:01:30.000,0,16.4,5.1,4
2020-04-25 07:16:30.000,0,30.3,4.2,7
2020-04-25 07:31:30.000,0,39.8,3.4,9
2020-04-25 07:46:30.000,0,53.9,6.8,13
2020-04-25 08:01:30.000,0,47.8,4.7,10
2020-04-25 08:16:30.000,0,41.4,5.0,5
2020-04-25 08:31:30.001,0,14.9,3.9,6
2020-04-25 08:46:30.000,0,3.4,1.0,3
2020-04-25 09:01:30.001,0,18.5,3.3,7
2020-04-25 09:16:30.000,0,17.2,1.7,5
2020-04-25 09:31:30.000,0,6.5,0.7,2
2020-04-25 09:46:30.001,0,2.7,0.2,1
2020-04-25 10:01:30.000,0,7.7,0.7,3
2020-04-25 10:16:30.000,0,14.0,1.1,5
2020-04-25 10:31:30.000,0,14.8,2.4,5
2020-04-25 10:46:30.001,0,22.9,4.0,7
2020-04-25 11:01:30.000,0,26.9,3.7,8
2020-04-25 11:16:30.000,0,2.3,0.1,1
2020-04-25 11:31:30.000,0,4.4,0.4,1
2020-04-25 11:46:30.000,0,8.3,0.7,2
2020-04-25 12:01:30.000,0,5.4,3.8,3
2020-04-25 12:16:30.001,0,5.6,0.5,2
2020-04-25 12:31:30.000,0,7.8,0.7,3
2020-04-25 12:46:30.000,0,0.0,0.0,0
2020-04-25 13:01:30.000,0,0.5,0.8,1
2020-04-25 13:16:30.000,0,12.6,1.1,4
2020-04-25 13:31:30.001,0,9.7,0.9,3
2020-04-25 13:46:30.000,0,11.0,2.5,4
2020-04-25 14:01:30.000,0,32.5,3.8,8
2020-04-25 14:16:30.000,0,27.5,3.7,7
2020-04-25 14:31:30.001,0,28.8,4.6,7
2020-04-25 14:46:30.000,0,39.1,3.2,8
2020-04-25 15:01:30.001,1,36.1,3.9,8
2020-04-25 15:16:30.000,2,41.9,4.7,9
2020-04-25 15:31:30.000,2,47.7,7.2,10
2020-04-25 15:46:30.000,3,60.7,7.2,12
2020-04-25 16:01:30.000,4,61.1,6.1,14
2020-04-25 16:16:30.001,4,64.8,7.4,16
2020-04-25 16:31:30.000,5,26.0,4.5,12
2020-04-25 16:46:30.000,6,21.4,1.8,9
2020-04-25 17:01:30.000,6,35.8,3.4,11
2020-04-25 17:16:30.001,7,38.5,5.7,13
2020-04-25 17:31:30.000,8,80.9,10.0,28
2020-04-25 17:46:30.000,9,90.5,9.7,24
2020-04-25 18:01:30.000,10,90.2,6.6,21
2020-04-25 18:16:30.001,10,97.6,10.1,24
2020-04-25 18:31:30.001,11,105.5,10.8,29
2020-04-25 18:46:30.001,12,98.3,12.8,30
2020-04-25 19:01:30.001,12,99.5,14.2,31
2020-04-25 19:16:30.001,13,107.8,13.2,33
2020-04-25 19:31:30.000,13,118.8,16.1,35
2020-04-25 19:46:30.001,13,106.3,14.8,36
2020-04-25 20:01:30.001,14,132.1,24.0,42
2020-04-25 20:16:30.000,13,121.5,20.8,39
2020-04-25 20:31:30.000,14,90.5,17.5,31
2020-04-25 20:46:30.001,14,118.8,19.9,42
2020-04-25 21:01:30.000,14,115.0,22.5,36
2020-04-25 21:16:30.000,14,129.5,27.6,34
2020-04-25 21:31:30.000,14,119.9,25.9,37
2020-04-25 21:46:30.001,14,124.1,24.2,38
2020-04-25 22:01:30.000,14,135.6,25.3,39
2020-04-25 22:16:30.000,14,76.0,15.1,27
2020-04-25 22:31:30.000,13,77.2,16.3,33
2020-04-25 22:46:30.000,13,83.4,16.5,32
2020-04-25 23:01:30.000,13,72.9,16.8,25
2020-04-25 23:16:30.001,12,75.5,14.6,32
2020-04-25 23:31:30.000,12,50.8,11.1,22
2020-04-25 23:46:30.000,12,50.5,9.7,21
2020-04-26 00:01:30.000,12,110.9,19.2,38
2020-04-26 00:16:30.001,12,119.8,16.7,42
2020-04-26 00:31:30.000,12,81.4,14.1,31
2020-04-26 00:46:30.000,11,86.7,10.3,27
2020-04-26 01:01:30.000,11,78.3,10.0,26
2020-04-26 01:16:30.000,11,54.4,8.9,15
2020-04-26 01:31:30.000,10,75.8,11.1,25
2020-04-26 01:46:30.000,10,55.9,7.6,20
2020-04-26 02:01:30.000,10,60.7,10.5,21
2020-04-26 02:16:30.000,9,72.6,11.0,25
2020-04-26 02:31:30.000,9,73.8,10.1,30
2020-04-26 02:46:30.000,8,53.5,6.9,19
2020-04-26 03:01:30.000,8,77.8,6.8,22
2020-04-26 03:16:30.001,8,55.4,5.2,18
2020-04-26 03:31:30.000,7,49.6,4.9,14
2020-04-26 03:46:30.000,7,55.2,10.4,17
2020-04-26 04:01:30.000,5,49.7,7.6,17
2020-04-26 04:16:30.000,4,69.3,8.1,19
2020-04-26 04:31:30.000,3,99.0,11.6,24
2020-04-26 04:46:30.001,2,38.2,3.7,11
2020-04-26 05:01:30.000,1,70.1,6.8,14
2020-04-26 05:16:30.000,0,41.8,4.4,12
2020-04-26 05:31:30.000,0,43.7,5.1,15
2020-04-26 05:46:30.001,0,28.3,3.2,10
2020-04-26 06:01:30.000,0,21.5,2.1,8
2020-04-26 06:16:30.000,0,18.1,1.7,7
2020-04-26 06:31:30.000,0,20.1,2.3,7
2020-04-26 06:46:30.000,0,21.7,1.8,7
2020-04-26 07:01:30.000,0,30.8,4.0,8
2020-04-26 07:16:30.000,0,22.1,1.5,7
2020-04-26 07:31:30.000,0,10.9,0.8,4
2020-04-26 07:46:30.000,0,10.4,1.0,3
2020-04-26 08:01:30.001,0,12.9,1.7,5
2020-04-26 08:16:30.000,0,7.3,0.8,2
2020-04-26 08:31:30.000,0,7.9,0.7,3
2020-04-26 08:46:30.000,0,5.0,0.5,2
2020-04-26 09:01:30.000,0,5.6,0.7,2
2020-04-26 09:16:30.000,0,8.8,1.9,4
2020-04-26 09:31:30.000,0,18.7,3.2,5
2020-04-26 09:46:30.000,0,18.3,1.0,3
2020-04-26 10:01:30.000,0,0.6,0.8,1
2020-04-26 10:16:30.000,0,2.0,2.9,2
2020-04-26 10:31:30.001,0,11.2,1.8,4
2020-04-26 10:46:30.000,0,6.5,0.7,3
2020-04-26 11:01:30.000,0,4.7,0.7,2
2020-04-26 11:16:30.000,0,10.3,1.9,5
2020-04-26 11:31:30.000,0,8.0,1.7,3
2020-04-26 11:46:30.001,0,10.4,1.0,3
2020-04-26 12:01:30.000,0,13.3,1.8,4
2020-04-26 12:16:30.000,0,10.1,1.1,3
2020-04-26 12:31:30.001,0,2.6,0.4,1
2020-04-26 12:46:30.000,0,4.3,0.3,1
2020-04-26 13:01:30.000,0,9.0,2.0,3
2020-04-26 13:16:30.000,0,15.5,2.1,3
2020-04-26 13:31:30.001,0,5.0,0.4,2
2020-04-26 13:46:30.000,0,1.1,0.3,1
2020-04-26 14:01:30.000,0,8.2,0.5,2
2020-04-26 14:16:30.000,0,7.9,1.2,3
2020-04-26 14:31:30.000,0,5.1,0.3,2
2020-04-26 14:46:30.000,0,2.7,1.4,1
2020-04-26 15:01:30.000,0,14.9,2.8,6
2020-04-26 15:16:30.001,0,12.2,1.9,4
2020-04-26 15:31:30.001,0,24.9,2.1,7
2020-04-26 15:46:30.000,0,17.4,1.1,5
2020-04-26 16:01:30.000,0,13.1,1.2,4
2020-04-26 16:16:30.000,1,11.2,1.0,4
2020-04-26 16:31:30.001,2,10.9,1.0,4
2020-04-26 16:46:30.000,2,17.1,1.4,6
2020-04-26 17:01:30.000,3,17.0,2.4,6
2020-04-26 17:16:30.000,3,27.4,2.3,8
2020-04-26 17:31:30.000,4,28.2,1.9,8
2020-04-26 17:46:30.001,5,32.5,4.1,13
2020-04-26 18:01:30.000,5,32.5,4.3,10
2020-04-26 18:16:30.000,6,40.8,5.0,11
2020-04-26 18:31:30.000,6,36.0,3.4,13
2020-04-26 18:46:30.000,7,31.9,2.7,11
2020-04-26 19:01:30.000,7,46.1,4.7,15
2020-04-26 19:16:30.000,8,60.2,4.8,17
2020-04-26 19:31:30.000,8,53.0,4.1,14
2020-04-26 19:46:30.000,9,29.4,3.8,10
2020-04-26 20:01:30.000,9,28.4,2.7,9
2020-04-26 20:16:30.000,9,48.7,5.2,18
2020-04-26 20:31:30.000,9,44.9,5.7,18
2020-04-26 20:46:30.000,9,51.2,6.2,17
2020-04-26 21:01:30.000,9,49.1,5.5,19
2020-04-26 21:16:30.000,9,65.3,12.5,22
2020-04-26 21:31:30.000,10,89.0,16.2,32
2020-04-26 21:46:30.000,10,55.2,6.3,20
2020-04-26 22:01:30.000,10,62.4,11.0,22
2020-04-26 22:16:30.000,10,33.7,8.7,14
2020-04-26 22:31:30.000,9,41.6,6.2,16
2020-04-26 22:46:30.000,9,49.2,10.9,14
2020-04-26 23:01:30.000,9,47.0,7.7,15
2020-04-26 23:16:30.000,9,70.5,13.3,26
2020-04-26 23:31:30.000,9,75.8,13.3,23
2020-04-26 23:46:30.000,9,64.9,9.7,22
2020-04-27 00:01:30.000,9,53.2,13.2,21
2020-04-27 00:16:30.001,9,75.1,12.0,22
2020-04-27 00:31:30.000,8,81.1,13.3,28
2020-04-27 00:46:30.000,8,56.3,11.8,18
2020-04-27 01:01:30.000,8,73.4,8.4,26
2020-04-27 01:16:30.000,8,67.7,7.6,26
2020-04-27 01:31:30.001,7,66.6,7.2,26
2020-04-27 01:46:30.000,7,45.5,5.9,19
2020-04-27 02:01:30.000,6,34.3,6.0,13
2020-04-27 02:16:30.000,6,44.7,7.7,16
2020-04-27 02:31:30.000,6,46.3,6.7,15
2020-04-27 02:46:30.001,6,63.2,7.7,18
2020-04-27 03:01:30.000,6,63.8,8.1,20
2020-04-27 03:16:30.000,6,43.5,6.9,15
2020-04-27 03:31:30.000,5,43.8,8.0,17
2020-04-27 03:46:30.001,4,63.4,8.5,20
2020-04-27 04:01:30.000,3,58.2,7.0,17
2020-04-27 04:16:30.000,2,31.0,4.5,10
2020-04-27 04:31:30.001,1,32.4,2.7,9
2020-04-27 04:46:30.000,0,33.9,2.9,11
2020-04-27 05:01:30.000,0,34.2,4.1,11
2020-04-27 05:16:30.000,0,20.0,1.9,9
2020-04-27 05:31:30.000,0,24.7,2.3,8
2020-04-27 05:46:30.000,0,19.9,1.8,6
2020-04-27 06:01:30.000,0,13.1,1.0,5
2020-04-27 06:16:30.000,0,9.4,0.6,3
2020-04-27 06:31:30.000,0,9.7,0.6,3
2020-04-27 06:46:30.000,0,19.4,1.6,6
2020-04-27 07:01:30.000,0,19.6,2.3,8
2020-04-27 07:16:30.000,0,15.3,1.8,6
2020-04-27 07:31:30.000,0,11.5,0.8,4
2020-04-27 07:46:30.000,0,4.9,0.6,2
2020-04-27 08:01:30.000,0,12.7,2.0,4
2020-04-27 08:16:30.000,0,16.7,2.6,6
2020-04-27 08:31:30.000,0,0.9,0.2,1
2020-04-27 08:46:30.000,0,0.0,0.0,0
2020-04-27 09:01:30.000,0,5.6,0.6,2
2020-04-27 09:16:30.000,0,14.5,2.5,2
2020-04-27 09:31:30.001,0,16.3,2.7,2
2020-04-27 09:46:30.000,0,7.2,1.4,2
2020-04-27 10:01:30.000,0,12.3,2.3,3
2020-04-27 10:16:30.000,0,10.2,2.7,4
2020-04-27 10:31:30.000,0,2.4,0.4,1
2020-04-27 10:46:30.001,0,1.0,0.0,1
2020-04-27 11:01:30.000,0,0.0,0.0,0
2020-04-27 11:16:30.000,0,4.0,1.9,2
2020-04-27 11:31:30.000,0,4.3,0.8,2
2020-04-27 11:46:30.000,0,12.9,1.2,1
2020-04-27 12:01:30.000,0,17.0,6.0,4
2020-04-27 12:16:30.000,0,7.4,0.6,3
2020-04-27 12:31:30.000,0,40.5,6.2,6
2020-04-27 12:46:30.000,0,52.5,10.2,6
2020-04-27 13:01:30.000,0,6.4,4.4,2
2020-04-27 13:16:30.000,0,16.6,6.4,5
2020-04-27 13:31:30.000,0,32.7,21.4,13
2020-04-27 13:46:30.000,2,50.8,30.5,18
2020-04-27 14:01:30.000,4,67.2,31.5,24
2020-04-27 14:16:30.001,5,26.1,13.7,12
2020-04-27 14:31:30.001,6,31.8,17.0,14
2020-04-27 14:46:30.000,8,56.3,26.4,21
2020-04-27 15:01:30.000,9,59.2,26.5,23
2020-04-27 15:16:30.001,9,65.1,11.4,20
2020-04-27 15:31:30.000,9,74.4,12.6,23
2020-04-27 15:46:30.000,9,70.4,15.3,24
2020-04-27 16:01:30.001,9,59.8,8.6,20
2020-04-27 16:16:30.000,9,51.4,9.2,18
2020-04-27 16:31:30.000,9,49.3,10.2,18
2020-04-27 16:46:30.000,9,36.2,8.7,14
2020-04-27 17:01:30.000,10,51.8,8.5,22
2020-04-27 17:16:30.000,10,70.4,10.2,25
2020-04-27 17:31:30.000,10,59.5,12.1,22
2020-04-27 17:46:30.000,11,70.6,12.8,25
2020-04-27 18:01:30.000,11,108.8,15.2,33
2020-04-27 18:16:30.000,12,99.8,14.9,36
2020-04-27 18:31:30.000,12,111.0,15.2,38
2020-04-27 18:46:30.000,13,101.6,11.6,35
2020-04-27 19:01:30.001,13,82.5,13.8,33
2020-04-27 19:16:30.000,14,93.8,13.8,36
2020-04-27 19:31:30.000,14,107.4,17.1,38
2020-04-27 19:46:30.000,14,95.0,13.9,35
2020-04-27 20:01:30.000,14,107.2,15.0,36
2020-04-27 20:16:30.000,14,110.2,16.0,34
2020-04-27 20:31:30.000,14,84.0,12.9,26
2020-04-27 20:46:30.000,14,120.8,22.8,44
2020-04-27 21:01:30.000,14,91.3,22.3,34
2020-04-27 21:16:30.000,14,111.0,23.4,38
2020-04-27 21:31:30.000,15,124.4,31.7,42
2020-04-27 21:46:30.000,15,132.0,45.2,50
2020-04-27 22:01:30.000,16,155.9,56.4,57
2020-04-27 22:16:30.000,17,170.6,61.2,59
2020-04-27 22:31:30.000,17,132.4,49.9,54
2020-04-27 22:46:30.001,18,171.7,80.0,69
2020-04-27 23:01:30.000,19,226.1,94.4,82
2020-04-27 23:16:30.000,19,184.1,79.8,76
2020-04-27 23:31:30.000,19,201.0,73.7,75
2020-04-27 23:46:30.001,19,186.4,74.2,65
2020-04-28 00:01:30.000,18,137.4,47.1,55
2020-04-28 00:16:30.000,18,88.5,28.9,37
2020-04-28 00:31:30.000,17,100.0,32.3,36
2020-04-28 00:46:30.000,16,91.1,20.7,33
2020-04-28 01:01:30.000,15,73.2,6.1,27
2020-04-28 01:16:30.000,13,43.5,6.4,19
2020-04-28 01:31:30.000,12,58.7,8.0,21
2020-04-28 01:46:30.000,11,69.4,9.6,27
2020-04-28 02:01:30.000,10,74.5,9.3,27
2020-04-28 02:16:30.000,9,33.5,2.5,13
2020-04-28 02:31:30.000,8,52.9,5.1,17
2020-04-28 02:46:30.000,8,46.5,5.3,16
2020-04-28 03:01:30.000,7,63.9,7.0,23
2020-04-28 03:16:30.000,7,47.2,7.3,20
2020-04-28 03:31:30.000,7,71.0,10.3,21
2020-04-28 03:46:30.001,6,53.0,8.0,17
2020-04-28 04:01:30.001,4,61.5,7.2,19
2020-04-28 04:16:30.000,3,55.9,5.1,16
2020-04-28 04:31:30.000,2,30.2,9.7,13
2020-04-28 04:46:30.000,1,32.9,6.0,13
2020-04-28 05:01:30.000,0,24.9,2.5,9
2020-04-28 05:16:30.000,0,14.3,2.0,5
2020-04-28 05:31:30.000,0,41.6,8.9,13
2020-04-28 05:46:30.000,0,52.6,8.8,18
2020-04-28 06:01:30.000,0,17.5,2.6,4
2020-04-28 06:16:30.000,0,22.5,4.2,7
2020-04-28 06:31:30.000,0,21.8,2.8,8
2020-04-28 06:46:30.000,0,34.2,4.1,13
2020-04-28 07:01:30.000,0,30.3,5.1,9
2020-04-28 07:16:30.000,0,32.4,4.5,6
2020-04-28 07:31:30.000,0,16.4,2.1,4
2020-04-28 07:46:30.000,0,8.7,0.4,3
2020-04-28 08:01:30.000,0,11.8,1.5,5
2020-04-28 08:16:30.000,0,4.6,0.5,3
2020-04-28 08:31:30.000,0,10.5,1.8,5
2020-04-28 08:46:30.001,0,7.6,1.6,3
2020-04-28 09:01:30.000,0,6.8,0.9,3
2020-04-28 09:16:30.001,0,6.3,1.9,2
2020-04-28 09:31:30.000,0,10.3,2.6,4
2020-04-28 09:46:30.000,0,9.7,2.0,4
2020-04-28 10:01:30.000,0,12.9,1.0,3
2020-04-28 10:16:30.000,0,6.6,0.9,2
2020-04-28 10:31:30.000,0,9.6,1.0,2
2020-04-28 10:46:30.000,0,0.0,0.0,0
2020-04-28 11:01:30.000,0,1.7,1.7,1
2020-04-28 11:16:30.000,0,7.4,1.6,4
2020-04-28 11:31:30.000,0,8.7,0.8,3
2020-04-28 11:46:30.000,0,13.2,3.0,5
2020-04-28 12:01:30.000,0,12.5,2.4,4
2020-04-28 12:16:30.000,0,8.8,2.6,3
2020-04-28 12:31:30.000,0,8.3,0.7,3
2020-04-28 12:46:30.000,0,11.0,1.8,4
2020-04-28 13:01:30.000,0,15.0,5.6,3
2020-04-28 13:16:30.000,0,25.2,11.3,9
2020-04-28 13:31:30.000,0,33.4,25.6,16
2020-04-28 13:46:30.000,3,60.6,45.6,26
2020-04-28 14:01:30.000,5,54.5,37.4,22
2020-04-28 14:16:30.000,6,45.0,21.4,19
2020-04-28 14:31:30.000,7,38.2,21.6,16
2020-04-28 14:46:30.000,9,55.6,24.8,20
2020-04-28 15:01:30.000,10,61.1,18.5,29
2020-04-28 15:16:30.000,10,83.3,15.0,27
2020-04-28 15:31:30.000,10,61.2,9.1,21
2020-04-28 15:46:30.000,10,82.6,15.6,25
2020-04-28 16:01:30.000,11,92.6,16.1,27
2020-04-28 16:16:30.000,11,149.9,19.8,40
2020-04-28 16:31:30.000,11,117.5,16.7,26
2020-04-28 16:46:30.000,11,117.4,18.5,28
2020-04-28 17:01:30.000,11,133.3,20.2,36
2020-04-28 17:16:30.000,11,120.0,19.7,34
2020-04-28 17:31:30.000,12,155.0,23.3,49
2020-04-28 17:46:00.000,12,139.8,27.4,40
2020-04-28 18:01:30.000,12,130.7,21.7,42
2020-04-28 18:16:30.000,13,126.4,27.6,49
2020-04-28 18:31:30.000,13,109.7,16.3,39
2020-04-28 18:46:30.000,14,128.7,19.3,40
2020-04-28 19:01:30.000,14,120.7,20.6,45
2020-04-28 19:16:30.000,14,147.2,21.3,43
2020-04-28 19:31:30.000,15,146.2,17.9,40
2020-04-28 19:46:30.000,15,164.6,25.8,53
2020-04-28 20:01:30.001,15,115.0,20.3,39
2020-04-28 20:16:30.000,15,121.1,20.5,42
2020-04-28 20:31:30.000,14,141.1,19.3,43
2020-04-28 20:46:30.000,14,117.6,18.2,42
2020-04-28 21:01:30.001,15,127.2,29.7,42
2020-04-28 21:16:30.000,15,120.6,27.9,43
2020-04-28 21:31:30.000,15,125.0,30.4,47
2020-04-28 21:46:30.000,16,154.8,38.1,55
2020-04-28 22:01:30.001,17,143.5,51.7,53
2020-04-28 22:16:30.000,17,147.7,52.0,55
2020-04-28 22:31:30.000,17,195.7,63.7,63
2020-04-28 22:46:30.001,18,198.6,68.5,65
2020-04-28 23:01:30.000,19,243.9,93.2,89
2020-04-28 23:16:30.000,20,202.7,84.2,67
2020-04-28 23:31:30.001,20,267.3,84.2,80
2020-04-28 23:46:30.000,20,204.0,81.2,79
2020-04-29 00:01:30.001,20,162.0,65.0,68
2020-04-29 00:16:30.000,19,144.0,51.6,55
2020-04-29 00:31:30.000,19,119.0,30.0,47
2020-04-29 00:46:30.000,18,122.1,19.0,44
2020-04-29 01:01:30.000,16,96.7,12.4,31
2020-04-29 01:16:30.001,15,76.2,10.9,28
2020-04-29 01:31:30.000,14,99.5,12.1,35
2020-04-29 01:46:30.000,12,70.4,9.4,26
2020-04-29 02:01:30.000,11,75.2,11.7,24
2020-04-29 02:16:30.000,10,38.5,5.5,16
2020-04-29 02:31:30.000,9,92.3,10.1,28
2020-04-29 02:46:30.000,9,99.6,13.0,34
2020-04-29 03:01:30.000,9,73.3,11.8,25
2020-04-29 03:16:30.000,8,89.6,10.4,29
2020-04-29 03:31:30.000,7,74.5,11.4,18
2020-04-29 03:46:30.001,6,78.9,15.6,22
2020-04-29 04:01:30.000,5,86.0,10.4,21
2020-04-29 04:16:30.000,4,76.3,11.8,21
2020-04-29 04:31:30.000,3,44.6,5.3,19
2020-04-29 04:46:30.000,1,37.3,5.6,16
2020-04-29 05:01:30.001,0,52.1,7.6,10
2020-04-29 05:16:30.000,0,49.0,7.4,13
2020-04-29 05:31:30.000,0,43.7,7.0,17
2020-04-29 05:46:30.000,0,23.8,5.0,11
2020-04-29 06:01:30.000,0,13.5,2.8,6
2020-04-29 06:16:30.000,0,26.0,3.9,6
2020-04-29 06:31:30.000,0,39.4,5.7,9
2020-04-29 06:46:30.000,0,12.1,3.3,5
2020-04-29 07:01:30.000,0,8.5,0.8,3
2020-04-29 07:16:30.000,0,14.2,0.9,5
2020-04-29 07:31:30.001,0,1.4,1.0,2
2020-04-29 07:46:30.000,0,10.6,0.7,4
2020-04-29 08:01:30.000,0,17.9,4.7,5
2020-04-29 08:16:30.000,0,6.1,0.4,2
2020-04-29 08:31:30.000,0,7.3,2.0,2
2020-04-29 08:46:30.000,0,2.1,0.2,1
2020-04-29 09:01:30.000,0,10.0,2.0,5
2020-04-29 09:16:30.000,0,18.3,3.8,7
2020-04-29 09:31:30.000,0,17.2,2.0,6
2020-04-29 09:46:30.000,0,18.3,3.3,6
2020-04-29 10:01:30.000,0,7.6,0.4,2
2020-04-29 10:16:30.001,0,2.9,0.1,1
2020-04-29 10:31:30.000,0,3.3,1.0,2
2020-04-29 10:46:30.000,0,8.0,0.4,2
2020-04-29 11:01:30.000,0,8.0,0.4,2
2020-04-29 11:40:30.000,0,13.5,3.4,5
2020-04-29 11:46:30.001,0,20.0,4.6,7
2020-04-29 12:01:30.000,0,17.0,2.8,4
2020-04-29 12:16:30.000,0,22.6,6.6,6
2020-04-29 12:31:30.000,0,13.6,3.6,5
2020-04-29 12:46:30.000,0,29.5,5.9,5
2020-04-29 13:01:30.000,0,45.1,8.7,10
2020-04-29 13:16:30.000,0,49.3,10.1,15
2020-04-29 13:31:30.000,0,23.6,16.3,12
2020-04-29 13:46:30.000,2,43.7,31.4,20
2020-04-29 14:01:30.001,4,27.5,26.1,13
2020-04-29 14:16:30.000,5,38.2,14.5,16
2020-04-29 14:31:30.001,6,38.7,16.1,19
2020-04-29 14:46:30.000,8,57.7,24.3,26
2020-04-29 15:01:30.000,9,68.8,23.8,31
2020-04-29 15:16:30.000,9,56.3,6.8,18
2020-04-29 15:31:30.000,9,84.6,9.0,22
2020-04-29 15:46:30.000,9,49.3,5.7,17
2020-04-29 16:01:30.001,10,76.3,9.4,27
2020-04-29 16:16:30.001,9,76.4,9.5,28
2020-04-29 16:31:30.000,10,98.4,17.1,36
2020-04-29 16:46:30.001,10,75.8,10.3,21
2020-04-29 17:01:30.000,10,86.1,8.9,23
2020-04-29 17:16:30.000,10,85.2,8.7,24
2020-04-29 17:31:30.000,10,102.6,12.2,32
2020-04-29 17:46:30.000,11,111.2,13.4,37
2020-04-29 18:01:30.000,11,107.0,18.7,38
2020-04-29 18:16:30.000,12,121.0,21.9,33
2020-04-29 18:31:30.000,13,153.9,24.1,41
2020-04-29 18:46:30.000,13,147.6,25.3,43
2020-04-29 19:01:30.000,14,155.9,26.4,46
2020-04-29 19:16:30.000,14,128.5,21.1,43
2020-04-29 19:31:30.000,14,103.0,18.0,35
2020-04-29 19:46:30.000,15,126.7,27.7,43
2020-04-29 20:01:30.001,15,144.8,30.9,50
2020-04-29 20:16:30.000,15,179.6,39.2,58
2020-04-29 20:31:30.000,15,231.5,45.7,65
2020-04-29 20:46:30.000,15,247.7,45.0,60
2020-04-29 21:01:30.001,16,237.6,53.5,66
2020-04-29 21:16:30.000,16,186.6,44.3,55
2020-04-29 21:31:30.000,16,186.0,48.4,60
2020-04-29 21:46:30.000,17,218.8,71.1,72
2020-04-29 22:01:30.000,18,205.9,82.6,78
2020-04-29 22:16:30.000,18,190.5,68.9,70
2020-04-29 22:31:30.000,18,192.5,72.3,71
2020-04-29 22:46:30.001,19,213.9,81.1,74
2020-04-29 23:01:30.000,20,214.4,81.5,70
2020-04-29 23:16:30.000,20,243.3,90.3,80
2020-04-29 23:31:30.000,20,204.3,76.8,79
2020-04-29 23:46:30.000,20,175.5,66.7,71
2020-04-30 00:01:30.000,19,139.3,48.2,57
2020-04-30 00:16:30.000,19,169.5,46.2,62
2020-04-30 00:31:30.000,19,155.3,38.7,56
2020-04-30 00:46:30.000,18,94.0,16.2,38
2020-04-30 01:01:30.000,16,80.0,10.3,32
2020-04-30 01:16:30.000,14,99.8,15.8,32
2020-04-30 01:31:30.000,13,56.6,5.3,20
2020-04-30 01:46:30.001,12,37.5,4.2,15
2020-04-30 02:01:30.000,10,54.1,6.9,21
2020-04-30 02:16:30.000,9,51.5,5.7,20
2020-04-30 02:31:30.000,8,73.5,8.2,27
2020-04-30 02:46:30.000,7,67.6,10.6,24
2020-04-30 03:01:30.000,7,71.5,8.7,22
2020-04-30 03:16:30.000,7,86.2,11.8,25
2020-04-30 03:31:30.000,6,68.8,14.1,22
2020-04-30 03:46:30.000,5,55.5,8.1,18
2020-04-30 04:01:30.000,4,40.1,7.5,13
2020-04-30 04:16:30.000,3,40.7,6.3,11
2020-04-30 04:31:30.001,2,50.4,7.9,15
2020-04-30 04:46:30.000,1,26.9,8.4,11
2020-04-30 05:01:30.000,0,59.4,7.5,13
2020-04-30 05:16:30.000,0,31.4,6.4,11
2020-04-30 05:31:30.000,0,25.5,6.0,10
2020-04-30 05:46:30.000,0,22.4,5.3,8
2020-04-30 06:01:30.001,0,25.2,4.8,8
2020-04-30 06:16:30.000,0,41.6,6.3,13
2020-04-30 06:31:30.000,0,18.8,2.3,6
2020-04-30 06:46:30.001,0,11.8,2.1,3
2020-04-30 07:01:30.000,0,11.9,6.4,4
2020-04-30 07:16:30.001,0,18.7,4.4,6
2020-04-30 07:31:30.000,0,22.9,4.5,10
2020-04-30 07:46:30.000,0,22.5,4.1,8
2020-04-30 08:01:30.000,0,14.9,3.5,6
2020-04-30 08:16:30.000,0,22.3,3.6,7
2020-04-30 08:31:30.000,0,7.4,2.8,5
2020-04-30 08:46:30.000,0,9.5,1.5,4
2020-04-30 09:01:30.000,0,1.2,1.5,2
2020-04-30 09:16:30.000,0,6.7,1.1,1
2020-04-30 09:31:30.001,0,27.8,6.6,6
2020-04-30 09:46:30.000,0,18.0,6.8,7
2020-04-30 10:01:30.001,0,8.0,1.5,3
2020-04-30 10:16:30.000,0,0.0,0.0,0
2020-04-30 10:31:30.000,0,6.0,0.5,3
2020-04-30 10:46:30.000,0,3.3,0.3,1
2020-04-30 11:01:30.000,0,10.8,0.6,3
2020-04-30 11:16:30.000,0,3.0,0.1,1
2020-04-30 11:31:30.000,0,7.7,1.8,2
2020-04-30 11:46:30.001,0,4.3,0.1,1
2020-04-30 12:01:30.000,0,0.9,1.3,1
2020-04-30 12:16:30.000,0,2.8,0.1,1
2020-04-30 12:31:30.000,0,8.6,1.0,4
2020-04-30 12:46:30.000,0,14.3,0.9,4
2020-04-30 13:01:30.000,0,15.9,2.4,4
2020-04-30 13:16:30.000,0,11.0,0.6,3
2020-04-30 13:31:30.000,0,12.6,8.5,7
2020-04-30 13:46:30.000,1,34.2,25.2,15
2020-04-30 14:01:30.000,3,30.8,19.8,15
2020-04-30 14:16:30.000,4,28.6,10.0,13
2020-04-30 14:31:30.000,6,60.0,14.3,16
2020-04-30 14:46:30.001,8,109.4,29.4,32
2020-04-30 15:01:30.000,10,125.6,29.4,33
2020-04-30 15:16:30.000,10,97.9,16.5,24
2020-04-30 15:31:30.000,10,102.4,14.5,22
2020-04-30 15:46:30.000,10,53.2,12.2,20
2020-04-30 16:01:30.000,10,66.2,12.3,25
2020-04-30 16:16:30.000,9,54.3,6.8,20
2020-04-30 16:31:30.000,9,56.4,10.0,21
2020-04-30 16:46:30.001,9,45.5,7.7,18
2020-04-30 17:01:30.000,10,63.6,12.3,24
2020-04-30 17:16:30.000,10,62.2,8.9,21
2020-04-30 17:31:30.001,10,64.1,7.8,22
2020-04-30 17:46:30.000,11,122.4,13.7,31
2020-04-30 18:01:30.000,12,146.6,21.0,46
2020-04-30 18:16:30.000,12,160.5,24.0,48
2020-04-30 18:31:30.000,12,124.0,18.1,39
2020-04-30 18:46:30.000,13,77.0,13.3,28
2020-04-30 19:01:30.001,14,150.6,17.6,42
2020-04-30 19:16:30.000,14,157.8,20.0,46
2020-04-30 19:31:30.000,14,177.7,20.8,44
2020-04-30 19:46:30.000,14,184.9,28.6,51
2020-04-30 20:01:30.001,15,206.6,33.6,56
2020-04-30 20:16:30.000,15,194.1,30.0,51
2020-04-30 20:31:30.000,15,196.5,32.3,52
2020-04-30 20:46:30.000,15,167.1,22.6,40
2020-04-30 21:01:30.000,15,169.5,23.8,46
2020-04-30 21:16:30.001,15,175.2,28.5,46
2020-04-30 21:31:30.000,16,208.2,37.7,56
2020-04-30 21:46:30.001,16,180.9,47.0,55
2020-04-30 22:01:30.000,17,222.4,71.0,72
2020-04-30 22:16:30.000,18,213.9,56.7,64
2020-04-30 22:31:30.001,18,238.6,66.8,70
2020-04-30 22:46:30.000,20,280.3,98.1,100
2020-04-30 23:01:30.001,21,266.7,111.7,104
2020-04-30 23:16:30.000,21,205.1,98.2,77
2020-04-30 23:31:30.000,21,237.0,94.2,94
2020-04-30 23:46:30.000,21,233.9,89.9,88
2020-05-01 00:01:30.000,21,195.5,87.7,77
2020-05-01 00:16:30.000,20,183.2,70.8,71
2020-05-01 00:31:30.000,20,133.0,47.1,52
2020-05-01 00:46:30.000,18,115.4,23.1,42
2020-05-01 01:01:30.000,17,96.8,10.6,31
2020-05-01 01:16:30.000,15,66.7,9.2,26
2020-05-01 01:31:30.000,14,59.3,5.2,22
2020-05-01 01:46:30.000,12,55.3,4.5,21
2020-05-01 02:01:30.000,11,57.2,6.0,20
2020-05-01 02:16:30.000,10,41.0,5.7,19
2020-05-01 02:31:30.000,9,61.3,9.8,25
2020-05-01 02:46:30.000,9,68.8,9.1,19
2020-05-01 03:01:30.001,8,80.8,9.8,22
2020-05-01 03:16:30.000,8,78.4,11.7,24
2020-05-01 03:31:30.001,7,65.9,17.2,21
2020-05-01 03:46:30.001,6,32.8,10.7,13
2020-05-01 04:01:30.000,5,71.5,8.3,25
2020-05-01 04:16:30.000,3,45.4,6.5,18
2020-05-01 04:31:30.001,2,33.8,7.4,15
2020-05-01 04:46:30.000,1,35.2,4.7,13
2020-05-01 05:01:30.000,0,19.2,3.1,9
2020-05-01 05:16:30.000,0,25.0,4.6,8
2020-05-01 05:31:30.000,0,32.1,6.0,11
2020-05-01 05:46:30.000,0,36.2,7.6,13
2020-05-01 06:01:30.000,0,33.2,7.9,13
2020-05-01 06:16:30.000,0,23.0,4.1,9
2020-05-01 06:31:30.001,0,26.7,3.8,9
2020-05-01 06:46:30.001,0,6.8,4.2,5
2020-05-01 07:01:30.000,0,22.6,2.2,7
2020-05-01 07:16:30.000,0,14.6,1.0,4
2020-05-01 07:31:30.000,0,6.1,5.1,4
2020-05-01 07:46:30.000,0,24.9,3.7,5
2020-05-01 08:01:30.001,0,14.8,3.6,7
2020-05-01 08:16:30.001,0,14.9,1.6,6
2020-05-01 08:31:30.000,0,10.0,1.3,4
2020-05-01 08:46:30.000,0,3.8,1.0,2
2020-05-01 09:01:30.000,0,7.4,6.4,5
2020-05-01 09:16:30.001,0,16.4,4.7,7
2020-05-01 09:31:30.001,0,4.4,0.4,2
2020-05-01 09:46:30.000,0,9.5,1.9,3
2020-05-01 10:01:30.000,0,14.3,3.6,6
2020-05-01 10:16:30.001,0,7.9,0.5,2
2020-05-01 10:31:30.001,0,0.6,1.0,1
2020-05-01 10:46:30.000,0,13.6,1.2,4
2020-05-01 11:01:30.000,0,10.6,2.0,4
2020-05-01 11:16:30.000,0,1.3,1.3,1
2020-05-01 11:31:30.000,0,12.9,2.7,4
2020-05-01 11:46:30.001,0,8.3,5.7,2
2020-05-01 12:01:30.001,0,12.9,4.9,3
2020-05-01 12:16:30.001,0,13.2,5.7,6
2020-05-01 12:31:30.000,0,22.1,3.5,5
2020-05-01 12:46:30.000,0,34.6,4.2,6
2020-05-01 13:01:30.000,0,31.1,3.7,2
