,NIS3,WEEK,CASES,name,NIS5,POP,CASES_PER_1000HABITANT
793,41,1,366,Alost,41000,291229,1.26
0,11,1,1105,Anvers,11000,1051301,1.05
1852,81,1,70,Arlon,81000,62623,1.12
1110,51,1,139,Ath,51000,127915,1.09
1004,45,1,118,Audenarde,45000,124342,0.95
1905,82,1,43,Bastogne,82000,48413,0.89
371,31,1,284,Bruges,31000,282209,1.01
159,21,1,1892,Bruxelles-Capitale,21000,1208542,1.57
1163,52,1,338,Charleroi,52000,396639,0.85
529,34,1,451,Courtrai,34000,290706,1.55
2116,91,1,64,Dinant,91000,111008,0.58
424,32,1,153,Dixmude,32000,51525,2.97
899,43,1,59,Eeklo,43000,85235,0.69
741,38,1,65,Furnes,38000,61657,1.05
951,44,1,679,Gand,44000,560522,1.21
212,23,1,630,Hal-Vilvorde,23000,637441,0.99
1693,71,1,333,Hasselt,71000,418496,0.8
1481,61,1,88,Huy,61000,113409,0.78
1428,58,1,203,La Louvière,58000,141060,1.44
1534,62,1,569,Liège,62000,624422,0.91
265,24,1,289,Louvain,24000,508734,0.57
1746,72,1,292,Maaseik,72000,251589,1.16
53,12,1,391,Malines,12000,344818,1.13
1958,83,1,25,Marche-en-Famenne,83000,56476,0.44
1216,53,1,198,Mons,53000,258999,0.76
2168,92,1,289,Namur,92000,316962,0.91
2010,84,1,23,Neufchâteau,84000,63375,0.36
318,25,1,385,Nivelles,25000,403599,0.95
582,35,1,120,Ostende,35000,157200,0.76
2221,93,1,84,Philippeville,93000,66355,1.27
635,36,1,221,Roulers,36000,153315,1.44
1057,46,1,357,Saint-Nicolas,46000,252523,1.41
1269,55,1,111,Soignies,55000,104533,1.06
846,42,1,208,Termonde,42000,201213,1.03
1322,56,1,49,Thuin,56000,91678,0.53
688,37,1,142,Tielt,37000,92905,1.53
1799,73,1,226,Tongres,73000,203963,1.11
1375,57,1,279,Tournai,57000,223417,1.25
106,13,1,306,Turnhout,13000,461867,0.66
1587,63,1,208,Verviers,63000,287772,0.72
2063,85,1,113,Virton,85000,53751,2.1
1640,64,1,36,Waremme,64000,81389,0.44
476,33,1,115,Ypres,33000,106279,1.08
794,41,2,308,Alost,41000,291229,1.06
1,11,2,1058,Anvers,11000,1051301,1.01
1853,81,2,67,Arlon,81000,62623,1.07
1111,51,2,128,Ath,51000,127915,1.0
1005,45,2,153,Audenarde,45000,124342,1.23
1906,82,2,40,Bastogne,82000,48413,0.83
372,31,2,180,Bruges,31000,282209,0.64
160,21,2,1452,Bruxelles-Capitale,21000,1208542,1.2
1164,52,2,373,Charleroi,52000,396639,0.94
530,34,2,486,Courtrai,34000,290706,1.67
2117,91,2,48,Dinant,91000,111008,0.43
425,32,2,143,Dixmude,32000,51525,2.78
900,43,2,62,Eeklo,43000,85235,0.73
742,38,2,55,Furnes,38000,61657,0.89
952,44,2,691,Gand,44000,560522,1.23
213,23,2,513,Hal-Vilvorde,23000,637441,0.8
1694,71,2,470,Hasselt,71000,418496,1.12
1482,61,2,67,Huy,61000,113409,0.59
1429,58,2,201,La Louvière,58000,141060,1.42
1535,62,2,529,Liège,62000,624422,0.85
266,24,2,297,Louvain,24000,508734,0.58
1747,72,2,282,Maaseik,72000,251589,1.12
54,12,2,366,Malines,12000,344818,1.06
1959,83,2,20,Marche-en-Famenne,83000,56476,0.35
1217,53,2,214,Mons,53000,258999,0.83
2169,92,2,243,Namur,92000,316962,0.77
2011,84,2,21,Neufchâteau,84000,63375,0.33
319,25,2,390,Nivelles,25000,403599,0.97
583,35,2,185,Ostende,35000,157200,1.18
2222,93,2,54,Philippeville,93000,66355,0.81
636,36,2,216,Roulers,36000,153315,1.41
1058,46,2,360,Saint-Nicolas,46000,252523,1.43
1270,55,2,103,Soignies,55000,104533,0.99
847,42,2,168,Termonde,42000,201213,0.83
1323,56,2,59,Thuin,56000,91678,0.64
689,37,2,126,Tielt,37000,92905,1.36
1800,73,2,226,Tongres,73000,203963,1.11
1376,57,2,262,Tournai,57000,223417,1.17
107,13,2,345,Turnhout,13000,461867,0.75
1588,63,2,154,Verviers,63000,287772,0.54
2064,85,2,99,Virton,85000,53751,1.84
1641,64,2,53,Waremme,64000,81389,0.65
477,33,2,131,Ypres,33000,106279,1.23
795,41,3,471,Alost,41000,291229,1.62
2,11,3,1282,Anvers,11000,1051301,1.22
1854,81,3,118,Arlon,81000,62623,1.88
1112,51,3,118,Ath,51000,127915,0.92
1006,45,3,168,Audenarde,45000,124342,1.35
1907,82,3,42,Bastogne,82000,48413,0.87
373,31,3,197,Bruges,31000,282209,0.7
161,21,3,1453,Bruxelles-Capitale,21000,1208542,1.2
1165,52,3,403,Charleroi,52000,396639,1.02
531,34,3,503,Courtrai,34000,290706,1.73
2118,91,3,58,Dinant,91000,111008,0.52
426,32,3,297,Dixmude,32000,51525,5.76
901,43,3,40,Eeklo,43000,85235,0.47
743,38,3,59,Furnes,38000,61657,0.96
953,44,3,648,Gand,44000,560522,1.16
214,23,3,477,Hal-Vilvorde,23000,637441,0.75
1695,71,3,646,Hasselt,71000,418496,1.54
1483,61,3,55,Huy,61000,113409,0.48
1430,58,3,165,La Louvière,58000,141060,1.17
1536,62,3,576,Liège,62000,624422,0.92
267,24,3,447,Louvain,24000,508734,0.88
1748,72,3,418,Maaseik,72000,251589,1.66
55,12,3,396,Malines,12000,344818,1.15
1960,83,3,26,Marche-en-Famenne,83000,56476,0.46
1218,53,3,268,Mons,53000,258999,1.03
2170,92,3,262,Namur,92000,316962,0.83
2012,84,3,21,Neufchâteau,84000,63375,0.33
320,25,3,394,Nivelles,25000,403599,0.98
584,35,3,254,Ostende,35000,157200,1.62
2223,93,3,53,Philippeville,93000,66355,0.8
637,36,3,240,Roulers,36000,153315,1.57
1059,46,3,410,Saint-Nicolas,46000,252523,1.62
1271,55,3,100,Soignies,55000,104533,0.96
848,42,3,252,Termonde,42000,201213,1.25
1324,56,3,85,Thuin,56000,91678,0.93
690,37,3,134,Tielt,37000,92905,1.44
1801,73,3,261,Tongres,73000,203963,1.28
1377,57,3,255,Tournai,57000,223417,1.14
108,13,3,316,Turnhout,13000,461867,0.68
1589,63,3,248,Verviers,63000,287772,0.86
2065,85,3,69,Virton,85000,53751,1.28
1642,64,3,46,Waremme,64000,81389,0.57
478,33,3,122,Ypres,33000,106279,1.15
796,41,4,443,Alost,41000,291229,1.52
3,11,4,1345,Anvers,11000,1051301,1.28
1855,81,4,160,Arlon,81000,62623,2.55
1113,51,4,113,Ath,51000,127915,0.88
1007,45,4,94,Audenarde,45000,124342,0.76
1908,82,4,40,Bastogne,82000,48413,0.83
374,31,4,295,Bruges,31000,282209,1.05
162,21,4,1434,Bruxelles-Capitale,21000,1208542,1.19
1166,52,4,580,Charleroi,52000,396639,1.46
532,34,4,446,Courtrai,34000,290706,1.53
2119,91,4,94,Dinant,91000,111008,0.85
427,32,4,189,Dixmude,32000,51525,3.67
902,43,4,52,Eeklo,43000,85235,0.61
744,38,4,77,Furnes,38000,61657,1.25
954,44,4,630,Gand,44000,560522,1.12
215,23,4,746,Hal-Vilvorde,23000,637441,1.17
1696,71,4,805,Hasselt,71000,418496,1.92
1484,61,4,77,Huy,61000,113409,0.68
1431,58,4,226,La Louvière,58000,141060,1.6
1537,62,4,709,Liège,62000,624422,1.14
268,24,4,456,Louvain,24000,508734,0.9
1749,72,4,472,Maaseik,72000,251589,1.88
56,12,4,388,Malines,12000,344818,1.13
1961,83,4,34,Marche-en-Famenne,83000,56476,0.6
1219,53,4,395,Mons,53000,258999,1.53
2171,92,4,336,Namur,92000,316962,1.06
2013,84,4,34,Neufchâteau,84000,63375,0.54
321,25,4,612,Nivelles,25000,403599,1.52
585,35,4,362,Ostende,35000,157200,2.3
2224,93,4,31,Philippeville,93000,66355,0.47
638,36,4,237,Roulers,36000,153315,1.55
1060,46,4,339,Saint-Nicolas,46000,252523,1.34
1272,55,4,141,Soignies,55000,104533,1.35
849,42,4,393,Termonde,42000,201213,1.95
1325,56,4,125,Thuin,56000,91678,1.36
691,37,4,80,Tielt,37000,92905,0.86
1802,73,4,220,Tongres,73000,203963,1.08
1378,57,4,304,Tournai,57000,223417,1.36
109,13,4,323,Turnhout,13000,461867,0.7
1590,63,4,198,Verviers,63000,287772,0.69
2066,85,4,97,Virton,85000,53751,1.8
1643,64,4,66,Waremme,64000,81389,0.81
479,33,4,140,Ypres,33000,106279,1.32
797,41,5,382,Alost,41000,291229,1.31
4,11,5,1200,Anvers,11000,1051301,1.14
1856,81,5,133,Arlon,81000,62623,2.12
1114,51,5,86,Ath,51000,127915,0.67
1008,45,5,113,Audenarde,45000,124342,0.91
1909,82,5,30,Bastogne,82000,48413,0.62
375,31,5,220,Bruges,31000,282209,0.78
163,21,5,1620,Bruxelles-Capitale,21000,1208542,1.34
1167,52,5,574,Charleroi,52000,396639,1.45
533,34,5,408,Courtrai,34000,290706,1.4
2120,91,5,114,Dinant,91000,111008,1.03
428,32,5,135,Dixmude,32000,51525,2.62
903,43,5,78,Eeklo,43000,85235,0.92
745,38,5,61,Furnes,38000,61657,0.99
955,44,5,651,Gand,44000,560522,1.16
216,23,5,771,Hal-Vilvorde,23000,637441,1.21
1697,71,5,488,Hasselt,71000,418496,1.17
1485,61,5,63,Huy,61000,113409,0.56
1432,58,5,164,La Louvière,58000,141060,1.16
1538,62,5,575,Liège,62000,624422,0.92
269,24,5,342,Louvain,24000,508734,0.67
1750,72,5,281,Maaseik,72000,251589,1.12
57,12,5,281,Malines,12000,344818,0.81
1962,83,5,40,Marche-en-Famenne,83000,56476,0.71
1220,53,5,316,Mons,53000,258999,1.22
2172,92,5,396,Namur,92000,316962,1.25
2014,84,5,39,Neufchâteau,84000,63375,0.62
322,25,5,534,Nivelles,25000,403599,1.32
586,35,5,283,Ostende,35000,157200,1.8
2225,93,5,72,Philippeville,93000,66355,1.09
639,36,5,206,Roulers,36000,153315,1.34
1061,46,5,325,Saint-Nicolas,46000,252523,1.29
1273,55,5,97,Soignies,55000,104533,0.93
850,42,5,455,Termonde,42000,201213,2.26
1326,56,5,96,Thuin,56000,91678,1.05
692,37,5,122,Tielt,37000,92905,1.31
1803,73,5,155,Tongres,73000,203963,0.76
1379,57,5,359,Tournai,57000,223417,1.61
110,13,5,256,Turnhout,13000,461867,0.55
1591,63,5,154,Verviers,63000,287772,0.54
2067,85,5,90,Virton,85000,53751,1.67
1644,64,5,52,Waremme,64000,81389,0.64
480,33,5,117,Ypres,33000,106279,1.1
798,41,6,333,Alost,41000,291229,1.14
5,11,6,977,Anvers,11000,1051301,0.93
1857,81,6,71,Arlon,81000,62623,1.13
1115,51,6,99,Ath,51000,127915,0.77
1009,45,6,93,Audenarde,45000,124342,0.75
1910,82,6,52,Bastogne,82000,48413,1.07
376,31,6,209,Bruges,31000,282209,0.74
164,21,6,1495,Bruxelles-Capitale,21000,1208542,1.24
1168,52,6,508,Charleroi,52000,396639,1.28
534,34,6,351,Courtrai,34000,290706,1.21
2121,91,6,115,Dinant,91000,111008,1.04
429,32,6,53,Dixmude,32000,51525,1.03
904,43,6,72,Eeklo,43000,85235,0.84
746,38,6,54,Furnes,38000,61657,0.88
956,44,6,566,Gand,44000,560522,1.01
217,23,6,558,Hal-Vilvorde,23000,637441,0.88
1698,71,6,306,Hasselt,71000,418496,0.73
1486,61,6,60,Huy,61000,113409,0.53
1433,58,6,115,La Louvière,58000,141060,0.82
1539,62,6,421,Liège,62000,624422,0.67
270,24,6,237,Louvain,24000,508734,0.47
1751,72,6,236,Maaseik,72000,251589,0.94
58,12,6,216,Malines,12000,344818,0.63
1963,83,6,29,Marche-en-Famenne,83000,56476,0.51
1221,53,6,235,Mons,53000,258999,0.91
2173,92,6,261,Namur,92000,316962,0.82
2015,84,6,95,Neufchâteau,84000,63375,1.5
323,25,6,370,Nivelles,25000,403599,0.92
587,35,6,242,Ostende,35000,157200,1.54
2226,93,6,59,Philippeville,93000,66355,0.89
640,36,6,171,Roulers,36000,153315,1.12
1062,46,6,312,Saint-Nicolas,46000,252523,1.24
1274,55,6,76,Soignies,55000,104533,0.73
851,42,6,438,Termonde,42000,201213,2.18
1327,56,6,51,Thuin,56000,91678,0.56
693,37,6,88,Tielt,37000,92905,0.95
1804,73,6,84,Tongres,73000,203963,0.41
1380,57,6,183,Tournai,57000,223417,0.82
111,13,6,273,Turnhout,13000,461867,0.59
1592,63,6,148,Verviers,63000,287772,0.51
2068,85,6,59,Virton,85000,53751,1.1
1645,64,6,59,Waremme,64000,81389,0.72
481,33,6,86,Ypres,33000,106279,0.81
799,41,7,493,Alost,41000,291229,1.69
6,11,7,1208,Anvers,11000,1051301,1.15
1858,81,7,119,Arlon,81000,62623,1.9
1116,51,7,82,Ath,51000,127915,0.64
1010,45,7,148,Audenarde,45000,124342,1.19
1911,82,7,49,Bastogne,82000,48413,1.01
377,31,7,325,Bruges,31000,282209,1.15
165,21,7,1800,Bruxelles-Capitale,21000,1208542,1.49
1169,52,7,483,Charleroi,52000,396639,1.22
535,34,7,367,Courtrai,34000,290706,1.26
2122,91,7,182,Dinant,91000,111008,1.64
430,32,7,92,Dixmude,32000,51525,1.79
905,43,7,127,Eeklo,43000,85235,1.49
747,38,7,51,Furnes,38000,61657,0.83
957,44,7,897,Gand,44000,560522,1.6
218,23,7,864,Hal-Vilvorde,23000,637441,1.36
1699,71,7,350,Hasselt,71000,418496,0.84
1487,61,7,59,Huy,61000,113409,0.52
1434,58,7,166,La Louvière,58000,141060,1.18
1540,62,7,557,Liège,62000,624422,0.89
271,24,7,336,Louvain,24000,508734,0.66
1752,72,7,323,Maaseik,72000,251589,1.28
59,12,7,254,Malines,12000,344818,0.74
1964,83,7,63,Marche-en-Famenne,83000,56476,1.12
1222,53,7,312,Mons,53000,258999,1.2
2174,92,7,409,Namur,92000,316962,1.29
2016,84,7,91,Neufchâteau,84000,63375,1.44
324,25,7,499,Nivelles,25000,403599,1.24
588,35,7,213,Ostende,35000,157200,1.35
2227,93,7,47,Philippeville,93000,66355,0.71
641,36,7,195,Roulers,36000,153315,1.27
1063,46,7,401,Saint-Nicolas,46000,252523,1.59
1275,55,7,113,Soignies,55000,104533,1.08
852,42,7,336,Termonde,42000,201213,1.67
1328,56,7,67,Thuin,56000,91678,0.73
694,37,7,98,Tielt,37000,92905,1.05
1805,73,7,90,Tongres,73000,203963,0.44
1381,57,7,181,Tournai,57000,223417,0.81
112,13,7,358,Turnhout,13000,461867,0.78
1593,63,7,127,Verviers,63000,287772,0.44
2069,85,7,64,Virton,85000,53751,1.19
1646,64,7,71,Waremme,64000,81389,0.87
482,33,7,93,Ypres,33000,106279,0.88
800,41,8,436,Alost,41000,291229,1.5
7,11,8,1470,Anvers,11000,1051301,1.4
1859,81,8,64,Arlon,81000,62623,1.02
1117,51,8,85,Ath,51000,127915,0.66
1011,45,8,215,Audenarde,45000,124342,1.73
1912,82,8,62,Bastogne,82000,48413,1.28
378,31,8,285,Bruges,31000,282209,1.01
166,21,8,2232,Bruxelles-Capitale,21000,1208542,1.85
1170,52,8,692,Charleroi,52000,396639,1.74
536,34,8,346,Courtrai,34000,290706,1.19
2123,91,8,210,Dinant,91000,111008,1.89
431,32,8,93,Dixmude,32000,51525,1.8
906,43,8,101,Eeklo,43000,85235,1.18
748,38,8,33,Furnes,38000,61657,0.54
958,44,8,988,Gand,44000,560522,1.76
219,23,8,842,Hal-Vilvorde,23000,637441,1.32
1700,71,8,349,Hasselt,71000,418496,0.83
1488,61,8,93,Huy,61000,113409,0.82
1435,58,8,353,La Louvière,58000,141060,2.5
1541,62,8,514,Liège,62000,624422,0.82
272,24,8,294,Louvain,24000,508734,0.58
1753,72,8,225,Maaseik,72000,251589,0.89
60,12,8,300,Malines,12000,344818,0.87
1965,83,8,75,Marche-en-Famenne,83000,56476,1.33
1223,53,8,331,Mons,53000,258999,1.28
2175,92,8,336,Namur,92000,316962,1.06
2017,84,8,89,Neufchâteau,84000,63375,1.4
325,25,8,626,Nivelles,25000,403599,1.55
589,35,8,131,Ostende,35000,157200,0.83
2228,93,8,109,Philippeville,93000,66355,1.64
642,36,8,261,Roulers,36000,153315,1.7
1064,46,8,388,Saint-Nicolas,46000,252523,1.54
1276,55,8,147,Soignies,55000,104533,1.41
853,42,8,311,Termonde,42000,201213,1.55
1329,56,8,95,Thuin,56000,91678,1.04
695,37,8,148,Tielt,37000,92905,1.59
1806,73,8,93,Tongres,73000,203963,0.46
1382,57,8,217,Tournai,57000,223417,0.97
113,13,8,324,Turnhout,13000,461867,0.7
1594,63,8,145,Verviers,63000,287772,0.5
2070,85,8,39,Virton,85000,53751,0.73
1647,64,8,67,Waremme,64000,81389,0.82
483,33,8,101,Ypres,33000,106279,0.95
801,41,9,393,Alost,41000,291229,1.35
8,11,9,1419,Anvers,11000,1051301,1.35
1860,81,9,80,Arlon,81000,62623,1.28
1118,51,9,82,Ath,51000,127915,0.64
1012,45,9,183,Audenarde,45000,124342,1.47
1913,82,9,43,Bastogne,82000,48413,0.89
379,31,9,364,Bruges,31000,282209,1.29
167,21,9,2103,Bruxelles-Capitale,21000,1208542,1.74
1171,52,9,774,Charleroi,52000,396639,1.95
537,34,9,338,Courtrai,34000,290706,1.16
2124,91,9,212,Dinant,91000,111008,1.91
432,32,9,69,Dixmude,32000,51525,1.34
907,43,9,99,Eeklo,43000,85235,1.16
749,38,9,41,Furnes,38000,61657,0.66
959,44,9,1005,Gand,44000,560522,1.79
220,23,9,919,Hal-Vilvorde,23000,637441,1.44
1701,71,9,423,Hasselt,71000,418496,1.01
1489,61,9,79,Huy,61000,113409,0.7
1436,58,9,332,La Louvière,58000,141060,2.35
1542,62,9,452,Liège,62000,624422,0.72
273,24,9,253,Louvain,24000,508734,0.5
1754,72,9,263,Maaseik,72000,251589,1.05
61,12,9,324,Malines,12000,344818,0.94
1966,83,9,52,Marche-en-Famenne,83000,56476,0.92
1224,53,9,335,Mons,53000,258999,1.29
2176,92,9,528,Namur,92000,316962,1.67
2018,84,9,73,Neufchâteau,84000,63375,1.15
326,25,9,437,Nivelles,25000,403599,1.08
590,35,9,119,Ostende,35000,157200,0.76
2229,93,9,137,Philippeville,93000,66355,2.06
643,36,9,244,Roulers,36000,153315,1.59
1065,46,9,388,Saint-Nicolas,46000,252523,1.54
1277,55,9,166,Soignies,55000,104533,1.59
854,42,9,189,Termonde,42000,201213,0.94
1330,56,9,139,Thuin,56000,91678,1.52
696,37,9,165,Tielt,37000,92905,1.78
1807,73,9,112,Tongres,73000,203963,0.55
1383,57,9,171,Tournai,57000,223417,0.77
114,13,9,292,Turnhout,13000,461867,0.63
1595,63,9,106,Verviers,63000,287772,0.37
2071,85,9,42,Virton,85000,53751,0.78
1648,64,9,56,Waremme,64000,81389,0.69
484,33,9,118,Ypres,33000,106279,1.11
802,41,10,514,Alost,41000,291229,1.76
9,11,10,1711,Anvers,11000,1051301,1.63
1861,81,10,117,Arlon,81000,62623,1.87
1119,51,10,134,Ath,51000,127915,1.05
1013,45,10,215,Audenarde,45000,124342,1.73
1914,82,10,98,Bastogne,82000,48413,2.02
380,31,10,449,Bruges,31000,282209,1.59
168,21,10,2972,Bruxelles-Capitale,21000,1208542,2.46
1172,52,10,954,Charleroi,52000,396639,2.41
538,34,10,511,Courtrai,34000,290706,1.76
2125,91,10,260,Dinant,91000,111008,2.34
433,32,10,74,Dixmude,32000,51525,1.44
908,43,10,157,Eeklo,43000,85235,1.84
750,38,10,54,Furnes,38000,61657,0.88
960,44,10,1231,Gand,44000,560522,2.2
221,23,10,1035,Hal-Vilvorde,23000,637441,1.62
1702,71,10,588,Hasselt,71000,418496,1.41
1490,61,10,87,Huy,61000,113409,0.77
1437,58,10,394,La Louvière,58000,141060,2.79
1543,62,10,740,Liège,62000,624422,1.19
274,24,10,393,Louvain,24000,508734,0.77
1755,72,10,320,Maaseik,72000,251589,1.27
62,12,10,461,Malines,12000,344818,1.34
1967,83,10,69,Marche-en-Famenne,83000,56476,1.22
1225,53,10,475,Mons,53000,258999,1.83
2177,92,10,761,Namur,92000,316962,2.4
2019,84,10,74,Neufchâteau,84000,63375,1.17
327,25,10,591,Nivelles,25000,403599,1.46
591,35,10,173,Ostende,35000,157200,1.1
2230,93,10,184,Philippeville,93000,66355,2.77
644,36,10,199,Roulers,36000,153315,1.3
1066,46,10,555,Saint-Nicolas,46000,252523,2.2
1278,55,10,239,Soignies,55000,104533,2.29
855,42,10,380,Termonde,42000,201213,1.89
1331,56,10,228,Thuin,56000,91678,2.49
697,37,10,198,Tielt,37000,92905,2.13
1808,73,10,196,Tongres,73000,203963,0.96
1384,57,10,281,Tournai,57000,223417,1.26
115,13,10,471,Turnhout,13000,461867,1.02
1596,63,10,141,Verviers,63000,287772,0.49
2072,85,10,62,Virton,85000,53751,1.15
1649,64,10,95,Waremme,64000,81389,1.17
485,33,10,142,Ypres,33000,106279,1.34
803,41,11,679,Alost,41000,291229,2.33
10,11,11,2578,Anvers,11000,1051301,2.45
1862,81,11,198,Arlon,81000,62623,3.16
1120,51,11,160,Ath,51000,127915,1.25
1014,45,11,300,Audenarde,45000,124342,2.41
1915,82,11,126,Bastogne,82000,48413,2.6
381,31,11,482,Bruges,31000,282209,1.71
169,21,11,3836,Bruxelles-Capitale,21000,1208542,3.17
1173,52,11,1379,Charleroi,52000,396639,3.48
539,34,11,824,Courtrai,34000,290706,2.83
2126,91,11,382,Dinant,91000,111008,3.44
434,32,11,64,Dixmude,32000,51525,1.24
909,43,11,218,Eeklo,43000,85235,2.56
751,38,11,65,Furnes,38000,61657,1.05
961,44,11,1801,Gand,44000,560522,3.21
222,23,11,1512,Hal-Vilvorde,23000,637441,2.37
1703,71,11,847,Hasselt,71000,418496,2.02
1491,61,11,131,Huy,61000,113409,1.16
1438,58,11,567,La Louvière,58000,141060,4.02
1544,62,11,978,Liège,62000,624422,1.57
275,24,11,588,Louvain,24000,508734,1.16
1756,72,11,461,Maaseik,72000,251589,1.83
63,12,11,591,Malines,12000,344818,1.71
1968,83,11,108,Marche-en-Famenne,83000,56476,1.91
1226,53,11,688,Mons,53000,258999,2.66
2178,92,11,1473,Namur,92000,316962,4.65
2020,84,11,141,Neufchâteau,84000,63375,2.22
328,25,11,1068,Nivelles,25000,403599,2.65
592,35,11,268,Ostende,35000,157200,1.7
2231,93,11,257,Philippeville,93000,66355,3.87
645,36,11,397,Roulers,36000,153315,2.59
1067,46,11,758,Saint-Nicolas,46000,252523,3.0
1279,55,11,353,Soignies,55000,104533,3.38
856,42,11,585,Termonde,42000,201213,2.91
1332,56,11,312,Thuin,56000,91678,3.4
698,37,11,393,Tielt,37000,92905,4.23
1809,73,11,390,Tongres,73000,203963,1.91
1385,57,11,412,Tournai,57000,223417,1.84
116,13,11,633,Turnhout,13000,461867,1.37
1597,63,11,212,Verviers,63000,287772,0.74
2073,85,11,157,Virton,85000,53751,2.92
1650,64,11,137,Waremme,64000,81389,1.68
486,33,11,230,Ypres,33000,106279,2.16
804,41,12,659,Alost,41000,291229,2.26
11,11,12,2739,Anvers,11000,1051301,2.61
1863,81,12,228,Arlon,81000,62623,3.64
1121,51,12,187,Ath,51000,127915,1.46
1015,45,12,307,Audenarde,45000,124342,2.47
1916,82,12,229,Bastogne,82000,48413,4.73
382,31,12,672,Bruges,31000,282209,2.38
170,21,12,4650,Bruxelles-Capitale,21000,1208542,3.85
1174,52,12,1745,Charleroi,52000,396639,4.4
540,34,12,968,Courtrai,34000,290706,3.33
2127,91,12,439,Dinant,91000,111008,3.95
435,32,12,82,Dixmude,32000,51525,1.59
910,43,12,199,Eeklo,43000,85235,2.33
752,38,12,74,Furnes,38000,61657,1.2
962,44,12,2143,Gand,44000,560522,3.82
223,23,12,1784,Hal-Vilvorde,23000,637441,2.8
1704,71,12,1209,Hasselt,71000,418496,2.89
1492,61,12,260,Huy,61000,113409,2.29
1439,58,12,731,La Louvière,58000,141060,5.18
1545,62,12,1515,Liège,62000,624422,2.43
276,24,12,789,Louvain,24000,508734,1.55
1757,72,12,710,Maaseik,72000,251589,2.82
64,12,12,734,Malines,12000,344818,2.13
1969,83,12,158,Marche-en-Famenne,83000,56476,2.8
1227,53,12,758,Mons,53000,258999,2.93
2179,92,12,1847,Namur,92000,316962,5.83
2021,84,12,193,Neufchâteau,84000,63375,3.05
329,25,12,1270,Nivelles,25000,403599,3.15
593,35,12,394,Ostende,35000,157200,2.51
2232,93,12,356,Philippeville,93000,66355,5.37
646,36,12,457,Roulers,36000,153315,2.98
1068,46,12,981,Saint-Nicolas,46000,252523,3.88
1280,55,12,367,Soignies,55000,104533,3.51
857,42,12,572,Termonde,42000,201213,2.84
1333,56,12,353,Thuin,56000,91678,3.85
699,37,12,351,Tielt,37000,92905,3.78
1810,73,12,529,Tongres,73000,203963,2.59
1386,57,12,530,Tournai,57000,223417,2.37
117,13,12,916,Turnhout,13000,461867,1.98
1598,63,12,342,Verviers,63000,287772,1.19
2074,85,12,216,Virton,85000,53751,4.02
1651,64,12,184,Waremme,64000,81389,2.26
487,33,12,250,Ypres,33000,106279,2.35
805,41,13,778,Alost,41000,291229,2.67
12,11,13,2665,Anvers,11000,1051301,2.53
1864,81,13,238,Arlon,81000,62623,3.8
1122,51,13,247,Ath,51000,127915,1.93
1016,45,13,401,Audenarde,45000,124342,3.22
1917,82,13,234,Bastogne,82000,48413,4.83
383,31,13,596,Bruges,31000,282209,2.11
171,21,13,4416,Bruxelles-Capitale,21000,1208542,3.65
1175,52,13,1795,Charleroi,52000,396639,4.53
541,34,13,824,Courtrai,34000,290706,2.83
2128,91,13,482,Dinant,91000,111008,4.34
436,32,13,76,Dixmude,32000,51525,1.48
911,43,13,188,Eeklo,43000,85235,2.21
753,38,13,64,Furnes,38000,61657,1.04
963,44,13,1959,Gand,44000,560522,3.49
224,23,13,1599,Hal-Vilvorde,23000,637441,2.51
1705,71,13,1423,Hasselt,71000,418496,3.4
1493,61,13,336,Huy,61000,113409,2.96
1440,58,13,594,La Louvière,58000,141060,4.21
1546,62,13,1748,Liège,62000,624422,2.8
277,24,13,801,Louvain,24000,508734,1.57
1758,72,13,772,Maaseik,72000,251589,3.07
65,12,13,665,Malines,12000,344818,1.93
1970,83,13,150,Marche-en-Famenne,83000,56476,2.66
1228,53,13,746,Mons,53000,258999,2.88
2180,92,13,1588,Namur,92000,316962,5.01
2022,84,13,266,Neufchâteau,84000,63375,4.2
330,25,13,1155,Nivelles,25000,403599,2.86
594,35,13,327,Ostende,35000,157200,2.08
2233,93,13,313,Philippeville,93000,66355,4.72
647,36,13,455,Roulers,36000,153315,2.97
1069,46,13,832,Saint-Nicolas,46000,252523,3.29
1281,55,13,335,Soignies,55000,104533,3.2
858,42,13,517,Termonde,42000,201213,2.57
1334,56,13,317,Thuin,56000,91678,3.46
700,37,13,317,Tielt,37000,92905,3.41
1811,73,13,613,Tongres,73000,203963,3.01
1387,57,13,537,Tournai,57000,223417,2.4
118,13,13,874,Turnhout,13000,461867,1.89
1599,63,13,438,Verviers,63000,287772,1.52
2075,85,13,286,Virton,85000,53751,5.32
1652,64,13,176,Waremme,64000,81389,2.16
488,33,13,253,Ypres,33000,106279,2.38
806,41,14,599,Alost,41000,291229,2.06
13,11,14,2426,Anvers,11000,1051301,2.31
1865,81,14,213,Arlon,81000,62623,3.4
1123,51,14,227,Ath,51000,127915,1.77
1017,45,14,312,Audenarde,45000,124342,2.51
1918,82,14,211,Bastogne,82000,48413,4.36
384,31,14,506,Bruges,31000,282209,1.79
172,21,14,3630,Bruxelles-Capitale,21000,1208542,3.0
1176,52,14,1616,Charleroi,52000,396639,4.07
542,34,14,788,Courtrai,34000,290706,2.71
2129,91,14,350,Dinant,91000,111008,3.15
437,32,14,90,Dixmude,32000,51525,1.75
912,43,14,126,Eeklo,43000,85235,1.48
754,38,14,92,Furnes,38000,61657,1.49
964,44,14,1454,Gand,44000,560522,2.59
225,23,14,1277,Hal-Vilvorde,23000,637441,2.0
1706,71,14,1290,Hasselt,71000,418496,3.08
1494,61,14,217,Huy,61000,113409,1.91
1441,58,14,540,La Louvière,58000,141060,3.83
1547,62,14,1714,Liège,62000,624422,2.74
278,24,14,820,Louvain,24000,508734,1.61
1759,72,14,714,Maaseik,72000,251589,2.84
66,12,14,503,Malines,12000,344818,1.46
1971,83,14,157,Marche-en-Famenne,83000,56476,2.78
1229,53,14,639,Mons,53000,258999,2.47
2181,92,14,1279,Namur,92000,316962,4.04
2023,84,14,309,Neufchâteau,84000,63375,4.88
331,25,14,885,Nivelles,25000,403599,2.19
595,35,14,272,Ostende,35000,157200,1.73
2234,93,14,211,Philippeville,93000,66355,3.18
648,36,14,427,Roulers,36000,153315,2.79
1070,46,14,1000,Saint-Nicolas,46000,252523,3.96
1282,55,14,279,Soignies,55000,104533,2.67
859,42,14,566,Termonde,42000,201213,2.81
1335,56,14,263,Thuin,56000,91678,2.87
701,37,14,247,Tielt,37000,92905,2.66
1812,73,14,687,Tongres,73000,203963,3.37
1388,57,14,393,Tournai,57000,223417,1.76
119,13,14,840,Turnhout,13000,461867,1.82
1600,63,14,483,Verviers,63000,287772,1.68
2076,85,14,188,Virton,85000,53751,3.5
1653,64,14,197,Waremme,64000,81389,2.42
489,33,14,233,Ypres,33000,106279,2.19
807,41,15,783,Alost,41000,291229,2.69
14,11,15,2518,Anvers,11000,1051301,2.4
1866,81,15,132,Arlon,81000,62623,2.11
1124,51,15,271,Ath,51000,127915,2.12
1018,45,15,249,Audenarde,45000,124342,2.0
1919,82,15,179,Bastogne,82000,48413,3.7
385,31,15,591,Bruges,31000,282209,2.09
173,21,15,3796,Bruxelles-Capitale,21000,1208542,3.14
1177,52,15,1782,Charleroi,52000,396639,4.49
543,34,15,1087,Courtrai,34000,290706,3.74
2130,91,15,313,Dinant,91000,111008,2.82
438,32,15,93,Dixmude,32000,51525,1.8
913,43,15,131,Eeklo,43000,85235,1.54
755,38,15,78,Furnes,38000,61657,1.27
965,44,15,1497,Gand,44000,560522,2.67
226,23,15,1371,Hal-Vilvorde,23000,637441,2.15
1707,71,15,1571,Hasselt,71000,418496,3.75
1495,61,15,222,Huy,61000,113409,1.96
1442,58,15,587,La Louvière,58000,141060,4.16
1548,62,15,1829,Liège,62000,624422,2.93
279,24,15,850,Louvain,24000,508734,1.67
1760,72,15,885,Maaseik,72000,251589,3.52
67,12,15,729,Malines,12000,344818,2.11
1972,83,15,180,Marche-en-Famenne,83000,56476,3.19
1230,53,15,680,Mons,53000,258999,2.63
2182,92,15,1126,Namur,92000,316962,3.55
2024,84,15,177,Neufchâteau,84000,63375,2.79
332,25,15,856,Nivelles,25000,403599,2.12
596,35,15,327,Ostende,35000,157200,2.08
2235,93,15,245,Philippeville,93000,66355,3.69
649,36,15,435,Roulers,36000,153315,2.84
1071,46,15,881,Saint-Nicolas,46000,252523,3.49
1283,55,15,288,Soignies,55000,104533,2.76
860,42,15,567,Termonde,42000,201213,2.82
1336,56,15,250,Thuin,56000,91678,2.73
702,37,15,208,Tielt,37000,92905,2.24
1813,73,15,769,Tongres,73000,203963,3.77
1389,57,15,410,Tournai,57000,223417,1.84
120,13,15,830,Turnhout,13000,461867,1.8
1601,63,15,678,Verviers,63000,287772,2.36
2077,85,15,104,Virton,85000,53751,1.93
1654,64,15,183,Waremme,64000,81389,2.25
490,33,15,247,Ypres,33000,106279,2.32
808,41,16,654,Alost,41000,291229,2.25
15,11,16,2302,Anvers,11000,1051301,2.19
1867,81,16,137,Arlon,81000,62623,2.19
1125,51,16,246,Ath,51000,127915,1.92
1019,45,16,276,Audenarde,45000,124342,2.22
1920,82,16,149,Bastogne,82000,48413,3.08
386,31,16,441,Bruges,31000,282209,1.56
174,21,16,3705,Bruxelles-Capitale,21000,1208542,3.07
1178,52,16,1761,Charleroi,52000,396639,4.44
544,34,16,863,Courtrai,34000,290706,2.97
2131,91,16,250,Dinant,91000,111008,2.25
439,32,16,82,Dixmude,32000,51525,1.59
914,43,16,184,Eeklo,43000,85235,2.16
756,38,16,77,Furnes,38000,61657,1.25
966,44,16,1233,Gand,44000,560522,2.2
227,23,16,1313,Hal-Vilvorde,23000,637441,2.06
1708,71,16,1182,Hasselt,71000,418496,2.82
1496,61,16,276,Huy,61000,113409,2.43
1443,58,16,574,La Louvière,58000,141060,4.07
1549,62,16,1818,Liège,62000,624422,2.91
280,24,16,661,Louvain,24000,508734,1.3
1761,72,16,759,Maaseik,72000,251589,3.02
68,12,16,652,Malines,12000,344818,1.89
1973,83,16,131,Marche-en-Famenne,83000,56476,2.32
1231,53,16,730,Mons,53000,258999,2.82
2183,92,16,1135,Namur,92000,316962,3.58
2025,84,16,205,Neufchâteau,84000,63375,3.23
333,25,16,838,Nivelles,25000,403599,2.08
597,35,16,317,Ostende,35000,157200,2.02
2236,93,16,266,Philippeville,93000,66355,4.01
650,36,16,320,Roulers,36000,153315,2.09
1072,46,16,722,Saint-Nicolas,46000,252523,2.86
1284,55,16,260,Soignies,55000,104533,2.49
861,42,16,452,Termonde,42000,201213,2.25
1337,56,16,291,Thuin,56000,91678,3.17
703,37,16,218,Tielt,37000,92905,2.35
1814,73,16,579,Tongres,73000,203963,2.84
1390,57,16,383,Tournai,57000,223417,1.71
121,13,16,823,Turnhout,13000,461867,1.78
1602,63,16,668,Verviers,63000,287772,2.32
2078,85,16,107,Virton,85000,53751,1.99
1655,64,16,178,Waremme,64000,81389,2.19
491,33,16,149,Ypres,33000,106279,1.4
809,41,17,510,Alost,41000,291229,1.75
16,11,17,2176,Anvers,11000,1051301,2.07
1868,81,17,81,Arlon,81000,62623,1.29
1126,51,17,169,Ath,51000,127915,1.32
1020,45,17,152,Audenarde,45000,124342,1.22
1921,82,17,100,Bastogne,82000,48413,2.07
387,31,17,420,Bruges,31000,282209,1.49
175,21,17,2790,Bruxelles-Capitale,21000,1208542,2.31
1179,52,17,1566,Charleroi,52000,396639,3.95
545,34,17,583,Courtrai,34000,290706,2.01
2132,91,17,186,Dinant,91000,111008,1.68
440,32,17,58,Dixmude,32000,51525,1.13
915,43,17,93,Eeklo,43000,85235,1.09
757,38,17,61,Furnes,38000,61657,0.99
967,44,17,1012,Gand,44000,560522,1.81
228,23,17,1000,Hal-Vilvorde,23000,637441,1.57
1709,71,17,935,Hasselt,71000,418496,2.23
1497,61,17,157,Huy,61000,113409,1.38
1444,58,17,443,La Louvière,58000,141060,3.14
1550,62,17,1259,Liège,62000,624422,2.02
281,24,17,758,Louvain,24000,508734,1.49
1762,72,17,638,Maaseik,72000,251589,2.54
69,12,17,495,Malines,12000,344818,1.44
1974,83,17,94,Marche-en-Famenne,83000,56476,1.66
1232,53,17,475,Mons,53000,258999,1.83
2184,92,17,941,Namur,92000,316962,2.97
2026,84,17,140,Neufchâteau,84000,63375,2.21
334,25,17,768,Nivelles,25000,403599,1.9
598,35,17,293,Ostende,35000,157200,1.86
2237,93,17,244,Philippeville,93000,66355,3.68
651,36,17,347,Roulers,36000,153315,2.26
1073,46,17,578,Saint-Nicolas,46000,252523,2.29
1285,55,17,213,Soignies,55000,104533,2.04
862,42,17,271,Termonde,42000,201213,1.35
1338,56,17,279,Thuin,56000,91678,3.04
704,37,17,192,Tielt,37000,92905,2.07
1815,73,17,466,Tongres,73000,203963,2.28
1391,57,17,383,Tournai,57000,223417,1.71
122,13,17,658,Turnhout,13000,461867,1.42
1603,63,17,544,Verviers,63000,287772,1.89
2079,85,17,44,Virton,85000,53751,0.82
1656,64,17,175,Waremme,64000,81389,2.15
492,33,17,181,Ypres,33000,106279,1.7
810,41,18,495,Alost,41000,291229,1.7
17,11,18,2255,Anvers,11000,1051301,2.14
1869,81,18,82,Arlon,81000,62623,1.31
1127,51,18,163,Ath,51000,127915,1.27
1021,45,18,131,Audenarde,45000,124342,1.05
1922,82,18,81,Bastogne,82000,48413,1.67
388,31,18,316,Bruges,31000,282209,1.12
176,21,18,2350,Bruxelles-Capitale,21000,1208542,1.94
1180,52,18,1323,Charleroi,52000,396639,3.34
546,34,18,608,Courtrai,34000,290706,2.09
2133,91,18,201,Dinant,91000,111008,1.81
441,32,18,68,Dixmude,32000,51525,1.32
916,43,18,133,Eeklo,43000,85235,1.56
758,38,18,31,Furnes,38000,61657,0.5
968,44,18,967,Gand,44000,560522,1.73
229,23,18,896,Hal-Vilvorde,23000,637441,1.41
1710,71,18,857,Hasselt,71000,418496,2.05
1498,61,18,223,Huy,61000,113409,1.97
1445,58,18,377,La Louvière,58000,141060,2.67
1551,62,18,1131,Liège,62000,624422,1.81
282,24,18,525,Louvain,24000,508734,1.03
1763,72,18,548,Maaseik,72000,251589,2.18
70,12,18,524,Malines,12000,344818,1.52
1975,83,18,132,Marche-en-Famenne,83000,56476,2.34
1233,53,18,531,Mons,53000,258999,2.05
2185,92,18,778,Namur,92000,316962,2.45
2027,84,18,114,Neufchâteau,84000,63375,1.8
335,25,18,564,Nivelles,25000,403599,1.4
599,35,18,320,Ostende,35000,157200,2.04
2238,93,18,179,Philippeville,93000,66355,2.7
652,36,18,308,Roulers,36000,153315,2.01
1074,46,18,456,Saint-Nicolas,46000,252523,1.81
1286,55,18,147,Soignies,55000,104533,1.41
863,42,18,298,Termonde,42000,201213,1.48
1339,56,18,221,Thuin,56000,91678,2.41
705,37,18,127,Tielt,37000,92905,1.37
1816,73,18,475,Tongres,73000,203963,2.33
1392,57,18,347,Tournai,57000,223417,1.55
123,13,18,717,Turnhout,13000,461867,1.55
1604,63,18,475,Verviers,63000,287772,1.65
2080,85,18,74,Virton,85000,53751,1.38
1657,64,18,143,Waremme,64000,81389,1.76
493,33,18,205,Ypres,33000,106279,1.93
811,41,19,339,Alost,41000,291229,1.16
18,11,19,1687,Anvers,11000,1051301,1.6
1870,81,19,32,Arlon,81000,62623,0.51
1128,51,19,102,Ath,51000,127915,0.8
1022,45,19,91,Audenarde,45000,124342,0.73
1923,82,19,71,Bastogne,82000,48413,1.47
389,31,19,320,Bruges,31000,282209,1.13
177,21,19,1697,Bruxelles-Capitale,21000,1208542,1.4
1181,52,19,773,Charleroi,52000,396639,1.95
547,34,19,420,Courtrai,34000,290706,1.44
2134,91,19,148,Dinant,91000,111008,1.33
442,32,19,68,Dixmude,32000,51525,1.32
917,43,19,112,Eeklo,43000,85235,1.31
759,38,19,29,Furnes,38000,61657,0.47
969,44,19,684,Gand,44000,560522,1.22
230,23,19,651,Hal-Vilvorde,23000,637441,1.02
1711,71,19,448,Hasselt,71000,418496,1.07
1499,61,19,160,Huy,61000,113409,1.41
1446,58,19,348,La Louvière,58000,141060,2.47
1552,62,19,858,Liège,62000,624422,1.37
283,24,19,304,Louvain,24000,508734,0.6
1764,72,19,251,Maaseik,72000,251589,1.0
71,12,19,399,Malines,12000,344818,1.16
1976,83,19,80,Marche-en-Famenne,83000,56476,1.42
1234,53,19,391,Mons,53000,258999,1.51
2186,92,19,520,Namur,92000,316962,1.64
2028,84,19,93,Neufchâteau,84000,63375,1.47
336,25,19,578,Nivelles,25000,403599,1.43
600,35,19,188,Ostende,35000,157200,1.2
2239,93,19,86,Philippeville,93000,66355,1.3
653,36,19,230,Roulers,36000,153315,1.5
1075,46,19,276,Saint-Nicolas,46000,252523,1.09
1287,55,19,103,Soignies,55000,104533,0.99
864,42,19,184,Termonde,42000,201213,0.91
1340,56,19,186,Thuin,56000,91678,2.03
706,37,19,100,Tielt,37000,92905,1.08
1817,73,19,298,Tongres,73000,203963,1.46
1393,57,19,289,Tournai,57000,223417,1.29
124,13,19,571,Turnhout,13000,461867,1.24
1605,63,19,305,Verviers,63000,287772,1.06
2081,85,19,42,Virton,85000,53751,0.78
1658,64,19,128,Waremme,64000,81389,1.57
494,33,19,106,Ypres,33000,106279,1.0
812,41,20,398,Alost,41000,291229,1.37
19,11,20,1806,Anvers,11000,1051301,1.72
1871,81,20,62,Arlon,81000,62623,0.99
1129,51,20,160,Ath,51000,127915,1.25
1023,45,20,118,Audenarde,45000,124342,0.95
1924,82,20,57,Bastogne,82000,48413,1.18
390,31,20,280,Bruges,31000,282209,0.99
178,21,20,1978,Bruxelles-Capitale,21000,1208542,1.64
1182,52,20,966,Charleroi,52000,396639,2.44
548,34,20,496,Courtrai,34000,290706,1.71
2135,91,20,122,Dinant,91000,111008,1.1
443,32,20,70,Dixmude,32000,51525,1.36
918,43,20,71,Eeklo,43000,85235,0.83
760,38,20,33,Furnes,38000,61657,0.54
970,44,20,579,Gand,44000,560522,1.03
231,23,20,792,Hal-Vilvorde,23000,637441,1.24
1712,71,20,532,Hasselt,71000,418496,1.27
1500,61,20,150,Huy,61000,113409,1.32
1447,58,20,279,La Louvière,58000,141060,1.98
1553,62,20,1119,Liège,62000,624422,1.79
284,24,20,378,Louvain,24000,508734,0.74
1765,72,20,306,Maaseik,72000,251589,1.22
72,12,20,385,Malines,12000,344818,1.12
1977,83,20,71,Marche-en-Famenne,83000,56476,1.26
1235,53,20,485,Mons,53000,258999,1.87
2187,92,20,480,Namur,92000,316962,1.51
2029,84,20,130,Neufchâteau,84000,63375,2.05
337,25,20,694,Nivelles,25000,403599,1.72
601,35,20,192,Ostende,35000,157200,1.22
2240,93,20,56,Philippeville,93000,66355,0.84
654,36,20,349,Roulers,36000,153315,2.28
1076,46,20,312,Saint-Nicolas,46000,252523,1.24
1288,55,20,156,Soignies,55000,104533,1.49
865,42,20,174,Termonde,42000,201213,0.86
1341,56,20,131,Thuin,56000,91678,1.43
707,37,20,72,Tielt,37000,92905,0.77
1818,73,20,316,Tongres,73000,203963,1.55
1394,57,20,342,Tournai,57000,223417,1.53
125,13,20,493,Turnhout,13000,461867,1.07
1606,63,20,241,Verviers,63000,287772,0.84
2082,85,20,31,Virton,85000,53751,0.58
1659,64,20,84,Waremme,64000,81389,1.03
495,33,20,152,Ypres,33000,106279,1.43
813,41,21,231,Alost,41000,291229,0.79
20,11,21,1306,Anvers,11000,1051301,1.24
1872,81,21,40,Arlon,81000,62623,0.64
1130,51,21,126,Ath,51000,127915,0.99
1024,45,21,74,Audenarde,45000,124342,0.6
1925,82,21,68,Bastogne,82000,48413,1.4
391,31,21,186,Bruges,31000,282209,0.66
179,21,21,1480,Bruxelles-Capitale,21000,1208542,1.22
1183,52,21,800,Charleroi,52000,396639,2.02
549,34,21,350,Courtrai,34000,290706,1.2
2136,91,21,74,Dinant,91000,111008,0.67
444,32,21,35,Dixmude,32000,51525,0.68
919,43,21,26,Eeklo,43000,85235,0.31
761,38,21,22,Furnes,38000,61657,0.36
971,44,21,503,Gand,44000,560522,0.9
232,23,21,498,Hal-Vilvorde,23000,637441,0.78
1713,71,21,379,Hasselt,71000,418496,0.91
1501,61,21,75,Huy,61000,113409,0.66
1448,58,21,226,La Louvière,58000,141060,1.6
1554,62,21,858,Liège,62000,624422,1.37
285,24,21,261,Louvain,24000,508734,0.51
1766,72,21,179,Maaseik,72000,251589,0.71
73,12,21,177,Malines,12000,344818,0.51
1978,83,21,37,Marche-en-Famenne,83000,56476,0.66
1236,53,21,225,Mons,53000,258999,0.87
2188,92,21,230,Namur,92000,316962,0.73
2030,84,21,68,Neufchâteau,84000,63375,1.07
338,25,21,524,Nivelles,25000,403599,1.3
602,35,21,91,Ostende,35000,157200,0.58
2241,93,21,56,Philippeville,93000,66355,0.84
655,36,21,196,Roulers,36000,153315,1.28
1077,46,21,265,Saint-Nicolas,46000,252523,1.05
1289,55,21,106,Soignies,55000,104533,1.01
866,42,21,144,Termonde,42000,201213,0.72
1342,56,21,141,Thuin,56000,91678,1.54
708,37,21,52,Tielt,37000,92905,0.56
1819,73,21,171,Tongres,73000,203963,0.84
1395,57,21,164,Tournai,57000,223417,0.73
126,13,21,311,Turnhout,13000,461867,0.67
1607,63,21,200,Verviers,63000,287772,0.69
2083,85,21,19,Virton,85000,53751,0.35
1660,64,21,79,Waremme,64000,81389,0.97
496,33,21,92,Ypres,33000,106279,0.87
814,41,22,171,Alost,41000,291229,0.59
21,11,22,1070,Anvers,11000,1051301,1.02
1873,81,22,21,Arlon,81000,62623,0.34
1131,51,22,62,Ath,51000,127915,0.48
1025,45,22,61,Audenarde,45000,124342,0.49
1926,82,22,39,Bastogne,82000,48413,0.81
392,31,22,149,Bruges,31000,282209,0.53
180,21,22,1202,Bruxelles-Capitale,21000,1208542,0.99
1184,52,22,516,Charleroi,52000,396639,1.3
550,34,22,258,Courtrai,34000,290706,0.89
2137,91,22,66,Dinant,91000,111008,0.59
445,32,22,16,Dixmude,32000,51525,0.31
920,43,22,28,Eeklo,43000,85235,0.33
762,38,22,11,Furnes,38000,61657,0.18
972,44,22,314,Gand,44000,560522,0.56
233,23,22,365,Hal-Vilvorde,23000,637441,0.57
1714,71,22,335,Hasselt,71000,418496,0.8
1502,61,22,61,Huy,61000,113409,0.54
1449,58,22,179,La Louvière,58000,141060,1.27
1555,62,22,652,Liège,62000,624422,1.04
286,24,22,205,Louvain,24000,508734,0.4
1767,72,22,140,Maaseik,72000,251589,0.56
74,12,22,168,Malines,12000,344818,0.49
1979,83,22,30,Marche-en-Famenne,83000,56476,0.53
1237,53,22,148,Mons,53000,258999,0.57
2189,92,22,150,Namur,92000,316962,0.47
2031,84,22,27,Neufchâteau,84000,63375,0.43
339,25,22,354,Nivelles,25000,403599,0.88
603,35,22,110,Ostende,35000,157200,0.7
2242,93,22,35,Philippeville,93000,66355,0.53
656,36,22,139,Roulers,36000,153315,0.91
1078,46,22,173,Saint-Nicolas,46000,252523,0.69
1290,55,22,66,Soignies,55000,104533,0.63
867,42,22,84,Termonde,42000,201213,0.42
1343,56,22,63,Thuin,56000,91678,0.69
709,37,22,66,Tielt,37000,92905,0.71
1820,73,22,127,Tongres,73000,203963,0.62
1396,57,22,128,Tournai,57000,223417,0.57
127,13,22,233,Turnhout,13000,461867,0.5
1608,63,22,119,Verviers,63000,287772,0.41
2084,85,22,15,Virton,85000,53751,0.28
1661,64,22,42,Waremme,64000,81389,0.52
497,33,22,37,Ypres,33000,106279,0.35
815,41,23,129,Alost,41000,291229,0.44
22,11,23,558,Anvers,11000,1051301,0.53
1874,81,23,10,Arlon,81000,62623,0.16
1132,51,23,30,Ath,51000,127915,0.23
1026,45,23,29,Audenarde,45000,124342,0.23
1927,82,23,18,Bastogne,82000,48413,0.37
393,31,23,78,Bruges,31000,282209,0.28
181,21,23,820,Bruxelles-Capitale,21000,1208542,0.68
1185,52,23,242,Charleroi,52000,396639,0.61
551,34,23,71,Courtrai,34000,290706,0.24
2138,91,23,29,Dinant,91000,111008,0.26
446,32,23,13,Dixmude,32000,51525,0.25
921,43,23,17,Eeklo,43000,85235,0.2
763,38,23,6,Furnes,38000,61657,0.1
973,44,23,191,Gand,44000,560522,0.34
234,23,23,256,Hal-Vilvorde,23000,637441,0.4
1715,71,23,147,Hasselt,71000,418496,0.35
1503,61,23,47,Huy,61000,113409,0.41
1450,58,23,73,La Louvière,58000,141060,0.52
1556,62,23,336,Liège,62000,624422,0.54
287,24,23,124,Louvain,24000,508734,0.24
1768,72,23,80,Maaseik,72000,251589,0.32
75,12,23,101,Malines,12000,344818,0.29
1980,83,23,17,Marche-en-Famenne,83000,56476,0.3
1238,53,23,99,Mons,53000,258999,0.38
2190,92,23,79,Namur,92000,316962,0.25
2032,84,23,15,Neufchâteau,84000,63375,0.24
340,25,23,179,Nivelles,25000,403599,0.44
604,35,23,40,Ostende,35000,157200,0.25
2243,93,23,18,Philippeville,93000,66355,0.27
657,36,23,58,Roulers,36000,153315,0.38
1079,46,23,62,Saint-Nicolas,46000,252523,0.25
1291,55,23,34,Soignies,55000,104533,0.33
868,42,23,74,Termonde,42000,201213,0.37
1344,56,23,32,Thuin,56000,91678,0.35
710,37,23,31,Tielt,37000,92905,0.33
1821,73,23,89,Tongres,73000,203963,0.44
1397,57,23,54,Tournai,57000,223417,0.24
128,13,23,175,Turnhout,13000,461867,0.38
1609,63,23,79,Verviers,63000,287772,0.27
2085,85,23,4,Virton,85000,53751,0.07
1662,64,23,25,Waremme,64000,81389,0.31
498,33,23,16,Ypres,33000,106279,0.15
816,41,24,58,Alost,41000,291229,0.2
23,11,24,354,Anvers,11000,1051301,0.34
1875,81,24,5,Arlon,81000,62623,0.08
1133,51,24,17,Ath,51000,127915,0.13
1027,45,24,18,Audenarde,45000,124342,0.14
1928,82,24,13,Bastogne,82000,48413,0.27
394,31,24,43,Bruges,31000,282209,0.15
182,21,24,473,Bruxelles-Capitale,21000,1208542,0.39
1186,52,24,141,Charleroi,52000,396639,0.36
552,34,24,63,Courtrai,34000,290706,0.22
2139,91,24,12,Dinant,91000,111008,0.11
447,32,24,7,Dixmude,32000,51525,0.14
922,43,24,11,Eeklo,43000,85235,0.13
764,38,24,3,Furnes,38000,61657,0.05
974,44,24,124,Gand,44000,560522,0.22
235,23,24,155,Hal-Vilvorde,23000,637441,0.24
1716,71,24,107,Hasselt,71000,418496,0.26
1504,61,24,34,Huy,61000,113409,0.3
1451,58,24,39,La Louvière,58000,141060,0.28
1557,62,24,186,Liège,62000,624422,0.3
288,24,24,76,Louvain,24000,508734,0.15
1769,72,24,37,Maaseik,72000,251589,0.15
76,12,24,64,Malines,12000,344818,0.19
1981,83,24,11,Marche-en-Famenne,83000,56476,0.19
1239,53,24,46,Mons,53000,258999,0.18
2191,92,24,42,Namur,92000,316962,0.13
2033,84,24,3,Neufchâteau,84000,63375,0.05
341,25,24,97,Nivelles,25000,403599,0.24
605,35,24,22,Ostende,35000,157200,0.14
2244,93,24,12,Philippeville,93000,66355,0.18
658,36,24,26,Roulers,36000,153315,0.17
1080,46,24,44,Saint-Nicolas,46000,252523,0.17
1292,55,24,31,Soignies,55000,104533,0.3
869,42,24,44,Termonde,42000,201213,0.22
1345,56,24,19,Thuin,56000,91678,0.21
711,37,24,14,Tielt,37000,92905,0.15
1822,73,24,40,Tongres,73000,203963,0.2
1398,57,24,41,Tournai,57000,223417,0.18
129,13,24,74,Turnhout,13000,461867,0.16
1610,63,24,59,Verviers,63000,287772,0.21
2086,85,24,5,Virton,85000,53751,0.09
1663,64,24,21,Waremme,64000,81389,0.26
499,33,24,16,Ypres,33000,106279,0.15
817,41,25,60,Alost,41000,291229,0.21
24,11,25,307,Anvers,11000,1051301,0.29
1876,81,25,4,Arlon,81000,62623,0.06
1134,51,25,10,Ath,51000,127915,0.08
1028,45,25,25,Audenarde,45000,124342,0.2
1929,82,25,12,Bastogne,82000,48413,0.25
395,31,25,49,Bruges,31000,282209,0.17
183,21,25,424,Bruxelles-Capitale,21000,1208542,0.35
1187,52,25,104,Charleroi,52000,396639,0.26
553,34,25,69,Courtrai,34000,290706,0.24
2140,91,25,9,Dinant,91000,111008,0.08
448,32,25,4,Dixmude,32000,51525,0.08
923,43,25,6,Eeklo,43000,85235,0.07
765,38,25,7,Furnes,38000,61657,0.11
975,44,25,118,Gand,44000,560522,0.21
236,23,25,115,Hal-Vilvorde,23000,637441,0.18
1717,71,25,70,Hasselt,71000,418496,0.17
1505,61,25,12,Huy,61000,113409,0.11
1452,58,25,30,La Louvière,58000,141060,0.21
1558,62,25,139,Liège,62000,624422,0.22
289,24,25,92,Louvain,24000,508734,0.18
1770,72,25,45,Maaseik,72000,251589,0.18
77,12,25,57,Malines,12000,344818,0.17
1982,83,25,7,Marche-en-Famenne,83000,56476,0.12
1240,53,25,33,Mons,53000,258999,0.13
2192,92,25,32,Namur,92000,316962,0.1
2034,84,25,4,Neufchâteau,84000,63375,0.06
342,25,25,66,Nivelles,25000,403599,0.16
606,35,25,33,Ostende,35000,157200,0.21
2245,93,25,12,Philippeville,93000,66355,0.18
659,36,25,27,Roulers,36000,153315,0.18
1081,46,25,29,Saint-Nicolas,46000,252523,0.11
1293,55,25,16,Soignies,55000,104533,0.15
870,42,25,27,Termonde,42000,201213,0.13
1346,56,25,13,Thuin,56000,91678,0.14
712,37,25,17,Tielt,37000,92905,0.18
1823,73,25,31,Tongres,73000,203963,0.15
1399,57,25,39,Tournai,57000,223417,0.17
130,13,25,73,Turnhout,13000,461867,0.16
1611,63,25,33,Verviers,63000,287772,0.11
2087,85,25,6,Virton,85000,53751,0.11
1664,64,25,14,Waremme,64000,81389,0.17
500,33,25,15,Ypres,33000,106279,0.14
818,41,26,218,Alost,41000,291229,0.75
25,11,26,459,Anvers,11000,1051301,0.44
1877,81,26,16,Arlon,81000,62623,0.26
1135,51,26,22,Ath,51000,127915,0.17
1029,45,26,20,Audenarde,45000,124342,0.16
1930,82,26,9,Bastogne,82000,48413,0.19
396,31,26,74,Bruges,31000,282209,0.26
184,21,26,619,Bruxelles-Capitale,21000,1208542,0.51
1188,52,26,67,Charleroi,52000,396639,0.17
554,34,26,65,Courtrai,34000,290706,0.22
2141,91,26,16,Dinant,91000,111008,0.14
449,32,26,12,Dixmude,32000,51525,0.23
924,43,26,18,Eeklo,43000,85235,0.21
766,38,26,12,Furnes,38000,61657,0.19
976,44,26,227,Gand,44000,560522,0.4
237,23,26,186,Hal-Vilvorde,23000,637441,0.29
1718,71,26,81,Hasselt,71000,418496,0.19
1506,61,26,31,Huy,61000,113409,0.27
1453,58,26,27,La Louvière,58000,141060,0.19
1559,62,26,227,Liège,62000,624422,0.36
290,24,26,156,Louvain,24000,508734,0.31
1771,72,26,48,Maaseik,72000,251589,0.19
78,12,26,90,Malines,12000,344818,0.26
1983,83,26,12,Marche-en-Famenne,83000,56476,0.21
1241,53,26,33,Mons,53000,258999,0.13
2193,92,26,38,Namur,92000,316962,0.12
2035,84,26,8,Neufchâteau,84000,63375,0.13
343,25,26,159,Nivelles,25000,403599,0.39
607,35,26,49,Ostende,35000,157200,0.31
2246,93,26,7,Philippeville,93000,66355,0.11
660,36,26,64,Roulers,36000,153315,0.42
1082,46,26,59,Saint-Nicolas,46000,252523,0.23
1294,55,26,25,Soignies,55000,104533,0.24
871,42,26,39,Termonde,42000,201213,0.19
1347,56,26,19,Thuin,56000,91678,0.21
713,37,26,19,Tielt,37000,92905,0.2
1824,73,26,41,Tongres,73000,203963,0.2
1400,57,26,64,Tournai,57000,223417,0.29
131,13,26,100,Turnhout,13000,461867,0.22
1612,63,26,48,Verviers,63000,287772,0.17
2088,85,26,3,Virton,85000,53751,0.06
1665,64,26,21,Waremme,64000,81389,0.26
501,33,26,10,Ypres,33000,106279,0.09
819,41,27,138,Alost,41000,291229,0.47
26,11,27,358,Anvers,11000,1051301,0.34
1878,81,27,15,Arlon,81000,62623,0.24
1136,51,27,18,Ath,51000,127915,0.14
1030,45,27,38,Audenarde,45000,124342,0.31
1931,82,27,7,Bastogne,82000,48413,0.14
397,31,27,98,Bruges,31000,282209,0.35
185,21,27,603,Bruxelles-Capitale,21000,1208542,0.5
1189,52,27,58,Charleroi,52000,396639,0.15
555,34,27,127,Courtrai,34000,290706,0.44
2142,91,27,15,Dinant,91000,111008,0.14
450,32,27,8,Dixmude,32000,51525,0.16
925,43,27,12,Eeklo,43000,85235,0.14
767,38,27,9,Furnes,38000,61657,0.15
977,44,27,217,Gand,44000,560522,0.39
238,23,27,183,Hal-Vilvorde,23000,637441,0.29
1719,71,27,74,Hasselt,71000,418496,0.18
1507,61,27,34,Huy,61000,113409,0.3
1454,58,27,17,La Louvière,58000,141060,0.12
1560,62,27,159,Liège,62000,624422,0.25
291,24,27,191,Louvain,24000,508734,0.38
1772,72,27,49,Maaseik,72000,251589,0.19
79,12,27,143,Malines,12000,344818,0.41
1984,83,27,11,Marche-en-Famenne,83000,56476,0.19
1242,53,27,34,Mons,53000,258999,0.13
2194,92,27,55,Namur,92000,316962,0.17
2036,84,27,14,Neufchâteau,84000,63375,0.22
344,25,27,151,Nivelles,25000,403599,0.37
608,35,27,52,Ostende,35000,157200,0.33
2247,93,27,3,Philippeville,93000,66355,0.05
661,36,27,57,Roulers,36000,153315,0.37
1083,46,27,34,Saint-Nicolas,46000,252523,0.13
1295,55,27,20,Soignies,55000,104533,0.19
872,42,27,46,Termonde,42000,201213,0.23
1348,56,27,8,Thuin,56000,91678,0.09
714,37,27,35,Tielt,37000,92905,0.38
1825,73,27,37,Tongres,73000,203963,0.18
1401,57,27,46,Tournai,57000,223417,0.21
132,13,27,120,Turnhout,13000,461867,0.26
1613,63,27,40,Verviers,63000,287772,0.14
2089,85,27,4,Virton,85000,53751,0.07
1666,64,27,20,Waremme,64000,81389,0.25
502,33,27,15,Ypres,33000,106279,0.14
820,41,28,6,Alost,41000,291229,0.02
27,11,28,126,Anvers,11000,1051301,0.12
1879,81,28,15,Arlon,81000,62623,0.24
1137,51,28,3,Ath,51000,127915,0.02
1031,45,28,3,Audenarde,45000,124342,0.02
1932,82,28,1,Bastogne,82000,48413,0.02
398,31,28,11,Bruges,31000,282209,0.04
186,21,28,64,Bruxelles-Capitale,21000,1208542,0.05
1190,52,28,6,Charleroi,52000,396639,0.02
556,34,28,26,Courtrai,34000,290706,0.09
451,32,28,4,Dixmude,32000,51525,0.08
768,38,28,1,Furnes,38000,61657,0.02
978,44,28,27,Gand,44000,560522,0.05
239,23,28,30,Hal-Vilvorde,23000,637441,0.05
1720,71,28,24,Hasselt,71000,418496,0.06
1508,61,28,1,Huy,61000,113409,0.01
1455,58,28,4,La Louvière,58000,141060,0.03
1561,62,28,17,Liège,62000,624422,0.03
292,24,28,11,Louvain,24000,508734,0.02
1773,72,28,12,Maaseik,72000,251589,0.05
80,12,28,8,Malines,12000,344818,0.02
1243,53,28,8,Mons,53000,258999,0.03
2195,92,28,5,Namur,92000,316962,0.02
2037,84,28,2,Neufchâteau,84000,63375,0.03
345,25,28,16,Nivelles,25000,403599,0.04
609,35,28,5,Ostende,35000,157200,0.03
662,36,28,21,Roulers,36000,153315,0.14
1084,46,28,7,Saint-Nicolas,46000,252523,0.03
1296,55,28,3,Soignies,55000,104533,0.03
873,42,28,3,Termonde,42000,201213,0.01
1349,56,28,1,Thuin,56000,91678,0.01
715,37,28,7,Tielt,37000,92905,0.08
1826,73,28,12,Tongres,73000,203963,0.06
1402,57,28,12,Tournai,57000,223417,0.05
133,13,28,16,Turnhout,13000,461867,0.03
1614,63,28,12,Verviers,63000,287772,0.04
2090,85,28,1,Virton,85000,53751,0.02
1667,64,28,7,Waremme,64000,81389,0.09
503,33,28,4,Ypres,33000,106279,0.04
821,41,29,10,Alost,41000,291229,0.03
28,11,29,424,Anvers,11000,1051301,0.4
1880,81,29,37,Arlon,81000,62623,0.59
1138,51,29,7,Ath,51000,127915,0.05
1032,45,29,5,Audenarde,45000,124342,0.04
1933,82,29,1,Bastogne,82000,48413,0.02
399,31,29,21,Bruges,31000,282209,0.07
187,21,29,96,Bruxelles-Capitale,21000,1208542,0.08
1191,52,29,36,Charleroi,52000,396639,0.09
557,34,29,32,Courtrai,34000,290706,0.11
2143,91,29,3,Dinant,91000,111008,0.03
452,32,29,14,Dixmude,32000,51525,0.27
926,43,29,1,Eeklo,43000,85235,0.01
979,44,29,25,Gand,44000,560522,0.04
240,23,29,42,Hal-Vilvorde,23000,637441,0.07
1721,71,29,47,Hasselt,71000,418496,0.11
1509,61,29,10,Huy,61000,113409,0.09
1456,58,29,3,La Louvière,58000,141060,0.02
1562,62,29,26,Liège,62000,624422,0.04
293,24,29,15,Louvain,24000,508734,0.03
1774,72,29,18,Maaseik,72000,251589,0.07
81,12,29,17,Malines,12000,344818,0.05
1985,83,29,2,Marche-en-Famenne,83000,56476,0.04
1244,53,29,15,Mons,53000,258999,0.06
2196,92,29,9,Namur,92000,316962,0.03
2038,84,29,6,Neufchâteau,84000,63375,0.09
346,25,29,14,Nivelles,25000,403599,0.03
610,35,29,8,Ostende,35000,157200,0.05
2248,93,29,4,Philippeville,93000,66355,0.06
663,36,29,32,Roulers,36000,153315,0.21
1085,46,29,18,Saint-Nicolas,46000,252523,0.07
1297,55,29,7,Soignies,55000,104533,0.07
874,42,29,5,Termonde,42000,201213,0.02
1350,56,29,3,Thuin,56000,91678,0.03
716,37,29,8,Tielt,37000,92905,0.09
1827,73,29,13,Tongres,73000,203963,0.06
1403,57,29,15,Tournai,57000,223417,0.07
134,13,29,23,Turnhout,13000,461867,0.05
1615,63,29,18,Verviers,63000,287772,0.06
2091,85,29,2,Virton,85000,53751,0.04
1668,64,29,17,Waremme,64000,81389,0.21
504,33,29,10,Ypres,33000,106279,0.09
822,41,30,24,Alost,41000,291229,0.08
29,11,30,960,Anvers,11000,1051301,0.91
1881,81,30,10,Arlon,81000,62623,0.16
1139,51,30,6,Ath,51000,127915,0.05
1033,45,30,12,Audenarde,45000,124342,0.1
1934,82,30,2,Bastogne,82000,48413,0.04
400,31,30,16,Bruges,31000,282209,0.06
188,21,30,110,Bruxelles-Capitale,21000,1208542,0.09
1192,52,30,50,Charleroi,52000,396639,0.13
558,34,30,49,Courtrai,34000,290706,0.17
2144,91,30,4,Dinant,91000,111008,0.04
453,32,30,4,Dixmude,32000,51525,0.08
927,43,30,12,Eeklo,43000,85235,0.14
769,38,30,3,Furnes,38000,61657,0.05
980,44,30,53,Gand,44000,560522,0.09
241,23,30,44,Hal-Vilvorde,23000,637441,0.07
1722,71,30,82,Hasselt,71000,418496,0.2
1510,61,30,6,Huy,61000,113409,0.05
1457,58,30,10,La Louvière,58000,141060,0.07
1563,62,30,79,Liège,62000,624422,0.13
294,24,30,27,Louvain,24000,508734,0.05
1775,72,30,21,Maaseik,72000,251589,0.08
82,12,30,43,Malines,12000,344818,0.12
1986,83,30,3,Marche-en-Famenne,83000,56476,0.05
1245,53,30,19,Mons,53000,258999,0.07
2197,92,30,21,Namur,92000,316962,0.07
2039,84,30,2,Neufchâteau,84000,63375,0.03
347,25,30,23,Nivelles,25000,403599,0.06
611,35,30,24,Ostende,35000,157200,0.15
2249,93,30,7,Philippeville,93000,66355,0.11
664,36,30,35,Roulers,36000,153315,0.23
1086,46,30,32,Saint-Nicolas,46000,252523,0.13
1298,55,30,9,Soignies,55000,104533,0.09
875,42,30,20,Termonde,42000,201213,0.1
1351,56,30,5,Thuin,56000,91678,0.05
717,37,30,11,Tielt,37000,92905,0.12
1828,73,30,17,Tongres,73000,203963,0.08
1404,57,30,15,Tournai,57000,223417,0.07
135,13,30,48,Turnhout,13000,461867,0.1
1616,63,30,52,Verviers,63000,287772,0.18
2092,85,30,4,Virton,85000,53751,0.07
1669,64,30,7,Waremme,64000,81389,0.09
505,33,30,7,Ypres,33000,106279,0.07
823,41,31,26,Alost,41000,291229,0.09
30,11,31,1165,Anvers,11000,1051301,1.11
1882,81,31,20,Arlon,81000,62623,0.32
1140,51,31,17,Ath,51000,127915,0.13
1034,45,31,44,Audenarde,45000,124342,0.35
1935,82,31,1,Bastogne,82000,48413,0.02
401,31,31,20,Bruges,31000,282209,0.07
189,21,31,355,Bruxelles-Capitale,21000,1208542,0.29
1193,52,31,100,Charleroi,52000,396639,0.25
559,34,31,33,Courtrai,34000,290706,0.11
2145,91,31,9,Dinant,91000,111008,0.08
454,32,31,5,Dixmude,32000,51525,0.1
928,43,31,5,Eeklo,43000,85235,0.06
770,38,31,1,Furnes,38000,61657,0.02
981,44,31,54,Gand,44000,560522,0.1
242,23,31,91,Hal-Vilvorde,23000,637441,0.14
1723,71,31,75,Hasselt,71000,418496,0.18
1511,61,31,27,Huy,61000,113409,0.24
1458,58,31,18,La Louvière,58000,141060,0.13
1564,62,31,214,Liège,62000,624422,0.34
295,24,31,28,Louvain,24000,508734,0.06
1776,72,31,40,Maaseik,72000,251589,0.16
83,12,31,62,Malines,12000,344818,0.18
1987,83,31,2,Marche-en-Famenne,83000,56476,0.04
1246,53,31,23,Mons,53000,258999,0.09
2198,92,31,84,Namur,92000,316962,0.27
2040,84,31,3,Neufchâteau,84000,63375,0.05
348,25,31,48,Nivelles,25000,403599,0.12
612,35,31,10,Ostende,35000,157200,0.06
2250,93,31,4,Philippeville,93000,66355,0.06
665,36,31,16,Roulers,36000,153315,0.1
1087,46,31,108,Saint-Nicolas,46000,252523,0.43
1299,55,31,14,Soignies,55000,104533,0.13
876,42,31,25,Termonde,42000,201213,0.12
1352,56,31,9,Thuin,56000,91678,0.1
718,37,31,9,Tielt,37000,92905,0.1
1829,73,31,12,Tongres,73000,203963,0.06
1405,57,31,17,Tournai,57000,223417,0.08
136,13,31,73,Turnhout,13000,461867,0.16
1617,63,31,86,Verviers,63000,287772,0.3
2093,85,31,17,Virton,85000,53751,0.32
1670,64,31,11,Waremme,64000,81389,0.14
506,33,31,8,Ypres,33000,106279,0.08
824,41,32,27,Alost,41000,291229,0.09
31,11,32,1104,Anvers,11000,1051301,1.05
1883,81,32,14,Arlon,81000,62623,0.22
1141,51,32,13,Ath,51000,127915,0.1
1035,45,32,27,Audenarde,45000,124342,0.22
1936,82,32,2,Bastogne,82000,48413,0.04
402,31,32,31,Bruges,31000,282209,0.11
190,21,32,624,Bruxelles-Capitale,21000,1208542,0.52
1194,52,32,112,Charleroi,52000,396639,0.28
560,34,32,36,Courtrai,34000,290706,0.12
2146,91,32,22,Dinant,91000,111008,0.2
455,32,32,8,Dixmude,32000,51525,0.16
929,43,32,14,Eeklo,43000,85235,0.16
771,38,32,3,Furnes,38000,61657,0.05
982,44,32,132,Gand,44000,560522,0.24
243,23,32,122,Hal-Vilvorde,23000,637441,0.19
1724,71,32,104,Hasselt,71000,418496,0.25
1512,61,32,18,Huy,61000,113409,0.16
1459,58,32,25,La Louvière,58000,141060,0.18
1565,62,32,300,Liège,62000,624422,0.48
296,24,32,36,Louvain,24000,508734,0.07
1777,72,32,27,Maaseik,72000,251589,0.11
84,12,32,92,Malines,12000,344818,0.27
1988,83,32,15,Marche-en-Famenne,83000,56476,0.27
1247,53,32,32,Mons,53000,258999,0.12
2199,92,32,100,Namur,92000,316962,0.32
2041,84,32,5,Neufchâteau,84000,63375,0.08
349,25,32,72,Nivelles,25000,403599,0.18
613,35,32,30,Ostende,35000,157200,0.19
2251,93,32,4,Philippeville,93000,66355,0.06
666,36,32,50,Roulers,36000,153315,0.33
1088,46,32,82,Saint-Nicolas,46000,252523,0.32
1300,55,32,16,Soignies,55000,104533,0.15
877,42,32,17,Termonde,42000,201213,0.08
1353,56,32,10,Thuin,56000,91678,0.11
719,37,32,7,Tielt,37000,92905,0.08
1830,73,32,11,Tongres,73000,203963,0.05
1406,57,32,16,Tournai,57000,223417,0.07
137,13,32,85,Turnhout,13000,461867,0.18
1618,63,32,82,Verviers,63000,287772,0.28
2094,85,32,8,Virton,85000,53751,0.15
1671,64,32,3,Waremme,64000,81389,0.04
507,33,32,10,Ypres,33000,106279,0.09
825,41,33,46,Alost,41000,291229,0.16
32,11,33,725,Anvers,11000,1051301,0.69
1884,81,33,5,Arlon,81000,62623,0.08
1142,51,33,5,Ath,51000,127915,0.04
1036,45,33,14,Audenarde,45000,124342,0.11
1937,82,33,2,Bastogne,82000,48413,0.04
403,31,33,32,Bruges,31000,282209,0.11
191,21,33,756,Bruxelles-Capitale,21000,1208542,0.63
1195,52,33,96,Charleroi,52000,396639,0.24
561,34,33,19,Courtrai,34000,290706,0.07
2147,91,33,16,Dinant,91000,111008,0.14
456,32,33,4,Dixmude,32000,51525,0.08
930,43,33,3,Eeklo,43000,85235,0.04
772,38,33,5,Furnes,38000,61657,0.08
983,44,33,113,Gand,44000,560522,0.2
244,23,33,106,Hal-Vilvorde,23000,637441,0.17
1725,71,33,77,Hasselt,71000,418496,0.18
1513,61,33,23,Huy,61000,113409,0.2
1460,58,33,20,La Louvière,58000,141060,0.14
1566,62,33,236,Liège,62000,624422,0.38
297,24,33,56,Louvain,24000,508734,0.11
1778,72,33,19,Maaseik,72000,251589,0.08
85,12,33,111,Malines,12000,344818,0.32
1989,83,33,23,Marche-en-Famenne,83000,56476,0.41
1248,53,33,34,Mons,53000,258999,0.13
2200,92,33,91,Namur,92000,316962,0.29
2042,84,33,7,Neufchâteau,84000,63375,0.11
350,25,33,73,Nivelles,25000,403599,0.18
614,35,33,11,Ostende,35000,157200,0.07
2252,93,33,6,Philippeville,93000,66355,0.09
667,36,33,19,Roulers,36000,153315,0.12
1089,46,33,61,Saint-Nicolas,46000,252523,0.24
1301,55,33,13,Soignies,55000,104533,0.12
878,42,33,20,Termonde,42000,201213,0.1
1354,56,33,4,Thuin,56000,91678,0.04
720,37,33,13,Tielt,37000,92905,0.14
1831,73,33,19,Tongres,73000,203963,0.09
1407,57,33,34,Tournai,57000,223417,0.15
138,13,33,50,Turnhout,13000,461867,0.11
1619,63,33,72,Verviers,63000,287772,0.25
2095,85,33,5,Virton,85000,53751,0.09
1672,64,33,14,Waremme,64000,81389,0.17
508,33,33,7,Ypres,33000,106279,0.07
826,41,34,27,Alost,41000,291229,0.09
33,11,34,487,Anvers,11000,1051301,0.46
1885,81,34,11,Arlon,81000,62623,0.18
1143,51,34,13,Ath,51000,127915,0.1
1037,45,34,11,Audenarde,45000,124342,0.09
1938,82,34,9,Bastogne,82000,48413,0.19
404,31,34,12,Bruges,31000,282209,0.04
192,21,34,858,Bruxelles-Capitale,21000,1208542,0.71
1196,52,34,100,Charleroi,52000,396639,0.25
562,34,34,30,Courtrai,34000,290706,0.1
2148,91,34,8,Dinant,91000,111008,0.07
457,32,34,1,Dixmude,32000,51525,0.02
931,43,34,11,Eeklo,43000,85235,0.13
773,38,34,4,Furnes,38000,61657,0.06
984,44,34,121,Gand,44000,560522,0.22
245,23,34,135,Hal-Vilvorde,23000,637441,0.21
1726,71,34,75,Hasselt,71000,418496,0.18
1514,61,34,13,Huy,61000,113409,0.11
1461,58,34,16,La Louvière,58000,141060,0.11
1567,62,34,116,Liège,62000,624422,0.19
298,24,34,54,Louvain,24000,508734,0.11
1779,72,34,19,Maaseik,72000,251589,0.08
86,12,34,101,Malines,12000,344818,0.29
1990,83,34,9,Marche-en-Famenne,83000,56476,0.16
1249,53,34,52,Mons,53000,258999,0.2
2201,92,34,70,Namur,92000,316962,0.22
2043,84,34,3,Neufchâteau,84000,63375,0.05
351,25,34,69,Nivelles,25000,403599,0.17
615,35,34,11,Ostende,35000,157200,0.07
2253,93,34,31,Philippeville,93000,66355,0.47
668,36,34,16,Roulers,36000,153315,0.1
1090,46,34,44,Saint-Nicolas,46000,252523,0.17
1302,55,34,13,Soignies,55000,104533,0.12
879,42,34,10,Termonde,42000,201213,0.05
1355,56,34,9,Thuin,56000,91678,0.1
721,37,34,9,Tielt,37000,92905,0.1
1832,73,34,41,Tongres,73000,203963,0.2
1408,57,34,59,Tournai,57000,223417,0.26
139,13,34,55,Turnhout,13000,461867,0.12
1620,63,34,39,Verviers,63000,287772,0.14
2096,85,34,4,Virton,85000,53751,0.07
1673,64,34,7,Waremme,64000,81389,0.09
509,33,34,8,Ypres,33000,106279,0.08
827,41,35,39,Alost,41000,291229,0.13
34,11,35,427,Anvers,11000,1051301,0.41
1886,81,35,7,Arlon,81000,62623,0.11
1144,51,35,9,Ath,51000,127915,0.07
1038,45,35,7,Audenarde,45000,124342,0.06
1939,82,35,5,Bastogne,82000,48413,0.1
405,31,35,15,Bruges,31000,282209,0.05
193,21,35,733,Bruxelles-Capitale,21000,1208542,0.61
1197,52,35,86,Charleroi,52000,396639,0.22
563,34,35,21,Courtrai,34000,290706,0.07
2149,91,35,9,Dinant,91000,111008,0.08
932,43,35,3,Eeklo,43000,85235,0.04
774,38,35,6,Furnes,38000,61657,0.1
985,44,35,100,Gand,44000,560522,0.18
246,23,35,151,Hal-Vilvorde,23000,637441,0.24
1727,71,35,59,Hasselt,71000,418496,0.14
1515,61,35,13,Huy,61000,113409,0.11
1462,58,35,10,La Louvière,58000,141060,0.07
1568,62,35,126,Liège,62000,624422,0.2
299,24,35,47,Louvain,24000,508734,0.09
1780,72,35,34,Maaseik,72000,251589,0.14
87,12,35,66,Malines,12000,344818,0.19
1991,83,35,17,Marche-en-Famenne,83000,56476,0.3
1250,53,35,45,Mons,53000,258999,0.17
2202,92,35,71,Namur,92000,316962,0.22
2044,84,35,3,Neufchâteau,84000,63375,0.05
352,25,35,71,Nivelles,25000,403599,0.18
616,35,35,20,Ostende,35000,157200,0.13
2254,93,35,4,Philippeville,93000,66355,0.06
669,36,35,15,Roulers,36000,153315,0.1
1091,46,35,43,Saint-Nicolas,46000,252523,0.17
1303,55,35,14,Soignies,55000,104533,0.13
880,42,35,18,Termonde,42000,201213,0.09
1356,56,35,9,Thuin,56000,91678,0.1
722,37,35,12,Tielt,37000,92905,0.13
1833,73,35,34,Tongres,73000,203963,0.17
1409,57,35,15,Tournai,57000,223417,0.07
140,13,35,38,Turnhout,13000,461867,0.08
1621,63,35,57,Verviers,63000,287772,0.2
2097,85,35,6,Virton,85000,53751,0.11
1674,64,35,20,Waremme,64000,81389,0.25
510,33,35,6,Ypres,33000,106279,0.06
828,41,36,42,Alost,41000,291229,0.14
35,11,36,514,Anvers,11000,1051301,0.49
1887,81,36,9,Arlon,81000,62623,0.14
1145,51,36,30,Ath,51000,127915,0.23
1039,45,36,7,Audenarde,45000,124342,0.06
1940,82,36,5,Bastogne,82000,48413,0.1
406,31,36,23,Bruges,31000,282209,0.08
194,21,36,880,Bruxelles-Capitale,21000,1208542,0.73
1198,52,36,93,Charleroi,52000,396639,0.23
564,34,36,37,Courtrai,34000,290706,0.13
2150,91,36,16,Dinant,91000,111008,0.14
458,32,36,4,Dixmude,32000,51525,0.08
933,43,36,11,Eeklo,43000,85235,0.13
775,38,36,1,Furnes,38000,61657,0.02
986,44,36,126,Gand,44000,560522,0.22
247,23,36,134,Hal-Vilvorde,23000,637441,0.21
1728,71,36,100,Hasselt,71000,418496,0.24
1516,61,36,16,Huy,61000,113409,0.14
1463,58,36,13,La Louvière,58000,141060,0.09
1569,62,36,163,Liège,62000,624422,0.26
300,24,36,53,Louvain,24000,508734,0.1
1781,72,36,44,Maaseik,72000,251589,0.17
88,12,36,54,Malines,12000,344818,0.16
1992,83,36,11,Marche-en-Famenne,83000,56476,0.19
1251,53,36,34,Mons,53000,258999,0.13
2203,92,36,49,Namur,92000,316962,0.15
2045,84,36,7,Neufchâteau,84000,63375,0.11
353,25,36,109,Nivelles,25000,403599,0.27
617,35,36,12,Ostende,35000,157200,0.08
2255,93,36,4,Philippeville,93000,66355,0.06
670,36,36,15,Roulers,36000,153315,0.1
1092,46,36,39,Saint-Nicolas,46000,252523,0.15
1304,55,36,32,Soignies,55000,104533,0.31
881,42,36,36,Termonde,42000,201213,0.18
1357,56,36,13,Thuin,56000,91678,0.14
723,37,36,10,Tielt,37000,92905,0.11
1834,73,36,17,Tongres,73000,203963,0.08
1410,57,36,28,Tournai,57000,223417,0.13
141,13,36,59,Turnhout,13000,461867,0.13
1622,63,36,42,Verviers,63000,287772,0.15
2098,85,36,7,Virton,85000,53751,0.13
1675,64,36,13,Waremme,64000,81389,0.16
511,33,36,14,Ypres,33000,106279,0.13
829,41,37,83,Alost,41000,291229,0.28
36,11,37,836,Anvers,11000,1051301,0.8
1888,81,37,11,Arlon,81000,62623,0.18
1146,51,37,25,Ath,51000,127915,0.2
1040,45,37,29,Audenarde,45000,124342,0.23
1941,82,37,9,Bastogne,82000,48413,0.19
407,31,37,48,Bruges,31000,282209,0.17
195,21,37,1275,Bruxelles-Capitale,21000,1208542,1.05
1199,52,37,122,Charleroi,52000,396639,0.31
565,34,37,59,Courtrai,34000,290706,0.2
2151,91,37,46,Dinant,91000,111008,0.41
459,32,37,35,Dixmude,32000,51525,0.68
934,43,37,13,Eeklo,43000,85235,0.15
776,38,37,21,Furnes,38000,61657,0.34
987,44,37,208,Gand,44000,560522,0.37
248,23,37,253,Hal-Vilvorde,23000,637441,0.4
1729,71,37,66,Hasselt,71000,418496,0.16
1517,61,37,52,Huy,61000,113409,0.46
1464,58,37,25,La Louvière,58000,141060,0.18
1570,62,37,419,Liège,62000,624422,0.67
301,24,37,68,Louvain,24000,508734,0.13
1782,72,37,62,Maaseik,72000,251589,0.25
89,12,37,80,Malines,12000,344818,0.23
1993,83,37,16,Marche-en-Famenne,83000,56476,0.28
1252,53,37,58,Mons,53000,258999,0.22
2204,92,37,59,Namur,92000,316962,0.19
2046,84,37,16,Neufchâteau,84000,63375,0.25
354,25,37,140,Nivelles,25000,403599,0.35
618,35,37,40,Ostende,35000,157200,0.25
2256,93,37,8,Philippeville,93000,66355,0.12
671,36,37,17,Roulers,36000,153315,0.11
1093,46,37,103,Saint-Nicolas,46000,252523,0.41
1305,55,37,64,Soignies,55000,104533,0.61
882,42,37,62,Termonde,42000,201213,0.31
1358,56,37,26,Thuin,56000,91678,0.28
724,37,37,29,Tielt,37000,92905,0.31
1835,73,37,54,Tongres,73000,203963,0.26
1411,57,37,86,Tournai,57000,223417,0.38
142,13,37,77,Turnhout,13000,461867,0.17
1623,63,37,164,Verviers,63000,287772,0.57
2099,85,37,13,Virton,85000,53751,0.24
1676,64,37,19,Waremme,64000,81389,0.23
512,33,37,50,Ypres,33000,106279,0.47
830,41,38,122,Alost,41000,291229,0.42
37,11,38,1271,Anvers,11000,1051301,1.21
1889,81,38,26,Arlon,81000,62623,0.42
1147,51,38,50,Ath,51000,127915,0.39
1041,45,38,61,Audenarde,45000,124342,0.49
1942,82,38,25,Bastogne,82000,48413,0.52
408,31,38,86,Bruges,31000,282209,0.3
196,21,38,2152,Bruxelles-Capitale,21000,1208542,1.78
1200,52,38,241,Charleroi,52000,396639,0.61
566,34,38,84,Courtrai,34000,290706,0.29
2152,91,38,36,Dinant,91000,111008,0.32
460,32,38,11,Dixmude,32000,51525,0.21
935,43,38,16,Eeklo,43000,85235,0.19
777,38,38,18,Furnes,38000,61657,0.29
988,44,38,285,Gand,44000,560522,0.51
249,23,38,560,Hal-Vilvorde,23000,637441,0.88
1730,71,38,72,Hasselt,71000,418496,0.17
1518,61,38,85,Huy,61000,113409,0.75
1465,58,38,76,La Louvière,58000,141060,0.54
1571,62,38,808,Liège,62000,624422,1.29
302,24,38,128,Louvain,24000,508734,0.25
1783,72,38,82,Maaseik,72000,251589,0.33
90,12,38,152,Malines,12000,344818,0.44
1994,83,38,22,Marche-en-Famenne,83000,56476,0.39
1253,53,38,88,Mons,53000,258999,0.34
2205,92,38,158,Namur,92000,316962,0.5
2047,84,38,18,Neufchâteau,84000,63375,0.28
355,25,38,431,Nivelles,25000,403599,1.07
619,35,38,26,Ostende,35000,157200,0.17
2257,93,38,18,Philippeville,93000,66355,0.27
672,36,38,35,Roulers,36000,153315,0.23
1094,46,38,113,Saint-Nicolas,46000,252523,0.45
1306,55,38,97,Soignies,55000,104533,0.93
883,42,38,58,Termonde,42000,201213,0.29
1359,56,38,29,Thuin,56000,91678,0.32
725,37,38,24,Tielt,37000,92905,0.26
1836,73,38,38,Tongres,73000,203963,0.19
1412,57,38,198,Tournai,57000,223417,0.89
143,13,38,134,Turnhout,13000,461867,0.29
1624,63,38,288,Verviers,63000,287772,1.0
2100,85,38,19,Virton,85000,53751,0.35
1677,64,38,46,Waremme,64000,81389,0.57
513,33,38,73,Ypres,33000,106279,0.69
831,41,39,121,Alost,41000,291229,0.42
38,11,39,1326,Anvers,11000,1051301,1.26
1890,81,39,42,Arlon,81000,62623,0.67
1148,51,39,73,Ath,51000,127915,0.57
1042,45,39,34,Audenarde,45000,124342,0.27
1943,82,39,21,Bastogne,82000,48413,0.43
409,31,39,117,Bruges,31000,282209,0.41
197,21,39,2471,Bruxelles-Capitale,21000,1208542,2.04
1201,52,39,282,Charleroi,52000,396639,0.71
567,34,39,118,Courtrai,34000,290706,0.41
2153,91,39,60,Dinant,91000,111008,0.54
461,32,39,10,Dixmude,32000,51525,0.19
936,43,39,10,Eeklo,43000,85235,0.12
778,38,39,15,Furnes,38000,61657,0.24
989,44,39,225,Gand,44000,560522,0.4
250,23,39,705,Hal-Vilvorde,23000,637441,1.11
1731,71,39,150,Hasselt,71000,418496,0.36
1519,61,39,102,Huy,61000,113409,0.9
1466,58,39,146,La Louvière,58000,141060,1.04
1572,62,39,865,Liège,62000,624422,1.39
303,24,39,154,Louvain,24000,508734,0.3
1784,72,39,80,Maaseik,72000,251589,0.32
91,12,39,239,Malines,12000,344818,0.69
1995,83,39,33,Marche-en-Famenne,83000,56476,0.58
1254,53,39,113,Mons,53000,258999,0.44
2206,92,39,257,Namur,92000,316962,0.81
2048,84,39,41,Neufchâteau,84000,63375,0.65
356,25,39,350,Nivelles,25000,403599,0.87
620,35,39,22,Ostende,35000,157200,0.14
2258,93,39,33,Philippeville,93000,66355,0.5
673,36,39,63,Roulers,36000,153315,0.41
1095,46,39,147,Saint-Nicolas,46000,252523,0.58
1307,55,39,81,Soignies,55000,104533,0.77
884,42,39,113,Termonde,42000,201213,0.56
1360,56,39,60,Thuin,56000,91678,0.65
726,37,39,10,Tielt,37000,92905,0.11
1837,73,39,64,Tongres,73000,203963,0.31
1413,57,39,265,Tournai,57000,223417,1.19
144,13,39,130,Turnhout,13000,461867,0.28
1625,63,39,202,Verviers,63000,287772,0.7
2101,85,39,20,Virton,85000,53751,0.37
1678,64,39,50,Waremme,64000,81389,0.61
514,33,39,79,Ypres,33000,106279,0.74
832,41,40,210,Alost,41000,291229,0.72
39,11,40,1408,Anvers,11000,1051301,1.34
1891,81,40,60,Arlon,81000,62623,0.96
1149,51,40,147,Ath,51000,127915,1.15
1043,45,40,57,Audenarde,45000,124342,0.46
1944,82,40,44,Bastogne,82000,48413,0.91
410,31,40,151,Bruges,31000,282209,0.54
198,21,40,4056,Bruxelles-Capitale,21000,1208542,3.36
1202,52,40,752,Charleroi,52000,396639,1.9
568,34,40,243,Courtrai,34000,290706,0.84
2154,91,40,188,Dinant,91000,111008,1.69
462,32,40,15,Dixmude,32000,51525,0.29
937,43,40,19,Eeklo,43000,85235,0.22
779,38,40,17,Furnes,38000,61657,0.28
990,44,40,343,Gand,44000,560522,0.61
251,23,40,1165,Hal-Vilvorde,23000,637441,1.83
1732,71,40,184,Hasselt,71000,418496,0.44
1520,61,40,168,Huy,61000,113409,1.48
1467,58,40,268,La Louvière,58000,141060,1.9
1573,62,40,1710,Liège,62000,624422,2.74
304,24,40,241,Louvain,24000,508734,0.47
1785,72,40,62,Maaseik,72000,251589,0.25
92,12,40,256,Malines,12000,344818,0.74
1996,83,40,127,Marche-en-Famenne,83000,56476,2.25
1255,53,40,233,Mons,53000,258999,0.9
2207,92,40,548,Namur,92000,316962,1.73
2049,84,40,67,Neufchâteau,84000,63375,1.06
357,25,40,951,Nivelles,25000,403599,2.36
621,35,40,39,Ostende,35000,157200,0.25
2259,93,40,90,Philippeville,93000,66355,1.36
674,36,40,133,Roulers,36000,153315,0.87
1096,46,40,238,Saint-Nicolas,46000,252523,0.94
1308,55,40,149,Soignies,55000,104533,1.43
885,42,40,141,Termonde,42000,201213,0.7
1361,56,40,182,Thuin,56000,91678,1.99
727,37,40,28,Tielt,37000,92905,0.3
1838,73,40,74,Tongres,73000,203963,0.36
1414,57,40,406,Tournai,57000,223417,1.82
145,13,40,202,Turnhout,13000,461867,0.44
1626,63,40,647,Verviers,63000,287772,2.25
2102,85,40,52,Virton,85000,53751,0.97
1679,64,40,148,Waremme,64000,81389,1.82
515,33,40,87,Ypres,33000,106279,0.82
833,41,41,664,Alost,41000,291229,2.28
40,11,41,2455,Anvers,11000,1051301,2.34
1892,81,41,278,Arlon,81000,62623,4.44
1150,51,41,607,Ath,51000,127915,4.75
1044,45,41,97,Audenarde,45000,124342,0.78
1945,82,41,124,Bastogne,82000,48413,2.56
411,31,41,264,Bruges,31000,282209,0.94
199,21,41,6803,Bruxelles-Capitale,21000,1208542,5.63
1203,52,41,1540,Charleroi,52000,396639,3.88
569,34,41,428,Courtrai,34000,290706,1.47
2155,91,41,531,Dinant,91000,111008,4.78
463,32,41,43,Dixmude,32000,51525,0.83
938,43,41,45,Eeklo,43000,85235,0.53
780,38,41,61,Furnes,38000,61657,0.99
991,44,41,559,Gand,44000,560522,1.0
252,23,41,2534,Hal-Vilvorde,23000,637441,3.98
1733,71,41,433,Hasselt,71000,418496,1.03
1521,61,41,606,Huy,61000,113409,5.34
1468,58,41,690,La Louvière,58000,141060,4.89
1574,62,41,3811,Liège,62000,624422,6.1
305,24,41,514,Louvain,24000,508734,1.01
1786,72,41,227,Maaseik,72000,251589,0.9
93,12,41,656,Malines,12000,344818,1.9
1997,83,41,321,Marche-en-Famenne,83000,56476,5.68
1256,53,41,908,Mons,53000,258999,3.51
2208,92,41,1650,Namur,92000,316962,5.21
2050,84,41,211,Neufchâteau,84000,63375,3.33
358,25,41,2237,Nivelles,25000,403599,5.54
622,35,41,146,Ostende,35000,157200,0.93
2260,93,41,252,Philippeville,93000,66355,3.8
675,36,41,256,Roulers,36000,153315,1.67
1097,46,41,601,Saint-Nicolas,46000,252523,2.38
1309,55,41,488,Soignies,55000,104533,4.67
886,42,41,260,Termonde,42000,201213,1.29
1362,56,41,312,Thuin,56000,91678,3.4
728,37,41,104,Tielt,37000,92905,1.12
1839,73,41,213,Tongres,73000,203963,1.04
1415,57,41,1082,Tournai,57000,223417,4.84
146,13,41,569,Turnhout,13000,461867,1.23
1627,63,41,1678,Verviers,63000,287772,5.83
2103,85,41,184,Virton,85000,53751,3.42
1680,64,41,321,Waremme,64000,81389,3.94
516,33,41,283,Ypres,33000,106279,2.66
834,41,42,1129,Alost,41000,291229,3.88
41,11,42,3891,Anvers,11000,1051301,3.7
1893,81,42,332,Arlon,81000,62623,5.3
1151,51,42,1049,Ath,51000,127915,8.2
1045,45,42,311,Audenarde,45000,124342,2.5
1946,82,42,361,Bastogne,82000,48413,7.46
412,31,42,586,Bruges,31000,282209,2.08
200,21,42,10650,Bruxelles-Capitale,21000,1208542,8.81
1204,52,42,3157,Charleroi,52000,396639,7.96
570,34,42,1147,Courtrai,34000,290706,3.95
2156,91,42,922,Dinant,91000,111008,8.31
464,32,42,107,Dixmude,32000,51525,2.08
939,43,42,95,Eeklo,43000,85235,1.11
781,38,42,181,Furnes,38000,61657,2.94
992,44,42,1453,Gand,44000,560522,2.59
253,23,42,4553,Hal-Vilvorde,23000,637441,7.14
1734,71,42,939,Hasselt,71000,418496,2.24
1522,61,42,1335,Huy,61000,113409,11.77
1469,58,42,1878,La Louvière,58000,141060,13.31
1575,62,42,7967,Liège,62000,624422,12.76
306,24,42,1106,Louvain,24000,508734,2.17
1787,72,42,581,Maaseik,72000,251589,2.31
94,12,42,1143,Malines,12000,344818,3.31
1998,83,42,426,Marche-en-Famenne,83000,56476,7.54
1257,53,42,2279,Mons,53000,258999,8.8
2209,92,42,3199,Namur,92000,316962,10.09
2051,84,42,383,Neufchâteau,84000,63375,6.04
359,25,42,3529,Nivelles,25000,403599,8.74
623,35,42,450,Ostende,35000,157200,2.86
2261,93,42,479,Philippeville,93000,66355,7.22
676,36,42,611,Roulers,36000,153315,3.99
1098,46,42,1069,Saint-Nicolas,46000,252523,4.23
1310,55,42,1034,Soignies,55000,104533,9.89
887,42,42,616,Termonde,42000,201213,3.06
1363,56,42,775,Thuin,56000,91678,8.45
729,37,42,398,Tielt,37000,92905,4.28
1840,73,42,425,Tongres,73000,203963,2.08
1416,57,42,2263,Tournai,57000,223417,10.13
147,13,42,1409,Turnhout,13000,461867,3.05
1628,63,42,3975,Verviers,63000,287772,13.81
2104,85,42,207,Virton,85000,53751,3.85
1681,64,42,851,Waremme,64000,81389,10.46
517,33,42,444,Ypres,33000,106279,4.18
835,41,43,2139,Alost,41000,291229,7.34
42,11,43,5700,Anvers,11000,1051301,5.42
1894,81,43,493,Arlon,81000,62623,7.87
1152,51,43,1494,Ath,51000,127915,11.68
1046,45,43,824,Audenarde,45000,124342,6.63
1947,82,43,631,Bastogne,82000,48413,13.03
413,31,43,1378,Bruges,31000,282209,4.88
201,21,43,14594,Bruxelles-Capitale,21000,1208542,12.08
1205,52,43,5027,Charleroi,52000,396639,12.67
571,34,43,1897,Courtrai,34000,290706,6.53
2157,91,43,1267,Dinant,91000,111008,11.41
465,32,43,283,Dixmude,32000,51525,5.49
940,43,43,259,Eeklo,43000,85235,3.04
782,38,43,234,Furnes,38000,61657,3.8
993,44,43,3096,Gand,44000,560522,5.52
254,23,43,6463,Hal-Vilvorde,23000,637441,10.14
1735,71,43,1441,Hasselt,71000,418496,3.44
1523,61,43,1823,Huy,61000,113409,16.07
1470,58,43,2517,La Louvière,58000,141060,17.84
1576,62,43,10504,Liège,62000,624422,16.82
307,24,43,1711,Louvain,24000,508734,3.36
1788,72,43,791,Maaseik,72000,251589,3.14
95,12,43,1898,Malines,12000,344818,5.5
1999,83,43,701,Marche-en-Famenne,83000,56476,12.41
1258,53,43,3295,Mons,53000,258999,12.72
2210,92,43,4193,Namur,92000,316962,13.23
2052,84,43,687,Neufchâteau,84000,63375,10.84
360,25,43,4825,Nivelles,25000,403599,11.95
624,35,43,680,Ostende,35000,157200,4.33
2262,93,43,727,Philippeville,93000,66355,10.96
677,36,43,1347,Roulers,36000,153315,8.79
1099,46,43,1788,Saint-Nicolas,46000,252523,7.08
1311,55,43,1378,Soignies,55000,104533,13.18
888,42,43,1277,Termonde,42000,201213,6.35
1364,56,43,1207,Thuin,56000,91678,13.17
730,37,43,745,Tielt,37000,92905,8.02
1841,73,43,793,Tongres,73000,203963,3.89
1417,57,43,3616,Tournai,57000,223417,16.18
148,13,43,2029,Turnhout,13000,461867,4.39
1629,63,43,5164,Verviers,63000,287772,17.94
2105,85,43,381,Virton,85000,53751,7.09
1682,64,43,1104,Waremme,64000,81389,13.56
518,33,43,705,Ypres,33000,106279,6.63
836,41,44,2068,Alost,41000,291229,7.1
43,11,44,5411,Anvers,11000,1051301,5.15
1895,81,44,438,Arlon,81000,62623,6.99
1153,51,44,1448,Ath,51000,127915,11.32
1047,45,44,851,Audenarde,45000,124342,6.84
1948,82,44,646,Bastogne,82000,48413,13.34
414,31,44,1359,Bruges,31000,282209,4.82
202,21,44,10807,Bruxelles-Capitale,21000,1208542,8.94
1206,52,44,5584,Charleroi,52000,396639,14.08
572,34,44,2406,Courtrai,34000,290706,8.28
2158,91,44,1411,Dinant,91000,111008,12.71
466,32,44,264,Dixmude,32000,51525,5.12
941,43,44,304,Eeklo,43000,85235,3.57
783,38,44,260,Furnes,38000,61657,4.22
994,44,44,3167,Gand,44000,560522,5.65
255,23,44,5010,Hal-Vilvorde,23000,637441,7.86
1736,71,44,1402,Hasselt,71000,418496,3.35
1524,61,44,1906,Huy,61000,113409,16.81
1471,58,44,2651,La Louvière,58000,141060,18.79
1577,62,44,10468,Liège,62000,624422,16.76
308,24,44,1686,Louvain,24000,508734,3.31
1789,72,44,650,Maaseik,72000,251589,2.58
96,12,44,1674,Malines,12000,344818,4.85
2000,83,44,814,Marche-en-Famenne,83000,56476,14.41
1259,53,44,3022,Mons,53000,258999,11.67
2211,92,44,4222,Namur,92000,316962,13.32
2053,84,44,628,Neufchâteau,84000,63375,9.91
361,25,44,3635,Nivelles,25000,403599,9.01
625,35,44,708,Ostende,35000,157200,4.5
2263,93,44,823,Philippeville,93000,66355,12.4
678,36,44,1304,Roulers,36000,153315,8.51
1100,46,44,1552,Saint-Nicolas,46000,252523,6.15
1312,55,44,1282,Soignies,55000,104533,12.26
889,42,44,1385,Termonde,42000,201213,6.88
1365,56,44,1325,Thuin,56000,91678,14.45
731,37,44,814,Tielt,37000,92905,8.76
1842,73,44,836,Tongres,73000,203963,4.1
1418,57,44,3698,Tournai,57000,223417,16.55
149,13,44,2093,Turnhout,13000,461867,4.53
1630,63,44,4774,Verviers,63000,287772,16.59
2106,85,44,395,Virton,85000,53751,7.35
1683,64,44,1206,Waremme,64000,81389,14.82
519,33,44,829,Ypres,33000,106279,7.8
837,41,45,1261,Alost,41000,291229,4.33
44,11,45,3293,Anvers,11000,1051301,3.13
1896,81,45,313,Arlon,81000,62623,5.0
1154,51,45,780,Ath,51000,127915,6.1
1048,45,45,477,Audenarde,45000,124342,3.84
1949,82,45,353,Bastogne,82000,48413,7.29
415,31,45,762,Bruges,31000,282209,2.7
203,21,45,5313,Bruxelles-Capitale,21000,1208542,4.4
1207,52,45,3859,Charleroi,52000,396639,9.73
573,34,45,1382,Courtrai,34000,290706,4.75
2159,91,45,668,Dinant,91000,111008,6.02
467,32,45,214,Dixmude,32000,51525,4.15
942,43,45,141,Eeklo,43000,85235,1.65
784,38,45,107,Furnes,38000,61657,1.74
995,44,45,1882,Gand,44000,560522,3.36
256,23,45,2353,Hal-Vilvorde,23000,637441,3.69
1737,71,45,874,Hasselt,71000,418496,2.09
1525,61,45,701,Huy,61000,113409,6.18
1472,58,45,1126,La Louvière,58000,141060,7.98
1578,62,45,5228,Liège,62000,624422,8.37
309,24,45,868,Louvain,24000,508734,1.71
1790,72,45,420,Maaseik,72000,251589,1.67
97,12,45,867,Malines,12000,344818,2.51
2001,83,45,367,Marche-en-Famenne,83000,56476,6.5
1260,53,45,1595,Mons,53000,258999,6.16
2212,92,45,2115,Namur,92000,316962,6.67
2054,84,45,327,Neufchâteau,84000,63375,5.16
362,25,45,1787,Nivelles,25000,403599,4.43
626,35,45,431,Ostende,35000,157200,2.74
2264,93,45,474,Philippeville,93000,66355,7.14
679,36,45,764,Roulers,36000,153315,4.98
1101,46,45,869,Saint-Nicolas,46000,252523,3.44
1313,55,45,597,Soignies,55000,104533,5.71
890,42,45,771,Termonde,42000,201213,3.83
1366,56,45,702,Thuin,56000,91678,7.66
732,37,45,459,Tielt,37000,92905,4.94
1843,73,45,398,Tongres,73000,203963,1.95
1419,57,45,1803,Tournai,57000,223417,8.07
150,13,45,1148,Turnhout,13000,461867,2.49
1631,63,45,2251,Verviers,63000,287772,7.82
2107,85,45,188,Virton,85000,53751,3.5
1684,64,45,466,Waremme,64000,81389,5.73
520,33,45,554,Ypres,33000,106279,5.21
838,41,46,912,Alost,41000,291229,3.13
45,11,46,2329,Anvers,11000,1051301,2.22
1897,81,46,233,Arlon,81000,62623,3.72
1155,51,46,503,Ath,51000,127915,3.93
1049,45,46,434,Audenarde,45000,124342,3.49
1950,82,46,241,Bastogne,82000,48413,4.98
416,31,46,446,Bruges,31000,282209,1.58
204,21,46,3036,Bruxelles-Capitale,21000,1208542,2.51
1208,52,46,2048,Charleroi,52000,396639,5.16
574,34,46,863,Courtrai,34000,290706,2.97
2160,91,46,436,Dinant,91000,111008,3.93
468,32,46,126,Dixmude,32000,51525,2.45
943,43,46,129,Eeklo,43000,85235,1.51
785,38,46,68,Furnes,38000,61657,1.1
996,44,46,1460,Gand,44000,560522,2.6
257,23,46,1373,Hal-Vilvorde,23000,637441,2.15
1738,71,46,651,Hasselt,71000,418496,1.56
1526,61,46,374,Huy,61000,113409,3.3
1473,58,46,819,La Louvière,58000,141060,5.81
1579,62,46,2558,Liège,62000,624422,4.1
310,24,46,518,Louvain,24000,508734,1.02
1791,72,46,330,Maaseik,72000,251589,1.31
98,12,46,516,Malines,12000,344818,1.5
2002,83,46,218,Marche-en-Famenne,83000,56476,3.86
1261,53,46,872,Mons,53000,258999,3.37
2213,92,46,1141,Namur,92000,316962,3.6
2055,84,46,173,Neufchâteau,84000,63375,2.73
363,25,46,1165,Nivelles,25000,403599,2.89
627,35,46,288,Ostende,35000,157200,1.83
2265,93,46,283,Philippeville,93000,66355,4.26
680,36,46,569,Roulers,36000,153315,3.71
1102,46,46,612,Saint-Nicolas,46000,252523,2.42
1314,55,46,352,Soignies,55000,104533,3.37
891,42,46,499,Termonde,42000,201213,2.48
1367,56,46,504,Thuin,56000,91678,5.5
733,37,46,280,Tielt,37000,92905,3.01
1844,73,46,359,Tongres,73000,203963,1.76
1420,57,46,1143,Tournai,57000,223417,5.12
151,13,46,768,Turnhout,13000,461867,1.66
1632,63,46,1027,Verviers,63000,287772,3.57
2108,85,46,93,Virton,85000,53751,1.73
1685,64,46,263,Waremme,64000,81389,3.23
521,33,46,336,Ypres,33000,106279,3.16
839,41,47,580,Alost,41000,291229,1.99
46,11,47,1623,Anvers,11000,1051301,1.54
1898,81,47,149,Arlon,81000,62623,2.38
1156,51,47,323,Ath,51000,127915,2.53
1050,45,47,394,Audenarde,45000,124342,3.17
1951,82,47,132,Bastogne,82000,48413,2.73
417,31,47,302,Bruges,31000,282209,1.07
205,21,47,2137,Bruxelles-Capitale,21000,1208542,1.77
1209,52,47,1192,Charleroi,52000,396639,3.01
575,34,47,573,Courtrai,34000,290706,1.97
2161,91,47,170,Dinant,91000,111008,1.53
469,32,47,64,Dixmude,32000,51525,1.24
944,43,47,98,Eeklo,43000,85235,1.15
786,38,47,27,Furnes,38000,61657,0.44
997,44,47,1007,Gand,44000,560522,1.8
258,23,47,779,Hal-Vilvorde,23000,637441,1.22
1739,71,47,418,Hasselt,71000,418496,1.0
1527,61,47,193,Huy,61000,113409,1.7
1474,58,47,435,La Louvière,58000,141060,3.08
1580,62,47,1385,Liège,62000,624422,2.22
311,24,47,416,Louvain,24000,508734,0.82
1792,72,47,264,Maaseik,72000,251589,1.05
99,12,47,455,Malines,12000,344818,1.32
2003,83,47,85,Marche-en-Famenne,83000,56476,1.51
1262,53,47,473,Mons,53000,258999,1.83
2214,92,47,677,Namur,92000,316962,2.14
2056,84,47,87,Neufchâteau,84000,63375,1.37
364,25,47,611,Nivelles,25000,403599,1.51
628,35,47,205,Ostende,35000,157200,1.3
2266,93,47,104,Philippeville,93000,66355,1.57
681,36,47,406,Roulers,36000,153315,2.65
1103,46,47,492,Saint-Nicolas,46000,252523,1.95
1315,55,47,188,Soignies,55000,104533,1.8
892,42,47,289,Termonde,42000,201213,1.44
1368,56,47,229,Thuin,56000,91678,2.5
734,37,47,112,Tielt,37000,92905,1.21
1845,73,47,321,Tongres,73000,203963,1.57
1421,57,47,715,Tournai,57000,223417,3.2
152,13,47,601,Turnhout,13000,461867,1.3
1633,63,47,540,Verviers,63000,287772,1.88
2109,85,47,68,Virton,85000,53751,1.27
1686,64,47,154,Waremme,64000,81389,1.89
522,33,47,210,Ypres,33000,106279,1.98
840,41,48,510,Alost,41000,291229,1.75
47,11,48,1267,Anvers,11000,1051301,1.21
1899,81,48,151,Arlon,81000,62623,2.41
1157,51,48,195,Ath,51000,127915,1.52
1051,45,48,208,Audenarde,45000,124342,1.67
1952,82,48,80,Bastogne,82000,48413,1.65
418,31,48,311,Bruges,31000,282209,1.1
206,21,48,1396,Bruxelles-Capitale,21000,1208542,1.16
1210,52,48,757,Charleroi,52000,396639,1.91
576,34,48,384,Courtrai,34000,290706,1.32
2162,91,48,116,Dinant,91000,111008,1.04
470,32,48,82,Dixmude,32000,51525,1.59
945,43,48,66,Eeklo,43000,85235,0.77
787,38,48,21,Furnes,38000,61657,0.34
998,44,48,693,Gand,44000,560522,1.24
259,23,48,680,Hal-Vilvorde,23000,637441,1.07
1740,71,48,355,Hasselt,71000,418496,0.85
1528,61,48,131,Huy,61000,113409,1.16
1475,58,48,254,La Louvière,58000,141060,1.8
1581,62,48,788,Liège,62000,624422,1.26
312,24,48,345,Louvain,24000,508734,0.68
1793,72,48,247,Maaseik,72000,251589,0.98
100,12,48,281,Malines,12000,344818,0.81
2004,83,48,83,Marche-en-Famenne,83000,56476,1.47
1263,53,48,272,Mons,53000,258999,1.05
2215,92,48,473,Namur,92000,316962,1.49
2057,84,48,78,Neufchâteau,84000,63375,1.23
365,25,48,375,Nivelles,25000,403599,0.93
629,35,48,179,Ostende,35000,157200,1.14
2267,93,48,52,Philippeville,93000,66355,0.78
682,36,48,323,Roulers,36000,153315,2.11
1104,46,48,283,Saint-Nicolas,46000,252523,1.12
1316,55,48,101,Soignies,55000,104533,0.97
893,42,48,248,Termonde,42000,201213,1.23
1369,56,48,104,Thuin,56000,91678,1.13
735,37,48,138,Tielt,37000,92905,1.49
1846,73,48,299,Tongres,73000,203963,1.47
1422,57,48,359,Tournai,57000,223417,1.61
153,13,48,464,Turnhout,13000,461867,1.0
1634,63,48,294,Verviers,63000,287772,1.02
2110,85,48,44,Virton,85000,53751,0.82
1687,64,48,81,Waremme,64000,81389,1.0
523,33,48,157,Ypres,33000,106279,1.48
841,41,49,434,Alost,41000,291229,1.49
48,11,49,1360,Anvers,11000,1051301,1.29
1900,81,49,105,Arlon,81000,62623,1.68
1158,51,49,130,Ath,51000,127915,1.02
1052,45,49,230,Audenarde,45000,124342,1.85
1953,82,49,70,Bastogne,82000,48413,1.45
419,31,49,384,Bruges,31000,282209,1.36
207,21,49,1121,Bruxelles-Capitale,21000,1208542,0.93
1211,52,49,520,Charleroi,52000,396639,1.31
577,34,49,484,Courtrai,34000,290706,1.66
2163,91,49,124,Dinant,91000,111008,1.12
471,32,49,77,Dixmude,32000,51525,1.49
946,43,49,63,Eeklo,43000,85235,0.74
788,38,49,21,Furnes,38000,61657,0.34
999,44,49,803,Gand,44000,560522,1.43
260,23,49,682,Hal-Vilvorde,23000,637441,1.07
1741,71,49,366,Hasselt,71000,418496,0.87
1529,61,49,110,Huy,61000,113409,0.97
1476,58,49,237,La Louvière,58000,141060,1.68
1582,62,49,534,Liège,62000,624422,0.86
313,24,49,410,Louvain,24000,508734,0.81
1794,72,49,233,Maaseik,72000,251589,0.93
101,12,49,191,Malines,12000,344818,0.55
2005,83,49,109,Marche-en-Famenne,83000,56476,1.93
1264,53,49,258,Mons,53000,258999,1.0
2216,92,49,308,Namur,92000,316962,0.97
2058,84,49,88,Neufchâteau,84000,63375,1.39
366,25,49,341,Nivelles,25000,403599,0.84
630,35,49,227,Ostende,35000,157200,1.44
2268,93,49,48,Philippeville,93000,66355,0.72
683,36,49,323,Roulers,36000,153315,2.11
1105,46,49,341,Saint-Nicolas,46000,252523,1.35
1317,55,49,134,Soignies,55000,104533,1.28
894,42,49,214,Termonde,42000,201213,1.06
1370,56,49,129,Thuin,56000,91678,1.41
736,37,49,177,Tielt,37000,92905,1.91
1847,73,49,217,Tongres,73000,203963,1.06
1423,57,49,355,Tournai,57000,223417,1.59
154,13,49,509,Turnhout,13000,461867,1.1
1635,63,49,239,Verviers,63000,287772,0.83
2111,85,49,73,Virton,85000,53751,1.36
1688,64,49,73,Waremme,64000,81389,0.9
524,33,49,97,Ypres,33000,106279,0.91
842,41,50,523,Alost,41000,291229,1.8
49,11,50,1576,Anvers,11000,1051301,1.5
1901,81,50,123,Arlon,81000,62623,1.96
1159,51,50,139,Ath,51000,127915,1.09
1053,45,50,254,Audenarde,45000,124342,2.04
1954,82,50,52,Bastogne,82000,48413,1.07
420,31,50,400,Bruges,31000,282209,1.42
208,21,50,1010,Bruxelles-Capitale,21000,1208542,0.84
1212,52,50,549,Charleroi,52000,396639,1.38
578,34,50,589,Courtrai,34000,290706,2.03
2164,91,50,126,Dinant,91000,111008,1.14
472,32,50,126,Dixmude,32000,51525,2.45
947,43,50,78,Eeklo,43000,85235,0.92
789,38,50,21,Furnes,38000,61657,0.34
1000,44,50,913,Gand,44000,560522,1.63
261,23,50,605,Hal-Vilvorde,23000,637441,0.95
1742,71,50,393,Hasselt,71000,418496,0.94
1530,61,50,109,Huy,61000,113409,0.96
1477,58,50,331,La Louvière,58000,141060,2.35
1583,62,50,519,Liège,62000,624422,0.83
314,24,50,348,Louvain,24000,508734,0.68
1795,72,50,320,Maaseik,72000,251589,1.27
102,12,50,191,Malines,12000,344818,0.55
2006,83,50,67,Marche-en-Famenne,83000,56476,1.19
1265,53,50,289,Mons,53000,258999,1.12
2217,92,50,417,Namur,92000,316962,1.32
2059,84,50,107,Neufchâteau,84000,63375,1.69
367,25,50,350,Nivelles,25000,403599,0.87
631,35,50,234,Ostende,35000,157200,1.49
2269,93,50,35,Philippeville,93000,66355,0.53
684,36,50,336,Roulers,36000,153315,2.19
1106,46,50,418,Saint-Nicolas,46000,252523,1.66
1318,55,50,142,Soignies,55000,104533,1.36
895,42,50,272,Termonde,42000,201213,1.35
1371,56,50,177,Thuin,56000,91678,1.93
737,37,50,268,Tielt,37000,92905,2.88
1848,73,50,255,Tongres,73000,203963,1.25
1424,57,50,391,Tournai,57000,223417,1.75
155,13,50,730,Turnhout,13000,461867,1.58
1636,63,50,259,Verviers,63000,287772,0.9
2112,85,50,41,Virton,85000,53751,0.76
1689,64,50,66,Waremme,64000,81389,0.81
525,33,50,155,Ypres,33000,106279,1.46
843,41,51,574,Alost,41000,291229,1.97
50,11,51,1646,Anvers,11000,1051301,1.57
1902,81,51,140,Arlon,81000,62623,2.24
1160,51,51,130,Ath,51000,127915,1.02
1054,45,51,311,Audenarde,45000,124342,2.5
1955,82,51,54,Bastogne,82000,48413,1.12
421,31,51,448,Bruges,31000,282209,1.59
209,21,51,1246,Bruxelles-Capitale,21000,1208542,1.03
1213,52,51,469,Charleroi,52000,396639,1.18
579,34,51,630,Courtrai,34000,290706,2.17
2165,91,51,139,Dinant,91000,111008,1.25
473,32,51,147,Dixmude,32000,51525,2.85
948,43,51,120,Eeklo,43000,85235,1.41
790,38,51,34,Furnes,38000,61657,0.55
1001,44,51,898,Gand,44000,560522,1.6
262,23,51,622,Hal-Vilvorde,23000,637441,0.98
1743,71,51,389,Hasselt,71000,418496,0.93
1531,61,51,138,Huy,61000,113409,1.22
1478,58,51,292,La Louvière,58000,141060,2.07
1584,62,51,618,Liège,62000,624422,0.99
315,24,51,345,Louvain,24000,508734,0.68
1796,72,51,405,Maaseik,72000,251589,1.61
103,12,51,259,Malines,12000,344818,0.75
2007,83,51,33,Marche-en-Famenne,83000,56476,0.58
1266,53,51,240,Mons,53000,258999,0.93
2218,92,51,443,Namur,92000,316962,1.4
2060,84,51,52,Neufchâteau,84000,63375,0.82
368,25,51,380,Nivelles,25000,403599,0.94
632,35,51,224,Ostende,35000,157200,1.42
2270,93,51,98,Philippeville,93000,66355,1.48
685,36,51,371,Roulers,36000,153315,2.42
1107,46,51,399,Saint-Nicolas,46000,252523,1.58
1319,55,51,165,Soignies,55000,104533,1.58
896,42,51,279,Termonde,42000,201213,1.39
1372,56,51,136,Thuin,56000,91678,1.48
738,37,51,274,Tielt,37000,92905,2.95
1849,73,51,220,Tongres,73000,203963,1.08
1425,57,51,392,Tournai,57000,223417,1.75
156,13,51,874,Turnhout,13000,461867,1.89
1637,63,51,244,Verviers,63000,287772,0.85
2113,85,51,112,Virton,85000,53751,2.08
1690,64,51,53,Waremme,64000,81389,0.65
526,33,51,193,Ypres,33000,106279,1.82
844,41,52,277,Alost,41000,291229,0.95
51,11,52,1122,Anvers,11000,1051301,1.07
1903,81,52,77,Arlon,81000,62623,1.23
1161,51,52,117,Ath,51000,127915,0.91
1055,45,52,180,Audenarde,45000,124342,1.45
1956,82,52,43,Bastogne,82000,48413,0.89
422,31,52,318,Bruges,31000,282209,1.13
210,21,52,809,Bruxelles-Capitale,21000,1208542,0.67
1214,52,52,274,Charleroi,52000,396639,0.69
580,34,52,410,Courtrai,34000,290706,1.41
2166,91,52,92,Dinant,91000,111008,0.83
474,32,52,108,Dixmude,32000,51525,2.1
949,43,52,73,Eeklo,43000,85235,0.86
791,38,52,50,Furnes,38000,61657,0.81
1002,44,52,710,Gand,44000,560522,1.27
263,23,52,417,Hal-Vilvorde,23000,637441,0.65
1744,71,52,314,Hasselt,71000,418496,0.75
1532,61,52,77,Huy,61000,113409,0.68
1479,58,52,242,La Louvière,58000,141060,1.72
1585,62,52,410,Liège,62000,624422,0.66
316,24,52,263,Louvain,24000,508734,0.52
1797,72,52,314,Maaseik,72000,251589,1.25
104,12,52,207,Malines,12000,344818,0.6
2008,83,52,23,Marche-en-Famenne,83000,56476,0.41
1267,53,52,168,Mons,53000,258999,0.65
2219,92,52,265,Namur,92000,316962,0.84
2061,84,52,33,Neufchâteau,84000,63375,0.52
369,25,52,268,Nivelles,25000,403599,0.66
633,35,52,110,Ostende,35000,157200,0.7
2271,93,52,85,Philippeville,93000,66355,1.28
686,36,52,200,Roulers,36000,153315,1.3
1108,46,52,350,Saint-Nicolas,46000,252523,1.39
1320,55,52,114,Soignies,55000,104533,1.09
897,42,52,199,Termonde,42000,201213,0.99
1373,56,52,63,Thuin,56000,91678,0.69
739,37,52,129,Tielt,37000,92905,1.39
1850,73,52,175,Tongres,73000,203963,0.86
1426,57,52,283,Tournai,57000,223417,1.27
157,13,52,535,Turnhout,13000,461867,1.16
1638,63,52,240,Verviers,63000,287772,0.83
2114,85,52,62,Virton,85000,53751,1.15
1691,64,52,37,Waremme,64000,81389,0.45
527,33,52,131,Ypres,33000,106279,1.23
845,41,53,268,Alost,41000,291229,0.92
52,11,53,958,Anvers,11000,1051301,0.91
1904,81,53,96,Arlon,81000,62623,1.53
1162,51,53,88,Ath,51000,127915,0.69
1056,45,53,142,Audenarde,45000,124342,1.14
1957,82,53,24,Bastogne,82000,48413,0.5
423,31,53,219,Bruges,31000,282209,0.78
211,21,53,950,Bruxelles-Capitale,21000,1208542,0.79
1215,52,53,279,Charleroi,52000,396639,0.7
581,34,53,407,Courtrai,34000,290706,1.4
2167,91,53,61,Dinant,91000,111008,0.55
475,32,53,78,Dixmude,32000,51525,1.51
950,43,53,61,Eeklo,43000,85235,0.72
792,38,53,68,Furnes,38000,61657,1.1
1003,44,53,564,Gand,44000,560522,1.01
264,23,53,400,Hal-Vilvorde,23000,637441,0.63
1745,71,53,266,Hasselt,71000,418496,0.64
1533,61,53,79,Huy,61000,113409,0.7
1480,58,53,166,La Louvière,58000,141060,1.18
1586,62,53,442,Liège,62000,624422,0.71
317,24,53,204,Louvain,24000,508734,0.4
1798,72,53,287,Maaseik,72000,251589,1.14
105,12,53,254,Malines,12000,344818,0.74
2009,83,53,19,Marche-en-Famenne,83000,56476,0.34
1268,53,53,135,Mons,53000,258999,0.52
2220,92,53,215,Namur,92000,316962,0.68
2062,84,53,19,Neufchâteau,84000,63375,0.3
370,25,53,290,Nivelles,25000,403599,0.72
634,35,53,111,Ostende,35000,157200,0.71
2272,93,53,36,Philippeville,93000,66355,0.54
687,36,53,161,Roulers,36000,153315,1.05
1109,46,53,322,Saint-Nicolas,46000,252523,1.28
1321,55,53,60,Soignies,55000,104533,0.57
898,42,53,155,Termonde,42000,201213,0.77
1374,56,53,61,Thuin,56000,91678,0.67
740,37,53,121,Tielt,37000,92905,1.3
1851,73,53,213,Tongres,73000,203963,1.04
1427,57,53,164,Tournai,57000,223417,0.73
158,13,53,349,Turnhout,13000,461867,0.76
1639,63,53,180,Verviers,63000,287772,0.63
2115,85,53,89,Virton,85000,53751,1.66
1692,64,53,40,Waremme,64000,81389,0.49
528,33,53,87,Ypres,33000,106279,0.82
