NIS5,AgeGroup,COUNT
11001,0-17,2557
11001,18-34,2498
11001,35-44,1601
11001,45-54,2041
11001,55-64,2090
11001,65-74,1897
11001,75-84,1261
11001,85+,482
11002,0-17,119897
11002,18-34,127864
11002,35-44,73771
11002,45-54,64091
11002,55-64,56810
11002,65-74,42833
11002,75-84,29118
11002,85+,14863
11004,0-17,2494
11004,18-34,2543
11004,35-44,1520
11004,45-54,1851
11004,55-64,2081
11004,65-74,1496
11004,75-84,888
11004,85+,499
11005,0-17,4323
11005,18-34,3872
11005,35-44,2368
11005,45-54,2563
11005,55-64,2223
11005,65-74,1532
11005,75-84,1150
11005,85+,524
11007,0-17,2293
11007,18-34,2242
11007,35-44,1421
11007,45-54,1340
11007,55-64,1468
11007,65-74,1170
11007,75-84,735
11007,85+,280
11008,0-17,6875
11008,18-34,6737
11008,35-44,4347
11008,45-54,5121
11008,55-64,5753
11008,65-74,4806
11008,75-84,3183
11008,85+,1401
11009,0-17,5364
11009,18-34,5747
11009,35-44,3405
11009,45-54,4340
11009,55-64,4834
11009,65-74,3201
11009,75-84,1853
11009,85+,710
11013,0-17,4307
11013,18-34,4168
11013,35-44,2736
11013,45-54,2564
11013,55-64,3163
11013,65-74,2576
11013,75-84,1815
11013,85+,932
11016,0-17,3896
11016,18-34,3796
11016,35-44,2354
11016,45-54,2668
11016,55-64,2817
11016,65-74,2068
11016,75-84,1133
11016,85+,430
11018,0-17,2661
11018,18-34,2261
11018,35-44,1657
11018,45-54,1633
11018,55-64,1432
11018,65-74,1105
11018,75-84,604
11018,85+,281
11021,0-17,1615
11021,18-34,1446
11021,35-44,890
11021,45-54,1044
11021,55-64,1304
11021,65-74,1013
11021,75-84,619
11021,85+,346
11022,0-17,3670
11022,18-34,3590
11022,35-44,2212
11022,45-54,2521
11022,55-64,2657
11022,65-74,2209
11022,75-84,1378
11022,85+,635
11023,0-17,5005
11023,18-34,4741
11023,35-44,3134
11023,45-54,3704
11023,55-64,4055
11023,65-74,3097
11023,75-84,2242
11023,85+,1003
11024,0-17,4057
11024,18-34,4090
11024,35-44,2530
11024,45-54,2854
11024,55-64,3188
11024,65-74,2291
11024,75-84,1531
11024,85+,662
11025,0-17,1699
11025,18-34,1649
11025,35-44,1019
11025,45-54,1182
11025,55-64,1426
11025,65-74,923
11025,75-84,521
11025,85+,222
11029,0-17,5264
11029,18-34,5385
11029,35-44,3389
11029,45-54,3368
11029,55-64,3435
11029,65-74,2505
11029,75-84,1747
11029,85+,1064
11030,0-17,2449
11030,18-34,2223
11030,35-44,1455
11030,45-54,1421
11030,55-64,1281
11030,65-74,884
11030,75-84,552
11030,85+,281
11035,0-17,3471
11035,18-34,3563
11035,35-44,2280
11035,45-54,2610
11035,55-64,3063
11035,65-74,2320
11035,75-84,1364
11035,85+,516
11037,0-17,2964
11037,18-34,2784
11037,35-44,1907
11037,45-54,2070
11037,55-64,2148
11037,65-74,1617
11037,75-84,998
11037,85+,562
11038,0-17,1713
11038,18-34,1590
11038,35-44,1019
11038,45-54,1256
11038,55-64,1195
11038,65-74,944
11038,75-84,561
11038,85+,251
11039,0-17,3499
11039,18-34,3399
11039,35-44,2034
11039,45-54,2812
11039,55-64,3186
11039,65-74,2473
11039,75-84,1704
11039,85+,766
11040,0-17,6405
11040,18-34,6616
11040,35-44,3952
11040,45-54,4615
11040,55-64,5098
11040,65-74,3802
11040,75-84,2579
11040,85+,1249
11044,0-17,3593
11044,18-34,3605
11044,35-44,2454
11044,45-54,2731
11044,55-64,2649
11044,65-74,2293
11044,75-84,1055
11044,85+,409
11050,0-17,1831
11050,18-34,1820
11050,35-44,1212
11050,45-54,1329
11050,55-64,1548
11050,65-74,1071
11050,75-84,746
11050,85+,426
11052,0-17,2469
11052,18-34,2454
11052,35-44,1563
11052,45-54,1735
11052,55-64,1944
11052,65-74,1423
11052,75-84,895
11052,85+,460
11053,0-17,4090
11053,18-34,4399
11053,35-44,2614
11053,45-54,3052
11053,55-64,3224
11053,65-74,2171
11053,75-84,1185
11053,85+,478
11054,0-17,2296
11054,18-34,2402
11054,35-44,1478
11054,45-54,1732
11054,55-64,2164
11054,65-74,1696
11054,75-84,847
11054,85+,456
11055,0-17,3889
11055,18-34,3758
11055,35-44,2434
11055,45-54,3080
11055,55-64,3624
11055,65-74,2945
11055,75-84,1693
11055,85+,642
11056,0-17,3851
11056,18-34,3480
11056,35-44,2447
11056,45-54,2443
11056,55-64,2920
11056,65-74,2131
11056,75-84,1261
11056,85+,621
11057,0-17,2944
11057,18-34,3001
11057,35-44,1890
11057,45-54,2189
11057,55-64,2370
11057,65-74,1696
11057,75-84,1003
11057,85+,509
12002,0-17,2152
12002,18-34,2115
12002,35-44,1410
12002,45-54,1680
12002,55-64,1809
12002,65-74,1292
12002,75-84,802
12002,85+,396
12005,0-17,2774
12005,18-34,2588
12005,35-44,1621
12005,45-54,2148
12005,55-64,2355
12005,65-74,1654
12005,75-84,1267
12005,85+,671
12007,0-17,3689
12007,18-34,3925
12007,35-44,2519
12007,45-54,3204
12007,55-64,3250
12007,65-74,2542
12007,75-84,1548
12007,85+,676
12009,0-17,3341
12009,18-34,3455
12009,35-44,2255
12009,45-54,2454
12009,55-64,2469
12009,65-74,1910
12009,75-84,1205
12009,85+,575
12014,0-17,7575
12014,18-34,7955
12014,35-44,5292
12014,45-54,6244
12014,55-64,6572
12014,65-74,4923
12014,75-84,3080
12014,85+,1309
12021,0-17,6597
12021,18-34,7736
12021,35-44,4531
12021,45-54,4899
12021,55-64,5178
12021,65-74,3991
12021,75-84,2559
12021,85+,1155
12025,0-17,19069
12025,18-34,19993
12025,35-44,11677
12025,45-54,10738
12025,55-64,10429
12025,65-74,7598
12025,75-84,4928
12025,85+,2489
12026,0-17,4314
12026,18-34,4115
12026,35-44,2958
12026,45-54,3375
12026,55-64,3348
12026,65-74,2622
12026,75-84,1605
12026,85+,599
12029,0-17,3292
12029,18-34,3252
12029,35-44,2242
12029,45-54,2607
12029,55-64,2612
12029,65-74,2089
12029,75-84,1297
12029,85+,536
12035,0-17,4112
12035,18-34,3922
12035,35-44,2606
12035,45-54,2948
12035,55-64,2946
12035,65-74,2220
12035,75-84,1483
12035,85+,789
12040,0-17,6180
12040,18-34,5313
12040,35-44,3508
12040,45-54,3599
12040,55-64,3400
12040,65-74,2454
12040,75-84,1594
12040,85+,778
12041,0-17,5097
12041,18-34,4998
12041,35-44,3299
12041,45-54,3741
12041,55-64,3635
12041,65-74,2792
12041,75-84,1721
12041,85+,859
13001,0-17,2584
13001,18-34,2614
13001,35-44,1669
13001,45-54,1970
13001,55-64,1876
13001,65-74,1375
13001,75-84,887
13001,85+,315
13002,0-17,597
13002,18-34,559
13002,35-44,335
13002,45-54,382
13002,55-64,400
13002,65-74,303
13002,75-84,234
13002,85+,55
13003,0-17,4404
13003,18-34,4274
13003,35-44,3130
13003,45-54,3305
13003,55-64,3248
13003,65-74,2395
13003,75-84,1458
13003,85+,599
13004,0-17,3543
13004,18-34,3636
13004,35-44,2309
13004,45-54,2620
13004,55-64,2597
13004,65-74,1839
13004,75-84,1162
13004,85+,422
13006,0-17,1856
13006,18-34,1834
13006,35-44,1264
13006,45-54,1361
13006,55-64,1372
13006,65-74,993
13006,75-84,647
13006,85+,278
13008,0-17,7512
13008,18-34,7989
13008,35-44,5418
13008,45-54,5808
13008,55-64,5866
13008,65-74,4455
13008,75-84,2550
13008,85+,1111
13010,0-17,1796
13010,18-34,2086
13010,35-44,1300
13010,45-54,1741
13010,55-64,1822
13010,65-74,1385
13010,75-84,754
13010,85+,288
13011,0-17,4721
13011,18-34,5482
13011,35-44,3575
13011,45-54,3941
13011,55-64,4497
13011,65-74,3141
13011,75-84,1990
13011,85+,925
13012,0-17,1582
13012,18-34,1708
13012,35-44,1107
13012,45-54,1243
13012,55-64,1475
13012,65-74,1034
13012,75-84,673
13012,85+,287
13013,0-17,2512
13013,18-34,2464
13013,35-44,1845
13013,45-54,2064
13013,55-64,2356
13013,65-74,1670
13013,75-84,1106
13013,85+,504
13014,0-17,4153
13014,18-34,4421
13014,35-44,2603
13014,45-54,2981
13014,55-64,3075
13014,65-74,2318
13014,75-84,1422
13014,85+,451
13016,0-17,1856
13016,18-34,1975
13016,35-44,1371
13016,45-54,1596
13016,55-64,1619
13016,65-74,1091
13016,75-84,666
13016,85+,297
13017,0-17,3358
13017,18-34,3579
13017,35-44,2139
13017,45-54,2661
13017,55-64,3129
13017,65-74,2154
13017,75-84,1279
13017,85+,583
13019,0-17,3058
13019,18-34,3063
13019,35-44,2054
13019,45-54,2477
13019,55-64,2691
13019,65-74,1888
13019,75-84,928
13019,85+,405
13021,0-17,1907
13021,18-34,1876
13021,35-44,1366
13021,45-54,1469
13021,55-64,1556
13021,65-74,1175
13021,75-84,683
13021,85+,292
13023,0-17,1635
13023,18-34,1698
13023,35-44,1060
13023,45-54,1184
13023,55-64,1377
13023,65-74,999
13023,75-84,458
13023,85+,177
13025,0-17,6943
13025,18-34,7000
13025,35-44,4750
13025,45-54,5136
13025,55-64,5525
13025,65-74,4056
13025,75-84,2528
13025,85+,1084
13029,0-17,2405
13029,18-34,2349
13029,35-44,1688
13029,45-54,1794
13029,55-64,1920
13029,65-74,1327
13029,75-84,767
13029,85+,310
13031,0-17,2736
13031,18-34,2430
13031,35-44,1695
13031,45-54,1920
13031,55-64,2008
13031,65-74,1769
13031,75-84,1021
13031,85+,398
13035,0-17,2859
13035,18-34,2865
13035,35-44,1632
13035,45-54,2271
13035,55-64,2406
13035,65-74,1655
13035,75-84,976
13035,85+,359
13036,0-17,2219
13036,18-34,2208
13036,35-44,1397
13036,45-54,1625
13036,55-64,1760
13036,65-74,1256
13036,75-84,760
13036,85+,283
13037,0-17,2469
13037,18-34,2527
13037,35-44,1607
13037,45-54,1668
13037,55-64,1640
13037,65-74,1197
13037,75-84,775
13037,85+,295
13040,0-17,9067
13040,18-34,9670
13040,35-44,5659
13040,45-54,5897
13040,55-64,6103
13040,65-74,4548
13040,75-84,3043
13040,85+,1293
13044,0-17,1463
13044,18-34,1461
13044,35-44,1019
13044,45-54,1059
13044,55-64,1303
13044,65-74,902
13044,75-84,508
13044,85+,221
13046,0-17,2220
13046,18-34,2211
13046,35-44,1386
13046,45-54,1615
13046,55-64,1682
13046,65-74,1250
13046,75-84,728
13046,85+,251
13049,0-17,4618
13049,18-34,4425
13049,35-44,3326
13049,45-54,3616
13049,55-64,3621
13049,65-74,3162
13049,75-84,1658
13049,85+,693
13053,0-17,2915
13053,18-34,2990
13053,35-44,2136
13053,45-54,2320
13053,55-64,2422
13053,65-74,1923
13053,75-84,1040
13053,85+,440
21001,0-17,31421
21001,18-34,28683
21001,35-44,17662
21001,45-54,15698
21001,55-64,12055
21001,65-74,7654
21001,75-84,5072
21001,85+,2642
21002,0-17,7374
21002,18-34,7921
21002,35-44,5161
21002,45-54,4502
21002,55-64,3866
21002,65-74,2806
21002,75-84,1726
21002,85+,1048
21003,0-17,6423
21003,18-34,5482
21003,35-44,3511
21003,45-54,3376
21003,55-64,2827
21003,65-74,1995
21003,75-84,1274
21003,85+,614
21004,0-17,43042
21004,18-34,50316
21004,35-44,28950
21004,45-54,24338
21004,55-64,18038
21004,65-74,11093
21004,75-84,6267
21004,85+,3059
21005,0-17,8462
21005,18-34,15871
21005,35-44,8146
21005,45-54,6041
21005,55-64,4663
21005,65-74,2876
21005,75-84,1590
21005,85+,824
21006,0-17,10079
21006,18-34,9991
21006,35-44,6315
21006,45-54,5291
21006,55-64,4343
21006,65-74,3137
21006,75-84,2078
21006,85+,1422
21007,0-17,12800
21007,18-34,13657
21007,35-44,9468
21007,45-54,7690
21007,55-64,5463
21007,65-74,3955
21007,75-84,2374
21007,85+,1174
21008,0-17,6029
21008,18-34,5456
21008,35-44,3444
21008,45-54,3359
21008,55-64,2745
21008,65-74,2026
21008,75-84,1413
21008,85+,762
21009,0-17,13200
21009,18-34,31156
21009,35-44,14625
21009,45-54,10639
21009,55-64,8245
21009,65-74,5376
21009,75-84,2923
21009,85+,1468
21010,0-17,12805
21010,18-34,11858
21010,35-44,7790
21010,45-54,6886
21010,55-64,5600
21010,65-74,3852
21010,75-84,2500
21010,85+,1437
21011,0-17,5900
21011,18-34,5112
21011,35-44,3503
21011,45-54,2902
21011,55-64,2026
21011,65-74,1312
21011,75-84,817
21011,85+,387
21012,0-17,28293
21012,18-34,22994
21012,35-44,14084
21012,45-54,12205
21012,55-64,9042
21012,65-74,5888
21012,75-84,3755
21012,85+,1718
21013,0-17,9159
21013,18-34,15246
21013,35-44,8940
21013,45-54,6800
21013,55-64,4838
21013,65-74,2742
21013,75-84,1405
21013,85+,548
21014,0-17,6306
21014,18-34,8049
21014,35-44,4571
21014,45-54,3657
21014,55-64,2598
21014,65-74,1343
21014,75-84,747
21014,85+,226
21015,0-17,33355
21015,18-34,35560
21015,35-44,21562
21015,45-54,17053
21015,55-64,12113
21015,65-74,7275
21015,75-84,4139
21015,85+,1742
21016,0-17,16887
21016,18-34,18031
21016,35-44,11380
21016,45-54,11847
21016,55-64,9821
21016,65-74,7788
21016,75-84,5136
21016,85+,3090
21017,0-17,5182
21017,18-34,5111
21017,35-44,3073
21017,45-54,3532
21017,55-64,3243
21017,65-74,2615
21017,75-84,1666
21017,85+,910
21018,0-17,11385
21018,18-34,14119
21018,35-44,8546
21018,45-54,7485
21018,55-64,6373
21018,65-74,5043
21018,75-84,2979
21018,85+,1782
21019,0-17,8926
21019,18-34,8501
21019,35-44,5655
21019,45-54,5850
21019,55-64,5084
21019,65-74,3804
21019,75-84,2538
21019,85+,1761
23002,0-17,7493
23002,18-34,6666
23002,35-44,4296
23002,45-54,4678
23002,55-64,4197
23002,65-74,3102
23002,75-84,2079
23002,85+,994
23003,0-17,5696
23003,18-34,4616
23003,35-44,3295
23003,45-54,3614
23003,55-64,3441
23003,65-74,2392
23003,75-84,1524
23003,85+,765
23009,0-17,490
23009,18-34,349
23009,35-44,306
23009,45-54,322
23009,55-64,339
23009,65-74,216
23009,75-84,113
23009,85+,43
23016,0-17,9158
23016,18-34,8279
23016,35-44,5358
23016,45-54,5837
23016,55-64,5901
23016,65-74,4202
23016,75-84,3099
23016,85+,1589
23023,0-17,1813
23023,18-34,1505
23023,35-44,1249
23023,45-54,1251
23023,55-64,1340
23023,65-74,935
23023,75-84,504
23023,85+,239
23024,0-17,1703
23024,18-34,1675
23024,35-44,1097
23024,45-54,1320
23024,55-64,1391
23024,65-74,1035
23024,75-84,628
23024,85+,340
23025,0-17,8141
23025,18-34,7462
23025,35-44,4841
23025,45-54,5278
23025,55-64,4856
23025,65-74,3690
23025,75-84,2423
23025,85+,1281
23027,0-17,8498
23027,18-34,8435
23027,35-44,5433
23027,45-54,5239
23027,55-64,4911
23027,65-74,3843
23027,75-84,2585
23027,85+,1238
23032,0-17,1288
23032,18-34,1208
23032,35-44,807
23032,45-54,988
23032,55-64,991
23032,65-74,763
23032,75-84,439
23032,85+,215
23033,0-17,2596
23033,18-34,2112
23033,35-44,1552
23033,45-54,1603
23033,55-64,1423
23033,65-74,1147
23033,75-84,659
23033,85+,316
23038,0-17,2470
23038,18-34,2323
23038,35-44,1530
23038,45-54,1772
23038,55-64,1750
23038,65-74,1207
23038,75-84,719
23038,85+,358
23039,0-17,1795
23039,18-34,1786
23039,35-44,1197
23039,45-54,1371
23039,55-64,1369
23039,65-74,1016
23039,75-84,644
23039,85+,323
23044,0-17,2782
23044,18-34,2421
23044,35-44,1691
23044,45-54,1909
23044,55-64,1775
23044,65-74,1497
23044,75-84,918
23044,85+,404
23045,0-17,3702
23045,18-34,3637
23045,35-44,2362
23045,45-54,2687
23045,55-64,2633
23045,65-74,1972
23045,75-84,1317
23045,85+,551
23047,0-17,3993
23047,18-34,3345
23047,35-44,2190
23047,45-54,2052
23047,55-64,1793
23047,65-74,1126
23047,75-84,707
23047,85+,399
23050,0-17,3895
23050,18-34,3742
23050,35-44,2313
23050,45-54,2620
23050,55-64,3049
23050,65-74,2153
23050,75-84,1219
23050,85+,636
23052,0-17,3252
23052,18-34,3449
23052,35-44,2081
23052,45-54,2295
23052,55-64,2348
23052,65-74,1695
23052,75-84,1134
23052,85+,512
23060,0-17,3183
23060,18-34,2764
23060,35-44,1970
23060,45-54,2085
23060,55-64,1938
23060,65-74,1478
23060,75-84,905
23060,85+,423
23062,0-17,5493
23062,18-34,4552
23062,35-44,3192
23062,45-54,3793
23062,55-64,3349
23062,65-74,2537
23062,75-84,1760
23062,85+,821
23064,0-17,904
23064,18-34,844
23064,35-44,541
23064,45-54,654
23064,55-64,689
23064,65-74,449
23064,75-84,274
23064,85+,182
23077,0-17,7704
23077,18-34,6918
23077,35-44,4493
23077,45-54,4617
23077,55-64,4545
23077,65-74,3290
23077,75-84,2091
23077,85+,963
23081,0-17,2632
23081,18-34,2236
23081,35-44,1593
23081,45-54,1747
23081,55-64,1672
23081,65-74,1256
23081,75-84,773
23081,85+,370
23086,0-17,3283
23086,18-34,2994
23086,35-44,1986
23086,45-54,2233
23086,55-64,2329
23086,65-74,1634
23086,75-84,1048
23086,85+,505
23088,0-17,11640
23088,18-34,9814
23088,35-44,6340
23088,45-54,6151
23088,55-64,5120
23088,65-74,3259
23088,75-84,2090
23088,85+,1081
23094,0-17,8022
23094,18-34,7184
23094,35-44,4938
23094,45-54,4770
23094,55-64,4297
23094,65-74,2754
23094,75-84,1837
23094,85+,980
23096,0-17,4737
23096,18-34,4132
23096,35-44,2971
23096,45-54,3313
23096,55-64,3609
23096,65-74,2440
23096,75-84,1343
23096,85+,715
23097,0-17,2287
23097,18-34,2152
23097,35-44,1482
23097,45-54,1734
23097,55-64,1736
23097,65-74,1184
23097,75-84,758
23097,85+,332
23098,0-17,1337
23098,18-34,1182
23098,35-44,779
23098,45-54,763
23098,55-64,674
23098,65-74,449
23098,75-84,272
23098,85+,197
23099,0-17,3184
23099,18-34,2590
23099,35-44,1837
23099,45-54,1945
23099,55-64,1815
23099,65-74,1356
23099,75-84,729
23099,85+,397
23100,0-17,958
23100,18-34,891
23100,35-44,517
23100,45-54,681
23100,55-64,747
23100,65-74,463
23100,75-84,298
23100,85+,141
23101,0-17,4138
23101,18-34,3252
23101,35-44,2300
23101,45-54,2695
23101,55-64,2543
23101,65-74,1975
23101,75-84,1109
23101,85+,507
23102,0-17,3727
23102,18-34,3409
23102,35-44,2134
23102,45-54,2312
23102,55-64,1989
23102,65-74,1551
23102,75-84,1057
23102,85+,635
23103,0-17,3230
23103,18-34,2630
23103,35-44,1794
23103,45-54,1914
23103,55-64,1937
23103,65-74,1449
23103,75-84,838
23103,85+,477
23104,0-17,1642
23104,18-34,1667
23104,35-44,999
23104,45-54,1331
23104,55-64,1429
23104,65-74,1024
23104,75-84,688
23104,85+,316
23105,0-17,2894
23105,18-34,2296
23105,35-44,1906
23105,45-54,1888
23105,55-64,1765
23105,65-74,1470
23105,75-84,820
23105,85+,312
24001,0-17,4986
24001,18-34,5792
24001,35-44,3843
24001,45-54,4235
24001,55-64,4510
24001,65-74,3357
24001,75-84,2366
24001,85+,1094
24007,0-17,1824
24007,18-34,1794
24007,35-44,1261
24007,45-54,1512
24007,55-64,1647
24007,65-74,1197
24007,75-84,700
24007,85+,321
24008,0-17,1163
24008,18-34,1190
24008,35-44,826
24008,45-54,919
24008,55-64,929
24008,65-74,657
24008,75-84,439
24008,85+,209
24009,0-17,2162
24009,18-34,1923
24009,35-44,1319
24009,45-54,1434
24009,55-64,1339
24009,65-74,1010
24009,75-84,616
24009,85+,338
24011,0-17,2041
24011,18-34,1762
24011,35-44,1314
24011,45-54,1413
24011,55-64,1393
24011,65-74,1217
24011,75-84,679
24011,85+,343
24014,0-17,2572
24014,18-34,2334
24014,35-44,1576
24014,45-54,1747
24014,55-64,1855
24014,65-74,1341
24014,75-84,837
24014,85+,367
24016,0-17,1734
24016,18-34,1511
24016,35-44,1083
24016,45-54,1249
24016,55-64,1109
24016,65-74,821
24016,75-84,497
24016,85+,238
24020,0-17,4319
24020,18-34,4437
24020,35-44,3121
24020,45-54,3314
24020,55-64,3643
24020,65-74,2856
24020,75-84,1801
24020,85+,743
24028,0-17,1138
24028,18-34,1120
24028,35-44,799
24028,45-54,882
24028,55-64,926
24028,65-74,656
24028,75-84,420
24028,85+,195
24033,0-17,2873
24033,18-34,2756
24033,35-44,1853
24033,45-54,2099
24033,55-64,2163
24033,65-74,1667
24033,75-84,1006
24033,85+,437
24038,0-17,4426
24038,18-34,4580
24038,35-44,2798
24038,45-54,2823
24038,55-64,2969
24038,65-74,2177
24038,75-84,1433
24038,85+,714
24041,0-17,1424
24041,18-34,1301
24041,35-44,863
24041,45-54,1080
24041,55-64,990
24041,65-74,619
24041,75-84,366
24041,85+,220
24043,0-17,2040
24043,18-34,1786
24043,35-44,1284
24043,45-54,1444
24043,55-64,1484
24043,65-74,1073
24043,75-84,632
24043,85+,319
24045,0-17,2115
24045,18-34,1745
24045,35-44,1271
24045,45-54,1442
24045,55-64,1426
24045,65-74,1031
24045,75-84,582
24045,85+,331
24048,0-17,2282
24048,18-34,2168
24048,35-44,1339
24048,45-54,1946
24048,55-64,2088
24048,65-74,1738
24048,75-84,986
24048,85+,407
24054,0-17,1418
24054,18-34,1394
24054,35-44,961
24054,45-54,1164
24054,55-64,1180
24054,65-74,886
24054,75-84,622
24054,85+,267
24055,0-17,4319
24055,18-34,3700
24055,35-44,2670
24055,45-54,2979
24055,55-64,2724
24055,65-74,1972
24055,75-84,1256
24055,85+,669
24059,0-17,3213
24059,18-34,2748
24059,35-44,2142
24059,45-54,2276
24059,55-64,2341
24059,65-74,1821
24059,75-84,1049
24059,85+,506
24062,0-17,17626
24062,18-34,31999
24062,35-44,13637
24062,45-54,11369
24062,55-64,10923
24062,65-74,8304
24062,75-84,5263
24062,85+,3154
24066,0-17,2779
24066,18-34,2588
24066,35-44,1737
24066,45-54,1974
24066,55-64,2183
24066,65-74,1762
24066,75-84,1091
24066,85+,442
24086,0-17,2266
24086,18-34,1973
24086,35-44,1362
24086,45-54,1515
24086,55-64,1655
24086,65-74,1271
24086,75-84,768
24086,85+,278
24094,0-17,3420
24094,18-34,3126
24094,35-44,2201
24094,45-54,2394
24094,55-64,2514
24094,65-74,1757
24094,75-84,1047
24094,85+,565
24104,0-17,5244
24104,18-34,3920
24104,35-44,3044
24104,45-54,3412
24104,55-64,2857
24104,65-74,2075
24104,75-84,1454
24104,85+,702
24107,0-17,6852
24107,18-34,6487
24107,35-44,4600
24107,45-54,4775
24107,55-64,4804
24107,65-74,4016
24107,75-84,2529
24107,85+,1230
24109,0-17,2566
24109,18-34,2489
24109,35-44,1738
24109,45-54,2356
24109,55-64,2447
24109,65-74,1758
24109,75-84,1091
24109,85+,472
24130,0-17,1565
24130,18-34,1445
24130,35-44,1079
24130,45-54,1300
24130,55-64,1289
24130,65-74,1006
24130,75-84,602
24130,85+,289
24133,0-17,1325
24133,18-34,1323
24133,35-44,871
24133,45-54,1140
24133,55-64,1059
24133,65-74,805
24133,75-84,504
24133,85+,244
24134,0-17,3816
24134,18-34,3948
24134,35-44,2977
24134,45-54,3324
24134,55-64,3408
24134,65-74,2902
24134,75-84,1888
24134,85+,815
24135,0-17,2046
24135,18-34,1842
24135,35-44,1425
24135,45-54,1553
24135,55-64,1674
24135,65-74,1214
24135,75-84,691
24135,85+,338
24137,0-17,990
24137,18-34,952
24137,35-44,627
24137,45-54,831
24137,55-64,771
24137,65-74,607
24137,75-84,354
24137,85+,189
25005,0-17,1576
25005,18-34,1369
25005,35-44,868
25005,45-54,1043
25005,55-64,1055
25005,65-74,768
25005,75-84,375
25005,85+,151
25014,0-17,7964
25014,18-34,8050
25014,35-44,5079
25014,45-54,5804
25014,55-64,5188
25014,65-74,4427
25014,75-84,2589
25014,85+,1069
25015,0-17,2165
25015,18-34,1994
25015,35-44,1391
25015,45-54,1600
25015,55-64,1487
25015,65-74,1066
25015,75-84,581
25015,85+,264
25018,0-17,2267
25018,18-34,2299
25018,35-44,1299
25018,45-54,1751
25018,55-64,1790
25018,65-74,1321
25018,75-84,658
25018,85+,246
25023,0-17,2309
25023,18-34,2297
25023,35-44,1255
25023,45-54,1558
25023,55-64,1408
25023,65-74,1047
25023,75-84,504
25023,85+,211
25031,0-17,3348
25031,18-34,3069
25031,35-44,2044
25031,45-54,2227
25031,55-64,2146
25031,65-74,1576
25031,75-84,784
25031,85+,366
25037,0-17,2844
25037,18-34,2834
25037,35-44,1672
25037,45-54,1826
25037,55-64,2048
25037,65-74,1463
25037,75-84,801
25037,85+,385
25043,0-17,1234
25043,18-34,1077
25043,35-44,727
25043,45-54,805
25043,55-64,770
25043,65-74,550
25043,75-84,245
25043,85+,114
25044,0-17,1445
25044,18-34,1262
25044,35-44,960
25044,45-54,1044
25044,55-64,895
25044,65-74,694
25044,75-84,392
25044,85+,265
25048,0-17,3008
25048,18-34,2969
25048,35-44,1816
25048,45-54,2030
25048,55-64,1915
25048,65-74,1469
25048,75-84,767
25048,85+,383
25050,0-17,1474
25050,18-34,1309
25050,35-44,855
25050,45-54,1106
25050,55-64,1011
25050,65-74,802
25050,75-84,581
25050,85+,304
25068,0-17,1739
25068,18-34,1830
25068,35-44,990
25068,45-54,1082
25068,55-64,1000
25068,65-74,728
25068,75-84,326
25068,85+,201
25072,0-17,5451
25072,18-34,6092
25072,35-44,3797
25072,45-54,3768
25072,55-64,3695
25072,65-74,3287
25072,75-84,1852
25072,85+,941
25084,0-17,2047
25084,18-34,2031
25084,35-44,1286
25084,45-54,1347
25084,55-64,1163
25084,65-74,905
25084,75-84,487
25084,85+,195
25091,0-17,4632
25091,18-34,4106
25091,35-44,2684
25091,45-54,3186
25091,55-64,3089
25091,65-74,2452
25091,75-84,1649
25091,85+,855
25105,0-17,5941
25105,18-34,5377
25105,35-44,3512
25105,45-54,3788
25105,55-64,3290
25105,65-74,2668
25105,75-84,1448
25105,85+,632
25107,0-17,2419
25107,18-34,2118
25107,35-44,1505
25107,45-54,1482
25107,55-64,1458
25107,65-74,1068
25107,75-84,494
25107,85+,224
25110,0-17,5844
25110,18-34,5533
25110,35-44,3486
25110,45-54,4213
25110,55-64,4099
25110,65-74,3592
25110,75-84,2386
25110,85+,1223
25112,0-17,6820
25112,18-34,7029
25112,35-44,4114
25112,45-54,4700
25112,55-64,4628
25112,65-74,3928
25112,75-84,2356
25112,85+,1173
25117,0-17,1783
25117,18-34,1547
25117,35-44,978
25117,45-54,1095
25117,55-64,1039
25117,65-74,799
25117,75-84,316
25117,85+,128
25118,0-17,856
25118,18-34,718
25118,35-44,497
25118,45-54,522
25118,55-64,453
25118,65-74,329
25118,75-84,181
25118,85+,88
25119,0-17,2782
25119,18-34,2591
25119,35-44,1475
25119,45-54,2284
25119,55-64,2058
25119,65-74,1722
25119,75-84,977
25119,85+,368
25120,0-17,1967
25120,18-34,1752
25120,35-44,1250
25120,45-54,1294
25120,55-64,1176
25120,65-74,905
25120,75-84,418
25120,85+,219
25121,0-17,5688
25121,18-34,8650
25121,35-44,3570
25121,45-54,3787
25121,55-64,3961
25121,65-74,3079
25121,75-84,1759
25121,85+,822
25122,0-17,1466
25122,18-34,1331
25122,35-44,868
25122,45-54,933
25122,55-64,866
25122,65-74,610
25122,75-84,311
25122,85+,163
25123,0-17,2453
25123,18-34,2033
25123,35-44,1510
25123,45-54,1569
25123,55-64,1491
25123,65-74,1128
25123,75-84,529
25123,85+,221
25124,0-17,1761
25124,18-34,1506
25124,35-44,1009
25124,45-54,1033
25124,55-64,918
25124,65-74,642
25124,75-84,316
25124,85+,174
31003,0-17,2954
31003,18-34,3000
31003,35-44,2034
31003,45-54,2107
31003,55-64,2339
31003,65-74,1815
31003,75-84,1035
31003,85+,533
31004,0-17,2664
31004,18-34,3099
31004,35-44,2028
31004,45-54,2528
31004,55-64,3606
31004,65-74,3540
31004,75-84,2139
31004,85+,859
31005,0-17,19577
31005,18-34,23541
31005,35-44,14136
31005,45-54,16128
31005,55-64,16777
31005,65-74,13885
31005,75-84,9720
31005,85+,4892
31006,0-17,1946
31006,18-34,1991
31006,35-44,1203
31006,45-54,1425
31006,55-64,1897
31006,65-74,1324
31006,75-84,770
31006,85+,463
31012,0-17,2387
31012,18-34,2511
31012,35-44,1603
31012,45-54,2013
31012,55-64,2151
31012,65-74,1655
31012,75-84,1074
31012,85+,474
31022,0-17,4590
31022,18-34,4564
31022,35-44,2972
31022,45-54,3349
31022,55-64,3143
31022,65-74,2691
31022,75-84,1711
31022,85+,785
31033,0-17,3785
31033,18-34,3897
31033,35-44,2533
31033,45-54,2756
31033,55-64,2945
31033,65-74,2275
31033,75-84,1554
31033,85+,722
31040,0-17,4281
31040,18-34,4451
31040,35-44,2709
31040,45-54,3285
31040,55-64,3279
31040,65-74,2520
31040,75-84,1659
31040,85+,668
31042,0-17,435
31042,18-34,498
31042,35-44,282
31042,45-54,419
31042,55-64,463
31042,65-74,370
31042,75-84,183
31042,85+,59
31043,0-17,3595
31043,18-34,4799
31043,35-44,2571
31043,45-54,4378
31043,55-64,5846
31043,65-74,6017
31043,75-84,4080
31043,85+,1803
32003,0-17,3190
32003,18-34,3368
32003,35-44,1957
32003,45-54,2333
32003,55-64,2341
32003,65-74,1759
32003,75-84,1285
32003,85+,610
32006,0-17,2063
32006,18-34,2108
32006,35-44,1344
32006,45-54,1388
32006,55-64,1302
32006,65-74,920
32006,75-84,594
32006,85+,391
32010,0-17,1672
32010,18-34,1645
32010,35-44,1109
32010,45-54,1153
32010,55-64,1308
32010,65-74,915
32010,75-84,629
32010,85+,329
32011,0-17,2474
32011,18-34,2535
32011,35-44,1549
32011,45-54,1687
32011,55-64,1712
32011,65-74,1369
32011,75-84,894
32011,85+,473
32030,0-17,693
32030,18-34,688
32030,35-44,366
32030,45-54,450
32030,55-64,438
32030,65-74,290
32030,75-84,228
32030,85+,137
33011,0-17,6261
33011,18-34,6858
33011,35-44,3956
33011,45-54,4597
33011,55-64,5109
33011,65-74,4091
33011,75-84,2701
33011,85+,1422
33016,0-17,252
33016,18-34,214
33016,35-44,164
33016,45-54,101
33016,55-64,130
33016,65-74,100
33016,75-84,70
33016,85+,16
33021,0-17,3768
33021,18-34,3688
33021,35-44,2313
33021,45-54,2653
33021,55-64,2676
33021,65-74,2304
33021,75-84,1553
33021,85+,762
33029,0-17,3960
33029,18-34,3599
33029,35-44,2406
33029,45-54,2390
33029,55-64,2412
33029,65-74,2113
33029,75-84,1332
33029,85+,697
33037,0-17,2533
33037,18-34,2527
33037,35-44,1571
33037,45-54,1804
33037,55-64,1622
33037,65-74,1188
33037,75-84,825
33037,85+,428
33039,0-17,1545
33039,18-34,1521
33039,35-44,927
33039,45-54,1118
33039,55-64,1226
33039,65-74,863
33039,75-84,473
33039,85+,253
33040,0-17,1577
33040,18-34,1575
33040,35-44,985
33040,45-54,1105
33040,55-64,1070
33040,65-74,743
33040,75-84,491
33040,85+,279
33041,0-17,824
33041,18-34,686
33041,35-44,429
33041,45-54,508
33041,55-64,473
33041,65-74,339
33041,75-84,274
33041,85+,120
34002,0-17,2937
34002,18-34,2849
34002,35-44,1935
34002,45-54,2103
34002,55-64,1938
34002,65-74,1543
34002,75-84,1005
34002,85+,471
34003,0-17,1988
34003,18-34,2048
34003,35-44,1312
34003,45-54,1383
34003,55-64,1403
34003,65-74,1050
34003,75-84,647
34003,85+,375
34009,0-17,2345
34009,18-34,2558
34009,35-44,1482
34009,45-54,1637
34009,55-64,1611
34009,65-74,1160
34009,75-84,905
34009,85+,380
34013,0-17,5429
34013,18-34,5759
34013,35-44,3606
34013,45-54,3689
34013,55-64,4093
34013,65-74,3136
34013,75-84,1990
34013,85+,800
34022,0-17,14944
34022,18-34,16507
34022,35-44,9332
34022,45-54,9533
34022,55-64,10214
34022,65-74,7831
34022,75-84,5735
34022,85+,3013
34023,0-17,2727
34023,18-34,2683
34023,35-44,1639
34023,45-54,1820
34023,55-64,1832
34023,65-74,1487
34023,75-84,1013
34023,85+,475
34025,0-17,1078
34025,18-34,1080
34025,35-44,734
34025,45-54,767
34025,55-64,782
34025,65-74,669
34025,75-84,442
34025,85+,235
34027,0-17,6895
34027,18-34,6473
34027,35-44,4169
34027,45-54,4546
34027,55-64,4333
34027,65-74,3560
34027,75-84,2360
34027,85+,1204
34040,0-17,6997
34040,18-34,7711
34040,35-44,4622
34040,45-54,5177
34040,55-64,5510
34040,65-74,4286
34040,75-84,2862
34040,85+,1185
34041,0-17,6174
34041,18-34,6372
34041,35-44,3837
34041,45-54,4061
34041,55-64,4425
34041,65-74,3463
34041,75-84,2226
34041,85+,1021
34042,0-17,4813
34042,18-34,4801
34042,35-44,3136
34042,45-54,3511
34042,55-64,3471
34042,65-74,2538
34042,75-84,1726
34042,85+,818
34043,0-17,435
34043,18-34,446
34043,35-44,230
34043,45-54,353
34043,55-64,280
34043,65-74,181
34043,75-84,102
34043,85+,44
35002,0-17,3241
35002,18-34,3197
35002,35-44,2066
35002,45-54,2483
35002,55-64,2918
35002,65-74,2457
35002,75-84,1237
35002,85+,542
35005,0-17,2332
35005,18-34,2432
35005,35-44,1469
35005,45-54,1787
35005,55-64,1709
35005,65-74,1223
35005,75-84,816
35005,85+,398
35006,0-17,2724
35006,18-34,2722
35006,35-44,1760
35006,45-54,1968
35006,55-64,2022
35006,65-74,1481
35006,75-84,924
35006,85+,440
35011,0-17,2424
35011,18-34,2753
35011,35-44,1766
35011,45-54,2522
35011,55-64,3447
35011,65-74,3577
35011,75-84,2204
35011,85+,885
35013,0-17,11226
35013,18-34,12700
35013,35-44,7650
35013,45-54,9011
35013,55-64,10624
35013,65-74,10269
35013,75-84,6831
35013,85+,3336
35014,0-17,1732
35014,18-34,1836
35014,35-44,1149
35014,45-54,1286
35014,55-64,1396
35014,65-74,1084
35014,75-84,720
35014,85+,304
35029,0-17,1537
35029,18-34,1758
35029,35-44,1100
35029,45-54,1687
35029,55-64,2244
35029,65-74,2385
35029,75-84,1437
35029,85+,552
36006,0-17,1915
36006,18-34,1843
36006,35-44,1234
36006,45-54,1526
36006,55-64,1378
36006,65-74,1009
36006,75-84,703
36006,85+,365
36007,0-17,2079
36007,18-34,2245
36007,35-44,1407
36007,45-54,1577
36007,55-64,1459
36007,65-74,1097
36007,75-84,850
36007,85+,417
36008,0-17,5316
36008,18-34,5728
36008,35-44,3599
36008,45-54,3870
36008,55-64,3604
36008,65-74,3036
36008,75-84,2158
36008,85+,1011
36010,0-17,1930
36010,18-34,1870
36010,35-44,1257
36010,45-54,1322
36010,55-64,1250
36010,65-74,987
36010,75-84,725
36010,85+,346
36011,0-17,1706
36011,18-34,1825
36011,35-44,1106
36011,45-54,1297
36011,55-64,1212
36011,65-74,890
36011,75-84,616
36011,85+,291
36012,0-17,2279
36012,18-34,2289
36012,35-44,1455
36012,45-54,1501
36012,55-64,1459
36012,65-74,1182
36012,75-84,886
36012,85+,391
36015,0-17,12129
36015,18-34,13385
36015,35-44,8199
36015,45-54,8545
36015,55-64,8338
36015,65-74,6263
36015,75-84,4502
36015,85+,2117
36019,0-17,2312
36019,18-34,2394
36019,35-44,1426
36019,45-54,1568
36019,55-64,1469
36019,65-74,1090
36019,75-84,798
36019,85+,461
37002,0-17,1727
37002,18-34,1704
37002,35-44,1118
37002,45-54,1245
37002,55-64,1120
37002,65-74,808
37002,75-84,546
37002,85+,344
37007,0-17,1928
37007,18-34,2194
37007,35-44,1275
37007,45-54,1569
37007,55-64,1578
37007,65-74,1162
37007,75-84,743
37007,85+,384
37010,0-17,1564
37010,18-34,1671
37010,35-44,964
37010,45-54,1165
37010,55-64,1031
37010,65-74,808
37010,75-84,530
37010,85+,223
37011,0-17,1261
37011,18-34,1335
37011,35-44,841
37011,45-54,949
37011,55-64,920
37011,65-74,692
37011,75-84,461
37011,85+,258
37012,0-17,1032
37012,18-34,1040
37012,35-44,651
37012,45-54,729
37012,55-64,805
37012,65-74,509
37012,75-84,360
37012,85+,242
37015,0-17,3824
37015,18-34,4079
37015,35-44,2538
37015,45-54,2743
37015,55-64,2875
37015,65-74,2192
37015,75-84,1575
37015,85+,777
37017,0-17,2091
37017,18-34,2038
37017,35-44,1353
37017,45-54,1369
37017,55-64,1249
37017,65-74,900
37017,75-84,569
37017,85+,264
37018,0-17,2850
37018,18-34,2850
37018,35-44,1860
37018,45-54,2131
37018,55-64,1872
37018,65-74,1329
37018,75-84,970
37018,85+,567
37020,0-17,1667
37020,18-34,1683
37020,35-44,1084
37020,45-54,1223
37020,55-64,1337
37020,65-74,1006
37020,75-84,672
37020,85+,405
38002,0-17,1055
38002,18-34,1100
38002,35-44,600
38002,45-54,678
38002,55-64,664
38002,65-74,405
38002,75-84,303
38002,85+,188
38008,0-17,1561
38008,18-34,1664
38008,35-44,1072
38008,45-54,1464
38008,55-64,1810
38008,65-74,1972
38008,75-84,1162
38008,85+,442
38014,0-17,2198
38014,18-34,2584
38014,35-44,1474
38014,45-54,2522
38014,55-64,4143
38014,65-74,5000
38014,75-84,2888
38014,85+,1060
38016,0-17,1392
38016,18-34,1579
38016,35-44,1043
38016,45-54,1405
38016,55-64,2048
38016,65-74,2296
38016,75-84,1331
38016,85+,542
38025,0-17,2061
38025,18-34,2467
38025,35-44,1228
38025,45-54,1599
38025,55-64,1744
38025,65-74,1497
38025,75-84,979
38025,85+,519
41002,0-17,17193
41002,18-34,17226
41002,35-44,11380
41002,45-54,12023
41002,55-64,12177
41002,65-74,8724
41002,75-84,5734
41002,85+,2875
41011,0-17,4542
41011,18-34,3902
41011,35-44,2775
41011,45-54,2993
41011,55-64,2736
41011,65-74,1903
41011,75-84,1140
41011,85+,560
41018,0-17,6366
41018,18-34,6244
41018,35-44,4291
41018,45-54,4914
41018,55-64,4852
41018,65-74,3733
41018,75-84,2197
41018,85+,1052
41024,0-17,3480
41024,18-34,3326
41024,35-44,2513
41024,45-54,2642
41024,55-64,2782
41024,65-74,1941
41024,75-84,1232
41024,85+,666
41027,0-17,3386
41027,18-34,3429
41027,35-44,2440
41027,45-54,2784
41027,55-64,2527
41027,65-74,1881
41027,75-84,1177
41027,85+,563
41034,0-17,3593
41034,18-34,3446
41034,35-44,2495
41034,45-54,2737
41034,55-64,2604
41034,65-74,2180
41034,75-84,1253
41034,85+,558
41048,0-17,7872
41048,18-34,7232
41048,35-44,4983
41048,45-54,5542
41048,55-64,5490
41048,65-74,4420
41048,75-84,2563
41048,85+,1149
41063,0-17,1993
41063,18-34,1817
41063,35-44,1496
41063,45-54,1645
41063,55-64,1389
41063,65-74,1000
41063,75-84,688
41063,85+,372
41081,0-17,4765
41081,18-34,4852
41081,35-44,3418
41081,45-54,3840
41081,55-64,3892
41081,65-74,2987
41081,75-84,1977
41081,85+,955
41082,0-17,3601
41082,18-34,3780
41082,35-44,2551
41082,45-54,2833
41082,55-64,3013
41082,65-74,2196
41082,75-84,1395
41082,85+,777
42003,0-17,2802
42003,18-34,2708
42003,35-44,1950
42003,45-54,2294
42003,55-64,2217
42003,65-74,1730
42003,75-84,1005
42003,85+,387
42004,0-17,2812
42004,18-34,2716
42004,35-44,1795
42004,45-54,2100
42004,55-64,2134
42004,65-74,1683
42004,75-84,1025
42004,85+,397
42006,0-17,8546
42006,18-34,8923
42006,35-44,5786
42006,45-54,6278
42006,55-64,6698
42006,65-74,5172
42006,75-84,3086
42006,85+,1381
42008,0-17,5007
42008,18-34,5007
42008,35-44,3284
42008,45-54,3500
42008,55-64,3156
42008,65-74,2684
42008,75-84,1595
42008,85+,713
42010,0-17,2260
42010,18-34,2192
42010,35-44,1548
42010,45-54,1785
42010,55-64,1824
42010,65-74,1472
42010,75-84,892
42010,85+,388
42011,0-17,3946
42011,18-34,3724
42011,35-44,2604
42011,45-54,2811
42011,55-64,2569
42011,65-74,2002
42011,75-84,1287
42011,85+,595
42023,0-17,2078
42023,18-34,2073
42023,35-44,1341
42023,45-54,1529
42023,55-64,1646
42023,65-74,1243
42023,75-84,745
42023,85+,278
42025,0-17,4901
42025,18-34,5250
42025,35-44,3381
42025,45-54,3629
42025,55-64,3598
42025,65-74,2715
42025,75-84,1739
42025,85+,808
42026,0-17,2145
42026,18-34,2198
42026,35-44,1566
42026,45-54,1705
42026,55-64,1714
42026,65-74,1224
42026,75-84,720
42026,85+,377
42028,0-17,4367
42028,18-34,4384
42028,35-44,2748
42028,45-54,2946
42028,55-64,2757
42028,65-74,2213
42028,75-84,1331
42028,85+,592
43002,0-17,2576
43002,18-34,2682
43002,35-44,1704
43002,45-54,2121
43002,55-64,2085
43002,65-74,1601
43002,75-84,1013
43002,85+,514
43005,0-17,3825
43005,18-34,3991
43005,35-44,2671
43005,45-54,2997
43005,55-64,2915
43005,65-74,2369
43005,75-84,1711
43005,85+,806
43007,0-17,1187
43007,18-34,1175
43007,35-44,773
43007,45-54,909
43007,55-64,942
43007,65-74,729
43007,75-84,469
43007,85+,252
43010,0-17,4273
43010,18-34,4617
43010,35-44,2970
43010,45-54,3469
43010,55-64,3362
43010,65-74,2690
43010,75-84,1734
43010,85+,843
43014,0-17,1213
43014,18-34,1239
43014,35-44,823
43014,45-54,972
43014,55-64,1050
43014,65-74,763
43014,75-84,476
43014,85+,282
43018,0-17,2518
43018,18-34,2499
43018,35-44,1690
43018,45-54,1801
43018,55-64,1698
43018,65-74,1427
43018,75-84,876
43018,85+,390
44012,0-17,2083
44012,18-34,1913
44012,35-44,1371
44012,45-54,1482
44012,55-64,1552
44012,65-74,1314
44012,75-84,840
44012,85+,326
44013,0-17,3546
44013,18-34,3384
44013,35-44,2272
44013,45-54,2445
44013,55-64,2632
44013,65-74,2229
44013,75-84,1373
44013,85+,647
44019,0-17,6785
44019,18-34,6804
44019,35-44,4432
44019,45-54,5169
44019,55-64,5025
44019,65-74,3688
44019,75-84,2500
44019,85+,1225
44020,0-17,2333
44020,18-34,2332
44020,35-44,1656
44020,45-54,1930
44020,55-64,1942
44020,65-74,1472
44020,75-84,833
44020,85+,405
44021,0-17,50563
44021,18-34,72166
44021,35-44,37630
44021,45-54,31220
44021,55-64,28775
44021,65-74,21704
44021,75-84,14294
44021,85+,7575
44034,0-17,4369
44034,18-34,4056
44034,35-44,2864
44034,45-54,3566
44034,55-64,3145
44034,65-74,2433
44034,75-84,1502
44034,85+,675
44040,0-17,2384
44040,18-34,2384
44040,35-44,1585
44040,45-54,1585
44040,55-64,1520
44040,65-74,1173
44040,75-84,806
44040,85+,374
44043,0-17,4716
44043,18-34,4833
44043,35-44,3229
44043,45-54,3491
44043,55-64,3422
44043,65-74,2610
44043,75-84,1683
44043,85+,772
44045,0-17,1335
44045,18-34,1229
44045,35-44,964
44045,45-54,875
44045,55-64,882
44045,65-74,731
44045,75-84,382
44045,85+,172
44048,0-17,2093
44048,18-34,2159
44048,35-44,1477
44048,45-54,1639
44048,55-64,1747
44048,65-74,1305
44048,75-84,838
44048,85+,444
44052,0-17,2706
44052,18-34,2495
44052,35-44,1807
44052,45-54,1948
44052,55-64,2077
44052,65-74,1343
44052,75-84,889
44052,85+,424
44064,0-17,1477
44064,18-34,1323
44064,35-44,882
44064,45-54,1145
44064,55-64,1316
44064,65-74,1113
44064,75-84,762
44064,85+,347
44073,0-17,1536
44073,18-34,1473
44073,35-44,947
44073,45-54,1125
44073,55-64,1012
44073,65-74,883
44073,75-84,578
44073,85+,255
44081,0-17,3094
44081,18-34,3122
44081,35-44,2171
44081,45-54,2313
44081,55-64,2226
44081,65-74,1508
44081,75-84,910
44081,85+,447
44083,0-17,8295
44083,18-34,8351
44083,35-44,5756
44083,45-54,6097
44083,55-64,6004
44083,65-74,4532
44083,75-84,3058
44083,85+,1487
44084,0-17,5328
44084,18-34,5676
44084,35-44,3665
44084,45-54,4295
44084,55-64,3922
44084,65-74,3169
44084,75-84,2084
44084,85+,1043
44085,0-17,4723
44085,18-34,4766
44085,35-44,3125
44085,45-54,3538
44085,55-64,3966
44085,65-74,3199
44085,75-84,1992
44085,85+,1001
45035,0-17,5801
45035,18-34,6131
45035,35-44,3987
45035,45-54,4588
45035,55-64,4545
45035,65-74,3265
45035,75-84,2196
45035,85+,1099
45041,0-17,6212
45041,18-34,5118
45041,35-44,3323
45041,45-54,3471
45041,55-64,3242
45041,65-74,2556
45041,75-84,1628
45041,85+,824
45059,0-17,2695
45059,18-34,2623
45059,35-44,1888
45059,45-54,2160
45059,55-64,2143
45059,65-74,1642
45059,75-84,1029
45059,85+,623
45060,0-17,1296
45060,18-34,1311
45060,35-44,876
45060,45-54,917
45060,55-64,866
45060,65-74,637
45060,75-84,413
45060,85+,261
45061,0-17,1252
45061,18-34,1164
45061,35-44,830
45061,45-54,932
45061,55-64,933
45061,65-74,719
45061,75-84,372
45061,85+,193
45062,0-17,350
45062,18-34,327
45062,35-44,207
45062,45-54,312
45062,55-64,272
45062,65-74,253
45062,75-84,172
45062,85+,129
45063,0-17,1250
45063,18-34,1182
45063,35-44,848
45063,45-54,969
45063,55-64,962
45063,65-74,739
45063,75-84,414
45063,85+,215
45064,0-17,1124
45064,18-34,1125
45064,35-44,707
45064,45-54,939
45064,55-64,933
45064,65-74,673
45064,75-84,496
45064,85+,341
45065,0-17,1564
45065,18-34,1416
45065,35-44,1026
45065,45-54,1272
45065,55-64,1230
45065,65-74,912
45065,75-84,480
45065,85+,267
45068,0-17,3062
45068,18-34,3090
45068,35-44,2103
45068,45-54,2264
45068,55-64,2170
45068,65-74,1580
45068,75-84,956
45068,85+,518
46003,0-17,9348
46003,18-34,9435
46003,35-44,6127
46003,45-54,6844
46003,55-64,6827
46003,65-74,5766
46003,75-84,3274
46003,85+,1426
46013,0-17,3486
46013,18-34,3160
46013,35-44,2168
46013,45-54,2418
46013,55-64,2221
46013,65-74,1712
46013,75-84,1183
46013,85+,498
46014,0-17,8964
46014,18-34,8517
46014,35-44,5639
46014,45-54,5820
46014,55-64,5430
46014,65-74,4177
46014,75-84,2501
46014,85+,996
46020,0-17,3772
46020,18-34,3855
46020,35-44,2387
46020,45-54,2885
46020,55-64,2620
46020,65-74,2051
46020,75-84,1357
46020,85+,572
46021,0-17,17106
46021,18-34,16135
46021,35-44,9910
46021,45-54,10088
46021,55-64,9764
46021,65-74,7821
46021,75-84,5267
46021,85+,2440
46024,0-17,3603
46024,18-34,3503
46024,35-44,2391
46024,45-54,2662
46024,55-64,2625
46024,65-74,2144
46024,75-84,1258
46024,85+,501
46025,0-17,6239
46025,18-34,6032
46025,35-44,3733
46025,45-54,4297
46025,55-64,4052
46025,65-74,3187
46025,75-84,1915
46025,85+,741
51004,0-17,5648
51004,18-34,5933
51004,35-44,3653
51004,45-54,4312
51004,55-64,4046
51004,65-74,3292
51004,75-84,1777
51004,85+,833
51008,0-17,2840
51008,18-34,2902
51008,35-44,1963
51008,45-54,2035
51008,55-64,1838
51008,65-74,1462
51008,75-84,695
51008,85+,325
51009,0-17,2355
51009,18-34,2504
51009,35-44,1487
51009,45-54,1737
51009,55-64,1648
51009,65-74,1290
51009,75-84,537
51009,85+,294
51012,0-17,828
51012,18-34,838
51012,35-44,505
51012,45-54,533
51012,55-64,472
51012,65-74,337
51012,75-84,149
51012,85+,62
51014,0-17,1530
51014,18-34,1377
51014,35-44,926
51014,45-54,1019
51014,55-64,944
51014,65-74,616
51014,75-84,321
51014,85+,192
51017,0-17,1195
51017,18-34,1122
51017,35-44,710
51017,45-54,850
51017,55-64,887
51017,65-74,695
51017,75-84,343
51017,85+,190
51019,0-17,639
51019,18-34,646
51019,35-44,422
51019,45-54,491
51019,55-64,488
51019,65-74,405
51019,75-84,203
51019,85+,139
51065,0-17,2420
51065,18-34,2213
51065,35-44,1532
51065,45-54,1773
51065,55-64,1596
51065,65-74,1248
51065,75-84,686
51065,85+,365
51067,0-17,2974
51067,18-34,2822
51067,35-44,1779
51067,45-54,2038
51067,55-64,1819
51067,65-74,1431
51067,75-84,825
51067,85+,373
51068,0-17,1639
51068,18-34,1555
51068,35-44,963
51068,45-54,1292
51068,55-64,1290
51068,65-74,912
51068,75-84,474
51068,85+,223
51069,0-17,3837
51069,18-34,3808
51069,35-44,2288
51069,45-54,2738
51069,55-64,2636
51069,65-74,1905
51069,75-84,997
51069,85+,537
52010,0-17,2919
52010,18-34,3141
52010,35-44,1860
52010,45-54,2106
52010,55-64,1914
52010,65-74,1669
52010,75-84,797
52010,85+,399
52011,0-17,45111
52011,18-34,44037
52011,35-44,25412
52011,45-54,26804
52011,55-64,25345
52011,65-74,20020
52011,75-84,10706
52011,85+,5311
52012,0-17,7365
52012,18-34,7477
52012,35-44,4309
52012,45-54,4925
52012,55-64,4724
52012,65-74,3906
52012,75-84,2045
52012,85+,917
52015,0-17,6619
52015,18-34,6715
52015,35-44,3953
52015,45-54,4281
52015,55-64,4006
52015,65-74,3327
52015,75-84,1553
52015,85+,743
52018,0-17,2742
52018,18-34,2364
52018,35-44,1478
52018,45-54,1384
52018,55-64,1483
52018,65-74,1083
52018,75-84,527
52018,85+,194
52021,0-17,4693
52021,18-34,4818
52021,35-44,2864
52021,45-54,3118
52021,55-64,3252
52021,65-74,2485
52021,75-84,1266
52021,85+,560
52022,0-17,3692
52022,18-34,3665
52022,35-44,2285
52022,45-54,2437
52022,55-64,2453
52022,65-74,1912
52022,75-84,932
52022,85+,462
52025,0-17,2116
52025,18-34,2386
52025,35-44,1409
52025,45-54,1830
52025,55-64,1925
52025,65-74,1787
52025,75-84,890
52025,85+,465
52048,0-17,1747
52048,18-34,1800
52048,35-44,1224
52048,45-54,1335
52048,55-64,1523
52048,65-74,1358
52048,75-84,730
52048,85+,415
52055,0-17,3606
52055,18-34,3436
52055,35-44,2356
52055,45-54,2372
52055,55-64,2357
52055,65-74,1864
52055,75-84,860
52055,85+,400
52074,0-17,2169
52074,18-34,2255
52074,35-44,1293
52074,45-54,1466
52074,55-64,1558
52074,65-74,1185
52074,75-84,591
52074,85+,222
52075,0-17,1860
52075,18-34,1899
52075,35-44,1157
52075,45-54,1365
52075,55-64,1306
52075,65-74,1018
52075,75-84,526
52075,85+,336
53014,0-17,3982
53014,18-34,4249
53014,35-44,2390
53014,45-54,2662
53014,55-64,2813
53014,65-74,2151
53014,75-84,1039
53014,85+,560
53020,0-17,3402
53020,18-34,3476
53020,35-44,2082
53020,45-54,2220
53020,55-64,2208
53020,65-74,1802
53020,75-84,874
53020,85+,448
53028,0-17,4706
53028,18-34,4463
53028,35-44,2810
53028,45-54,3022
53028,55-64,2821
53028,65-74,2544
53028,75-84,1009
53028,85+,584
53039,0-17,1345
53039,18-34,1366
53039,35-44,898
53039,45-54,988
53039,55-64,930
53039,65-74,809
53039,75-84,349
53039,85+,164
53044,0-17,2159
53044,18-34,1935
53044,35-44,1414
53044,45-54,1694
53044,55-64,1409
53044,65-74,1191
53044,75-84,511
53044,85+,209
53046,0-17,1012
53046,18-34,941
53046,35-44,696
53046,45-54,622
53046,55-64,580
53046,65-74,433
53046,75-84,201
53046,85+,107
53053,0-17,18994
53053,18-34,21741
53053,35-44,12584
53053,45-54,12973
53053,55-64,12106
53053,65-74,10011
53053,75-84,4976
53053,85+,2502
53065,0-17,3975
53065,18-34,3887
53065,35-44,2385
53065,45-54,2548
53065,55-64,2649
53065,65-74,2094
53065,75-84,959
53065,85+,421
53068,0-17,1354
53068,18-34,1422
53068,35-44,849
53068,45-54,888
53068,55-64,911
53068,65-74,752
53068,75-84,361
53068,85+,209
53070,0-17,4464
53070,18-34,4543
53070,35-44,2960
53070,45-54,3236
53070,55-64,3243
53070,65-74,2866
53070,75-84,1381
53070,85+,735
53082,0-17,4821
53082,18-34,4518
53082,35-44,2636
53082,45-54,2640
53082,55-64,2547
53082,65-74,2187
53082,75-84,967
53082,85+,425
53083,0-17,975
53083,18-34,980
53083,35-44,657
53083,45-54,767
53083,55-64,829
53083,65-74,577
53083,75-84,256
53083,85+,111
53084,0-17,1601
53084,18-34,1525
53084,35-44,1064
53084,45-54,1272
53084,55-64,1040
53084,65-74,930
53084,75-84,408
53084,85+,245
55004,0-17,4690
55004,18-34,4515
55004,35-44,2823
55004,45-54,3199
55004,55-64,3000
55004,65-74,2195
55004,75-84,1136
55004,85+,504
55035,0-17,1769
55035,18-34,1748
55035,35-44,1112
55035,45-54,1253
55035,55-64,1206
55035,65-74,988
55035,75-84,445
55035,85+,214
55040,0-17,5801
55040,18-34,5581
55040,35-44,3665
55040,45-54,4154
55040,55-64,3755
55040,65-74,2967
55040,75-84,1498
55040,85+,850
55050,0-17,2472
55050,18-34,2265
55050,35-44,1524
55050,45-54,1595
55050,55-64,1383
55050,65-74,1092
55050,75-84,564
55050,85+,307
55085,0-17,2337
55085,18-34,2337
55085,35-44,1487
55085,45-54,1669
55085,55-64,1497
55085,65-74,1220
55085,75-84,650
55085,85+,283
55086,0-17,5105
55086,18-34,4978
55086,35-44,2965
55086,45-54,3251
55086,55-64,3033
55086,65-74,2486
55086,75-84,1086
55086,85+,525
56001,0-17,2565
56001,18-34,2599
56001,35-44,1623
56001,45-54,1627
56001,55-64,1603
56001,65-74,1301
56001,75-84,685
56001,85+,359
56005,0-17,1486
56005,18-34,1426
56005,35-44,897
56005,45-54,1002
56005,55-64,1000
56005,65-74,735
56005,75-84,393
56005,85+,226
56016,0-17,1927
56016,18-34,1958
56016,35-44,1007
56016,45-54,1333
56016,55-64,1439
56016,65-74,1133
56016,75-84,639
56016,85+,290
56022,0-17,2150
56022,18-34,2132
56022,35-44,1171
56022,45-54,1379
56022,55-64,1351
56022,65-74,1024
56022,75-84,516
56022,85+,263
56029,0-17,764
56029,18-34,804
56029,35-44,457
56029,45-54,568
56029,55-64,633
56029,65-74,460
56029,75-84,222
56029,85+,85
56044,0-17,1124
56044,18-34,1113
56044,35-44,753
56044,45-54,840
56044,55-64,887
56044,65-74,669
56044,75-84,284
56044,85+,148
56049,0-17,920
56049,18-34,842
56049,35-44,537
56049,45-54,617
56049,55-64,576
56049,65-74,462
56049,75-84,177
56049,85+,81
56051,0-17,1187
56051,18-34,1113
56051,35-44,572
56051,45-54,698
56051,55-64,751
56051,65-74,579
56051,75-84,315
56051,85+,130
56078,0-17,2631
56078,18-34,2800
56078,35-44,1718
56078,45-54,1979
56078,55-64,2267
56078,65-74,1968
56078,75-84,925
56078,85+,415
56086,0-17,2370
56086,18-34,2526
56086,35-44,1626
56086,45-54,1879
56086,55-64,2086
56086,65-74,1796
56086,75-84,876
56086,85+,462
56088,0-17,960
56088,18-34,962
56088,35-44,545
56088,45-54,621
56088,55-64,730
56088,65-74,561
56088,75-84,281
56088,85+,134
57003,0-17,1601
57003,18-34,1585
57003,35-44,966
57003,45-54,1119
57003,55-64,969
57003,65-74,819
57003,75-84,431
57003,85+,224
57018,0-17,1175
57018,18-34,1116
57018,35-44,772
57018,45-54,863
57018,55-64,752
57018,65-74,573
57018,75-84,301
57018,85+,139
57027,0-17,2321
57027,18-34,2042
57027,35-44,1399
57027,45-54,1534
57027,55-64,1398
57027,65-74,1104
57027,75-84,480
57027,85+,288
57062,0-17,1191
57062,18-34,1214
57062,35-44,704
57062,45-54,858
57062,55-64,703
57062,65-74,597
57062,75-84,312
57062,85+,182
57064,0-17,3487
57064,18-34,3595
57064,35-44,2162
57064,45-54,2364
57064,55-64,2331
57064,65-74,1802
57064,75-84,894
57064,85+,485
57072,0-17,1052
57072,18-34,988
57072,35-44,660
57072,45-54,717
57072,55-64,742
57072,65-74,628
57072,75-84,278
57072,85+,155
57081,0-17,12474
57081,18-34,14509
57081,35-44,8400
57081,45-54,9624
57081,55-64,9650
57081,65-74,7914
57081,75-84,4162
57081,85+,2350
57093,0-17,1685
57093,18-34,1641
57093,35-44,1075
57093,45-54,1238
57093,55-64,979
57093,65-74,823
57093,75-84,405
57093,85+,243
57094,0-17,2723
57094,18-34,2939
57094,35-44,1718
57094,45-54,1998
57094,55-64,1847
57094,65-74,1487
57094,75-84,792
57094,85+,437
57095,0-17,815
57095,18-34,717
57095,35-44,481
57095,45-54,612
57095,55-64,474
57095,65-74,385
57095,75-84,199
57095,85+,106
57096,0-17,13185
57096,18-34,11948
57096,35-44,7545
57096,45-54,7878
57096,55-64,6988
57096,65-74,6033
57096,75-84,3280
57096,85+,1910
57097,0-17,3691
57097,18-34,3506
57097,35-44,2204
57097,45-54,2455
57097,55-64,2336
57097,65-74,1959
57097,75-84,1211
57097,85+,696
58001,0-17,17053
58001,18-34,17111
58001,35-44,9976
58001,45-54,11114
58001,55-64,10817
58001,65-74,8548
58001,75-84,4443
58001,85+,2076
58002,0-17,6447
58002,18-34,6954
58002,35-44,4057
58002,45-54,4675
58002,55-64,4516
58002,65-74,3756
58002,75-84,2024
58002,85+,1019
58003,0-17,1587
58003,18-34,1542
58003,35-44,1028
58003,45-54,1151
58003,55-64,1051
58003,65-74,857
58003,75-84,375
58003,85+,168
58004,0-17,3786
58004,18-34,4004
58004,35-44,2320
58004,45-54,2578
58004,55-64,2713
58004,65-74,1991
58004,75-84,1086
58004,85+,647
61003,0-17,3066
61003,18-34,3006
61003,35-44,1864
61003,45-54,2027
61003,55-64,1853
61003,65-74,1511
61003,75-84,764
61003,85+,315
61010,0-17,736
61010,18-34,686
61010,35-44,446
61010,45-54,494
61010,55-64,472
61010,65-74,271
61010,75-84,127
61010,85+,65
61012,0-17,1047
61012,18-34,917
61012,35-44,631
61012,45-54,637
61012,55-64,604
61012,65-74,457
61012,75-84,235
61012,85+,114
61019,0-17,1030
61019,18-34,936
61019,35-44,628
61019,45-54,681
61019,55-64,773
61019,65-74,559
61019,75-84,278
61019,85+,121
61024,0-17,714
61024,18-34,735
61024,35-44,451
61024,45-54,539
61024,55-64,563
61024,65-74,510
61024,75-84,232
61024,85+,102
61028,0-17,1330
61028,18-34,1142
61028,35-44,865
61028,45-54,760
61028,55-64,641
61028,65-74,451
61028,75-84,204
61028,85+,83
61031,0-17,3907
61031,18-34,4692
61031,35-44,2502
61031,45-54,2920
61031,55-64,2878
61031,65-74,2273
61031,75-84,1329
61031,85+,737
61039,0-17,1185
61039,18-34,1083
61039,35-44,752
61039,45-54,764
61039,55-64,781
61039,65-74,562
61039,75-84,233
61039,85+,81
61041,0-17,882
61041,18-34,907
61041,35-44,542
61041,45-54,595
61041,55-64,626
61041,65-74,403
61041,75-84,200
61041,85+,64
61043,0-17,1001
61043,18-34,1092
61043,35-44,641
61043,45-54,841
61043,55-64,973
61043,65-74,736
61043,75-84,295
61043,85+,179
61048,0-17,570
61048,18-34,564
61048,35-44,351
61048,45-54,385
61048,55-64,415
61048,65-74,304
61048,75-84,155
61048,85+,53
61063,0-17,918
61063,18-34,879
61063,35-44,605
61063,45-54,603
61063,55-64,592
61063,65-74,448
61063,75-84,163
61063,85+,69
61068,0-17,1481
61068,18-34,1387
61068,35-44,908
61068,45-54,963
61068,55-64,861
61068,65-74,605
61068,75-84,265
61068,85+,123
61072,0-17,2824
61072,18-34,2672
61072,35-44,1723
61072,45-54,1938
61072,55-64,1893
61072,65-74,1507
61072,75-84,809
61072,85+,365
61079,0-17,849
61079,18-34,817
61079,35-44,546
61079,45-54,614
61079,55-64,587
61079,65-74,498
61079,75-84,185
61079,85+,102
61080,0-17,1379
61080,18-34,1417
61080,35-44,791
61080,45-54,879
61080,55-64,748
61080,65-74,588
61080,75-84,290
61080,85+,117
61081,0-17,554
61081,18-34,592
61081,35-44,319
61081,45-54,359
61081,55-64,395
61081,65-74,291
61081,75-84,138
61081,85+,87
62003,0-17,5946
62003,18-34,5714
62003,35-44,3506
62003,45-54,3668
62003,55-64,3806
62003,65-74,3278
62003,75-84,1833
62003,85+,847
62006,0-17,1699
62006,18-34,1828
62006,35-44,1097
62006,45-54,1206
62006,55-64,1298
62006,65-74,1151
62006,75-84,606
62006,85+,358
62009,0-17,2464
62009,18-34,2522
62009,35-44,1613
62009,45-54,1745
62009,55-64,1734
62009,65-74,1350
62009,75-84,675
62009,85+,291
62011,0-17,1741
62011,18-34,1814
62011,35-44,1201
62011,45-54,1246
62011,55-64,1242
62011,65-74,965
62011,75-84,487
62011,85+,235
62015,0-17,2487
62015,18-34,2473
62015,35-44,1456
62015,45-54,1592
62015,55-64,1572
62015,65-74,1330
62015,75-84,687
62015,85+,294
62022,0-17,3638
62022,18-34,3843
62022,35-44,2245
62022,45-54,2708
62022,55-64,2973
62022,65-74,2723
62022,75-84,1703
62022,85+,1022
62026,0-17,1168
62026,18-34,1056
62026,35-44,613
62026,45-54,770
62026,55-64,739
62026,65-74,548
62026,75-84,328
62026,85+,174
62027,0-17,1544
62027,18-34,1559
62027,35-44,1050
62027,45-54,1015
62027,55-64,1046
62027,65-74,819
62027,75-84,350
62027,85+,134
62032,0-17,2286
62032,18-34,2576
62032,35-44,1572
62032,45-54,1655
62032,55-64,1952
62032,65-74,1654
62032,75-84,912
62032,85+,408
62038,0-17,3058
62038,18-34,3113
62038,35-44,1819
62038,45-54,2206
62038,55-64,2254
62038,65-74,2126
62038,75-84,1285
62038,85+,509
62051,0-17,8933
62051,18-34,8511
62051,35-44,5044
62051,45-54,5228
62051,55-64,5075
62051,65-74,3984
62051,75-84,2132
62051,85+,1283
62060,0-17,1882
62060,18-34,1816
62060,35-44,1169
62060,45-54,1402
62060,55-64,1301
62060,65-74,1154
62060,75-84,504
62060,85+,207
62063,0-17,38418
62063,18-34,50105
62063,35-44,26360
62063,45-54,24315
62063,55-64,23328
62063,65-74,18497
62063,75-84,10628
62063,85+,5566
62079,0-17,5020
62079,18-34,4936
62079,35-44,3223
62079,45-54,3468
62079,55-64,3466
62079,65-74,3093
62079,75-84,1550
62079,85+,688
62093,0-17,5617
62093,18-34,5108
62093,35-44,3245
62093,45-54,2941
62093,55-64,3010
62093,65-74,2354
62093,75-84,1389
62093,85+,665
62096,0-17,14230
62096,18-34,13634
62096,35-44,7839
62096,45-54,8448
62096,55-64,8225
62096,65-74,6344
62096,75-84,3735
62096,85+,1737
62099,0-17,3502
62099,18-34,3514
62099,35-44,2145
62099,45-54,2350
62099,55-64,2272
62099,65-74,1905
62099,75-84,949
62099,85+,403
62100,0-17,3025
62100,18-34,3056
62100,35-44,1984
62100,45-54,2091
62100,55-64,1983
62100,65-74,1573
62100,75-84,743
62100,85+,454
62108,0-17,3629
62108,18-34,3550
62108,35-44,2283
62108,45-54,2377
62108,55-64,2480
62108,65-74,1987
62108,75-84,1151
62108,85+,469
62118,0-17,4929
62118,18-34,4620
62118,35-44,2998
62118,45-54,3062
62118,55-64,3042
62118,65-74,2491
62118,75-84,1147
62118,85+,534
62119,0-17,2564
62119,18-34,2630
62119,35-44,1617
62119,45-54,1918
62119,55-64,1897
62119,65-74,1501
62119,75-84,880
62119,85+,380
62120,0-17,5558
62120,18-34,5376
62120,35-44,3316
62120,45-54,3597
62120,55-64,3447
62120,65-74,2787
62120,75-84,1532
62120,85+,776
62121,0-17,1727
62121,18-34,1763
62121,35-44,1124
62121,45-54,1350
62121,55-64,1526
62121,65-74,1422
62121,75-84,733
62121,85+,332
62122,0-17,1708
62122,18-34,1832
62122,35-44,1008
62122,45-54,1149
62122,55-64,1162
62122,65-74,877
62122,75-84,392
62122,85+,169
63001,0-17,1056
63001,18-34,1137
63001,35-44,606
63001,45-54,844
63001,55-64,813
63001,65-74,470
63001,75-84,376
63001,85+,184
63003,0-17,776
63003,18-34,918
63003,35-44,424
63003,45-54,622
63003,55-64,613
63003,65-74,457
63003,75-84,306
63003,85+,130
63004,0-17,917
63004,18-34,941
63004,35-44,559
63004,45-54,657
63004,55-64,683
63004,65-74,418
63004,75-84,237
63004,85+,75
63012,0-17,1009
63012,18-34,1111
63012,35-44,536
63012,45-54,811
63012,55-64,829
63012,65-74,553
63012,75-84,459
63012,85+,148
63013,0-17,1000
63013,18-34,1180
63013,35-44,592
63013,45-54,799
63013,55-64,868
63013,65-74,544
63013,75-84,465
63013,85+,181
63020,0-17,4007
63020,18-34,3401
63020,35-44,1906
63020,45-54,1892
63020,55-64,1847
63020,65-74,1247
63020,75-84,674
63020,85+,281
63023,0-17,3850
63023,18-34,4192
63023,35-44,2211
63023,45-54,2710
63023,55-64,2866
63023,65-74,1907
63023,75-84,1521
63023,85+,505
63035,0-17,3601
63035,18-34,3633
63035,35-44,2167
63035,45-54,2434
63035,55-64,2305
63035,65-74,2101
63035,75-84,986
63035,85+,393
63038,0-17,1673
63038,18-34,1773
63038,35-44,1018
63038,45-54,1257
63038,55-64,1283
63038,65-74,1025
63038,75-84,474
63038,85+,225
63040,0-17,2216
63040,18-34,2043
63040,35-44,1250
63040,45-54,1668
63040,55-64,1767
63040,65-74,1283
63040,75-84,774
63040,85+,211
63045,0-17,712
63045,18-34,733
63045,35-44,461
63045,45-54,514
63045,55-64,505
63045,65-74,393
63045,75-84,181
63045,85+,76
63046,0-17,1235
63046,18-34,1288
63046,35-44,703
63046,45-54,856
63046,55-64,780
63046,65-74,559
63046,75-84,309
63046,85+,175
63048,0-17,1235
63048,18-34,1173
63048,35-44,703
63048,45-54,840
63048,55-64,852
63048,65-74,557
63048,75-84,317
63048,85+,156
63049,0-17,2434
63049,18-34,2658
63049,35-44,1448
63049,45-54,1772
63049,55-64,1774
63049,65-74,1354
63049,75-84,912
63049,85+,445
63057,0-17,761
63057,18-34,815
63057,35-44,517
63057,45-54,586
63057,55-64,597
63057,65-74,500
63057,75-84,194
63057,85+,66
63058,0-17,2037
63058,18-34,2134
63058,35-44,1216
63058,45-54,1353
63058,55-64,1232
63058,65-74,1020
63058,75-84,475
63058,85+,226
63061,0-17,2109
63061,18-34,1810
63061,35-44,1267
63061,45-54,1662
63061,55-64,1882
63061,65-74,1144
63061,75-84,701
63061,85+,243
63067,0-17,1800
63067,18-34,2179
63067,35-44,1100
63067,45-54,1388
63067,55-64,1464
63067,65-74,936
63067,75-84,618
63067,85+,294
63072,0-17,1664
63072,18-34,2029
63072,35-44,1082
63072,45-54,1278
63072,55-64,1509
63072,65-74,1361
63072,75-84,802
63072,85+,424
63073,0-17,1466
63073,18-34,1475
63073,35-44,912
63073,45-54,946
63073,55-64,971
63073,65-74,784
63073,75-84,425
63073,85+,174
63075,0-17,637
63075,18-34,606
63075,35-44,398
63075,45-54,448
63075,55-64,499
63075,65-74,348
63075,75-84,158
63075,85+,80
63076,0-17,2351
63076,18-34,2417
63076,35-44,1382
63076,45-54,1780
63076,55-64,1762
63076,65-74,1300
63076,75-84,664
63076,85+,356
63079,0-17,12780
63079,18-34,12201
63079,35-44,6657
63079,45-54,6736
63079,55-64,6701
63079,65-74,5468
63079,75-84,3210
63079,85+,1537
63080,0-17,1511
63080,18-34,1539
63080,35-44,879
63080,45-54,1032
63080,55-64,1078
63080,65-74,670
63080,75-84,454
63080,85+,216
63084,0-17,2082
63084,18-34,2016
63084,35-44,1252
63084,45-54,1311
63084,55-64,1455
63084,65-74,1044
63084,75-84,628
63084,85+,280
63086,0-17,507
63086,18-34,505
63086,35-44,282
63086,45-54,380
63086,55-64,392
63086,65-74,277
63086,75-84,139
63086,85+,71
63087,0-17,767
63087,18-34,815
63087,35-44,463
63087,45-54,627
63087,55-64,563
63087,65-74,384
63087,75-84,258
63087,85+,97
63088,0-17,2141
63088,18-34,2070
63088,35-44,1272
63088,45-54,1461
63088,55-64,1623
63088,65-74,1096
63088,75-84,610
63088,85+,254
63089,0-17,1207
63089,18-34,1216
63089,35-44,715
63089,45-54,826
63089,55-64,804
63089,65-74,562
63089,75-84,246
63089,85+,105
64008,0-17,687
64008,18-34,637
64008,35-44,434
64008,45-54,514
64008,55-64,388
64008,65-74,285
64008,75-84,131
64008,85+,59
64015,0-17,1460
64015,18-34,1248
64015,35-44,853
64015,45-54,958
64015,55-64,853
64015,65-74,614
64015,75-84,265
64015,85+,140
64021,0-17,678
64021,18-34,690
64021,35-44,415
64021,45-54,556
64021,55-64,464
64021,65-74,397
64021,75-84,186
64021,85+,79
64023,0-17,572
64023,18-34,654
64023,35-44,397
64023,45-54,501
64023,55-64,462
64023,65-74,303
64023,75-84,149
64023,85+,50
64025,0-17,635
64025,18-34,608
64025,35-44,439
64025,45-54,425
64025,55-64,529
64025,65-74,354
64025,75-84,151
64025,85+,75
64029,0-17,813
64029,18-34,685
64029,35-44,514
64029,45-54,562
64029,55-64,414
64029,65-74,320
64029,75-84,115
64029,85+,55
64034,0-17,3400
64034,18-34,3230
64034,35-44,2121
64034,45-54,2446
64034,55-64,2175
64034,65-74,1874
64034,75-84,993
64034,85+,446
64047,0-17,670
64047,18-34,627
64047,35-44,420
64047,45-54,482
64047,55-64,481
64047,65-74,324
64047,75-84,173
64047,85+,103
64056,0-17,778
64056,18-34,818
64056,35-44,514
64056,45-54,609
64056,55-64,524
64056,65-74,418
64056,75-84,164
64056,85+,79
64063,0-17,1231
64063,18-34,1151
64063,35-44,856
64063,45-54,893
64063,55-64,767
64063,65-74,606
64063,75-84,300
64063,85+,168
64065,0-17,1350
64065,18-34,1497
64065,35-44,871
64065,45-54,984
64065,55-64,962
64065,65-74,729
64065,75-84,350
64065,85+,181
64074,0-17,2928
64074,18-34,2901
64074,35-44,1855
64074,45-54,2105
64074,55-64,2255
64074,65-74,1852
64074,75-84,1057
64074,85+,491
64075,0-17,671
64075,18-34,621
64075,35-44,407
64075,45-54,424
64075,55-64,357
64075,65-74,259
64075,75-84,149
64075,85+,81
64076,0-17,872
64076,18-34,729
64076,35-44,542
64076,45-54,608
64076,55-64,536
64076,65-74,389
64076,75-84,175
64076,85+,87
71002,0-17,1576
71002,18-34,1628
71002,35-44,1108
71002,45-54,1153
71002,55-64,1189
71002,65-74,864
71002,75-84,507
71002,85+,211
71004,0-17,9645
71004,18-34,9166
71004,35-44,6660
71004,45-54,6351
71004,55-64,6233
71004,65-74,4650
71004,75-84,2751
71004,85+,1142
71011,0-17,3380
71011,18-34,3724
71011,35-44,2492
71011,45-54,2747
71011,55-64,2854
71011,65-74,2197
71011,75-84,1239
71011,85+,457
71016,0-17,13078
71016,18-34,13411
71016,35-44,8386
71016,45-54,8962
71016,55-64,9654
71016,65-74,6813
71016,75-84,4309
71016,85+,1834
71017,0-17,1643
71017,18-34,1473
71017,35-44,1219
71017,45-54,1211
71017,55-64,1208
71017,65-74,861
71017,75-84,548
71017,85+,226
71020,0-17,1714
71020,18-34,1711
71020,35-44,1230
71020,45-54,1354
71020,55-64,1407
71020,65-74,1015
71020,75-84,694
71020,85+,360
71022,0-17,13110
71022,18-34,15957
71022,35-44,10539
71022,45-54,10055
71022,55-64,11236
71022,65-74,9361
71022,75-84,5689
71022,85+,2767
71024,0-17,2306
71024,18-34,2283
71024,35-44,1705
71024,45-54,1812
71024,55-64,1913
71024,65-74,1429
71024,75-84,837
71024,85+,365
71034,0-17,3057
71034,18-34,3144
71034,35-44,2178
71034,45-54,2077
71034,55-64,2263
71034,65-74,1590
71034,75-84,1047
71034,85+,494
71037,0-17,2703
71037,18-34,2738
71037,35-44,2012
71037,45-54,1974
71037,55-64,2367
71037,65-74,1678
71037,75-84,1031
71037,85+,475
71045,0-17,1310
71045,18-34,1229
71045,35-44,916
71045,45-54,1028
71045,55-64,1032
71045,65-74,852
71045,75-84,441
71045,85+,190
71053,0-17,6755
71053,18-34,7441
71053,35-44,5023
71053,45-54,5771
71053,55-64,6406
71053,65-74,5003
71053,75-84,2967
71053,85+,1306
71057,0-17,3441
71057,18-34,3374
71057,35-44,2445
71057,45-54,2869
71057,55-64,2711
71057,65-74,2124
71057,75-84,1274
71057,85+,489
71066,0-17,4023
71066,18-34,3928
71066,35-44,2916
71066,45-54,2959
71066,55-64,3229
71066,65-74,2372
71066,75-84,1353
71066,85+,547
71067,0-17,1218
71067,18-34,1357
71067,35-44,858
71067,45-54,1040
71067,55-64,1206
71067,65-74,958
71067,75-84,481
71067,85+,164
71069,0-17,2130
71069,18-34,2113
71069,35-44,1552
71069,45-54,1583
71069,55-64,1476
71069,65-74,1121
71069,75-84,722
71069,85+,280
71070,0-17,6710
71070,18-34,6769
71070,35-44,4630
71070,45-54,4552
71070,55-64,4804
71070,65-74,3483
71070,75-84,2029
71070,85+,915
72003,0-17,2408
72003,18-34,2599
72003,35-44,1614
72003,45-54,1746
72003,55-64,2013
72003,65-74,1522
72003,75-84,853
72003,85+,389
72004,0-17,2901
72004,18-34,3094
72004,35-44,2077
72004,45-54,2206
72004,55-64,2441
72004,65-74,1822
72004,75-84,1168
72004,85+,460
72018,0-17,2146
72018,18-34,2268
72018,35-44,1360
72018,45-54,1834
72018,55-64,2095
72018,65-74,1473
72018,75-84,726
72018,85+,304
72020,0-17,6130
72020,18-34,6442
72020,35-44,4248
72020,45-54,4858
72020,55-64,5312
72020,65-74,3978
72020,75-84,2415
72020,85+,862
72021,0-17,4535
72021,18-34,4693
72021,35-44,3117
72021,45-54,3513
72021,55-64,4052
72021,65-74,2850
72021,75-84,1852
72021,85+,698
72030,0-17,3003
72030,18-34,3128
72030,35-44,2082
72030,45-54,2364
72030,55-64,2573
72030,65-74,1704
72030,75-84,1025
72030,85+,419
72037,0-17,2626
72037,18-34,2604
72037,35-44,1515
72037,45-54,2048
72037,55-64,2236
72037,65-74,1661
72037,75-84,1118
72037,85+,491
72038,0-17,2400
72038,18-34,2494
72038,35-44,1617
72038,45-54,1634
72038,55-64,2009
72038,65-74,1257
72038,75-84,800
72038,85+,299
72039,0-17,5986
72039,18-34,6060
72039,35-44,4128
72039,45-54,3949
72039,55-64,4725
72039,65-74,3236
72039,75-84,1789
72039,85+,677
72041,0-17,3975
72041,18-34,3938
72041,35-44,2631
72041,45-54,3069
72041,55-64,3099
72041,65-74,2335
72041,75-84,1200
72041,85+,446
72042,0-17,4404
72042,18-34,4540
72042,35-44,3107
72042,45-54,3365
72042,55-64,3550
72042,65-74,2570
72042,75-84,1514
72042,85+,565
72043,0-17,6176
72043,18-34,6495
72043,35-44,4002
72043,45-54,4466
72043,55-64,4949
72043,65-74,3710
72043,75-84,2285
72043,85+,993
73001,0-17,2045
73001,18-34,2230
73001,35-44,1396
73001,45-54,1697
73001,55-64,1804
73001,65-74,1275
73001,75-84,848
73001,85+,331
73006,0-17,6047
73006,18-34,6290
73006,35-44,4201
73006,45-54,4463
73006,55-64,4738
73006,65-74,3659
73006,75-84,2151
73006,85+,928
73009,0-17,1864
73009,18-34,1966
73009,35-44,1452
73009,45-54,1630
73009,55-64,1715
73009,65-74,1341
73009,75-84,732
73009,85+,310
73022,0-17,1335
73022,18-34,1329
73022,35-44,953
73022,45-54,1108
73022,55-64,1093
73022,65-74,868
73022,75-84,462
73022,85+,189
73028,0-17,13
73028,18-34,12
73028,35-44,7
73028,45-54,10
73028,55-64,15
73028,65-74,14
73028,75-84,3
73028,85+,5
73032,0-17,1803
73032,18-34,1713
73032,35-44,1258
73032,45-54,1399
73032,55-64,1513
73032,65-74,1132
73032,75-84,642
73032,85+,270
73040,0-17,1525
73040,18-34,1519
73040,35-44,1126
73040,45-54,1145
73040,55-64,1303
73040,65-74,1119
73040,75-84,488
73040,85+,212
73042,0-17,4311
73042,18-34,4832
73042,35-44,2998
73042,45-54,3844
73042,55-64,4019
73042,65-74,3202
73042,75-84,1958
73042,85+,720
73066,0-17,3111
73066,18-34,3113
73066,35-44,2097
73066,45-54,2400
73066,55-64,2403
73066,65-74,1961
73066,75-84,1157
73066,85+,517
73083,0-17,5483
73083,18-34,5457
73083,35-44,3956
73083,45-54,4299
73083,55-64,4775
73083,65-74,3884
73083,75-84,2279
73083,85+,1009
73098,0-17,1275
73098,18-34,1187
73098,35-44,998
73098,45-54,1147
73098,55-64,1161
73098,65-74,900
73098,75-84,483
73098,85+,203
73107,0-17,7743
73107,18-34,7820
73107,35-44,5116
73107,45-54,5362
73107,55-64,5634
73107,65-74,4045
73107,75-84,2310
73107,85+,903
73109,0-17,750
73109,18-34,815
73109,35-44,458
73109,45-54,565
73109,55-64,699
73109,65-74,492
73109,75-84,270
73109,85+,126
81001,0-17,6145
81001,18-34,7260
81001,35-44,4135
81001,45-54,4250
81001,55-64,3477
81001,65-74,2572
81001,75-84,1484
81001,85+,758
81003,0-17,1375
81003,18-34,1167
81003,35-44,811
81003,45-54,878
81003,55-64,655
81003,65-74,424
81003,75-84,188
81003,85+,148
81004,0-17,3679
81004,18-34,3792
81004,35-44,2333
81004,45-54,2575
81004,55-64,2048
81004,65-74,1404
81004,75-84,859
81004,85+,456
81013,0-17,455
81013,18-34,388
81013,35-44,305
81013,45-54,267
81013,55-64,199
81013,65-74,121
81013,75-84,97
81013,85+,25
81015,0-17,1789
81015,18-34,1645
81015,35-44,1208
81015,45-54,1173
81015,55-64,1068
81015,65-74,750
81015,75-84,406
81015,85+,227
82003,0-17,3583
82003,18-34,3956
82003,35-44,2044
82003,45-54,2160
82003,55-64,1996
82003,65-74,1436
82003,75-84,731
82003,85+,370
82005,0-17,954
82005,18-34,826
82005,35-44,527
82005,45-54,497
82005,55-64,396
82005,65-74,264
82005,75-84,135
82005,85+,57
82009,0-17,564
82009,18-34,510
82009,35-44,302
82009,45-54,352
82009,55-64,285
82009,65-74,179
82009,75-84,81
82009,85+,46
82014,0-17,1062
82014,18-34,1087
82014,35-44,699
82014,45-54,628
82014,55-64,757
82014,65-74,546
82014,75-84,288
82014,85+,140
82032,0-17,1591
82032,18-34,1706
82032,35-44,946
82032,45-54,1054
82032,55-64,1102
82032,65-74,807
82032,75-84,447
82032,85+,233
82036,0-17,1471
82036,18-34,1330
82036,35-44,801
82036,45-54,785
82036,55-64,621
82036,65-74,393
82036,75-84,230
82036,85+,103
82037,0-17,1199
82037,18-34,1191
82037,35-44,679
82037,45-54,741
82037,55-64,643
82037,65-74,532
82037,75-84,275
82037,85+,137
82038,0-17,608
82038,18-34,509
82038,35-44,335
82038,45-54,377
82038,55-64,314
82038,65-74,247
82038,75-84,153
82038,85+,65
83012,0-17,2121
83012,18-34,2218
83012,35-44,1303
83012,45-54,1608
83012,55-64,1810
83012,65-74,1412
83012,75-84,647
83012,85+,339
83013,0-17,584
83013,18-34,650
83013,35-44,357
83013,45-54,459
83013,55-64,542
83013,65-74,397
83013,75-84,194
83013,85+,84
83028,0-17,1228
83028,18-34,1223
83028,35-44,682
83028,45-54,724
83028,55-64,760
83028,65-74,602
83028,75-84,293
83028,85+,123
83031,0-17,756
83031,18-34,835
83031,35-44,438
83031,45-54,622
83031,55-64,646
83031,65-74,490
83031,75-84,286
83031,85+,119
83034,0-17,3449
83034,18-34,4043
83034,35-44,2039
83034,45-54,2368
83034,55-64,2453
83034,65-74,1791
83034,75-84,971
83034,85+,477
83040,0-17,1251
83040,18-34,1143
83040,35-44,713
83040,45-54,751
83040,55-64,728
83040,65-74,553
83040,75-84,288
83040,85+,141
83044,0-17,556
83044,18-34,554
83044,35-44,293
83044,45-54,380
83044,55-64,396
83044,65-74,265
83044,75-84,133
83044,85+,64
83049,0-17,589
83049,18-34,598
83049,35-44,344
83049,45-54,374
83049,55-64,417
83049,65-74,310
83049,75-84,135
83049,85+,81
83055,0-17,747
83055,18-34,802
83055,35-44,442
83055,45-54,488
83055,55-64,524
83055,65-74,310
83055,75-84,172
83055,85+,86
84009,0-17,1955
84009,18-34,1869
84009,35-44,1100
84009,45-54,1105
84009,55-64,1226
84009,65-74,899
84009,75-84,472
84009,85+,218
84010,0-17,987
84010,18-34,1021
84010,35-44,574
84010,45-54,660
84010,55-64,857
84010,65-74,707
84010,75-84,374
84010,85+,247
84016,0-17,293
84016,18-34,245
84016,35-44,161
84016,45-54,176
84016,55-64,173
84016,65-74,193
84016,75-84,87
84016,85+,54
84029,0-17,323
84029,18-34,354
84029,35-44,193
84029,45-54,237
84029,55-64,233
84029,65-74,178
84029,75-84,94
84029,85+,37
84033,0-17,1502
84033,18-34,1274
84033,35-44,858
84033,45-54,782
84033,55-64,521
84033,65-74,351
84033,75-84,186
84033,85+,79
84035,0-17,1189
84035,18-34,1113
84035,35-44,638
84035,45-54,708
84035,55-64,680
84035,65-74,523
84035,75-84,266
84035,85+,128
84043,0-17,1921
84043,18-34,1702
84043,35-44,1116
84043,45-54,1032
84043,55-64,878
84043,65-74,637
84043,75-84,335
84043,85+,174
84050,0-17,1168
84050,18-34,1128
84050,35-44,658
84050,45-54,700
84050,55-64,696
84050,65-74,538
84050,75-84,344
84050,85+,160
84059,0-17,1128
84059,18-34,1228
84059,35-44,550
84059,45-54,757
84059,55-64,805
84059,65-74,631
84059,75-84,341
84059,85+,165
84068,0-17,547
84068,18-34,478
84068,35-44,307
84068,45-54,313
84068,55-64,341
84068,65-74,255
84068,75-84,154
84068,85+,48
84075,0-17,635
84075,18-34,636
84075,35-44,347
84075,45-54,378
84075,55-64,431
84075,65-74,350
84075,75-84,195
84075,85+,136
84077,0-17,2493
84077,18-34,2535
84077,35-44,1461
84077,45-54,1533
84077,55-64,1423
84077,65-74,1061
84077,75-84,554
84077,85+,260
85007,0-17,1108
85007,18-34,1105
85007,35-44,596
85007,45-54,718
85007,55-64,742
85007,65-74,510
85007,75-84,275
85007,85+,172
85009,0-17,1367
85009,18-34,1365
85009,35-44,754
85009,45-54,901
85009,55-64,752
85009,65-74,499
85009,75-84,225
85009,85+,98
85011,0-17,1042
85011,18-34,1031
85011,35-44,608
85011,45-54,689
85011,55-64,819
85011,65-74,770
85011,75-84,406
85011,85+,229
85024,0-17,615
85024,18-34,565
85024,35-44,346
85024,45-54,382
85024,55-64,376
85024,65-74,297
85024,75-84,164
85024,85+,65
85026,0-17,1093
85026,18-34,986
85026,35-44,623
85026,45-54,680
85026,55-64,537
85026,65-74,415
85026,75-84,219
85026,85+,106
85034,0-17,841
85034,18-34,753
85034,35-44,550
85034,45-54,499
85034,55-64,457
85034,65-74,323
85034,75-84,161
85034,85+,72
85039,0-17,1059
85039,18-34,910
85039,35-44,658
85039,45-54,547
85039,55-64,482
85039,65-74,349
85039,75-84,187
85039,85+,110
85045,0-17,2399
85045,18-34,2397
85045,35-44,1373
85045,45-54,1466
85045,55-64,1500
85045,65-74,1188
85045,75-84,654
85045,85+,364
85046,0-17,1977
85046,18-34,1914
85046,35-44,1155
85046,45-54,1213
85046,55-64,979
85046,65-74,668
85046,75-84,337
85046,85+,234
85047,0-17,448
85047,18-34,436
85047,35-44,243
85047,45-54,295
85047,55-64,266
85047,65-74,215
85047,75-84,108
85047,85+,102
91005,0-17,1417
91005,18-34,1437
91005,35-44,954
91005,45-54,944
91005,55-64,985
91005,65-74,778
91005,75-84,433
91005,85+,195
91013,0-17,1923
91013,18-34,1807
91013,35-44,1068
91013,45-54,1210
91013,55-64,1289
91013,65-74,1035
91013,75-84,549
91013,85+,276
91015,0-17,732
91015,18-34,664
91015,35-44,402
91015,45-54,434
91015,55-64,482
91015,65-74,372
91015,75-84,195
91015,85+,81
91030,0-17,3283
91030,18-34,3782
91030,35-44,2106
91030,45-54,2131
91030,55-64,2250
91030,65-74,1766
91030,75-84,919
91030,85+,469
91034,0-17,2496
91034,18-34,2783
91034,35-44,1518
91034,45-54,1812
91034,55-64,1862
91034,65-74,1552
91034,75-84,908
91034,85+,443
91054,0-17,963
91054,18-34,869
91054,35-44,491
91054,45-54,642
91054,55-64,667
91054,65-74,545
91054,75-84,324
91054,85+,151
91059,0-17,1774
91059,18-34,1519
91059,35-44,1028
91059,45-54,978
91059,55-64,942
91059,65-74,687
91059,75-84,294
91059,85+,142
91064,0-17,1146
91064,18-34,1141
91064,35-44,641
91064,45-54,703
91064,55-64,668
91064,65-74,524
91064,75-84,262
91064,85+,152
91072,0-17,1053
91072,18-34,1009
91072,35-44,650
91072,45-54,664
91072,55-64,737
91072,65-74,494
91072,75-84,243
91072,85+,137
91103,0-17,659
91103,18-34,679
91103,35-44,388
91103,45-54,439
91103,55-64,430
91103,65-74,394
91103,75-84,179
91103,85+,62
91114,0-17,2537
91114,18-34,2598
91114,35-44,1551
91114,45-54,1668
91114,55-64,1740
91114,65-74,1337
91114,75-84,788
91114,85+,352
91120,0-17,1241
91120,18-34,1217
91120,35-44,700
91120,45-54,826
91120,55-64,852
91120,65-74,554
91120,75-84,273
91120,85+,136
91141,0-17,1859
91141,18-34,1834
91141,35-44,1161
91141,45-54,1342
91141,55-64,1280
91141,65-74,1008
91141,75-84,445
91141,85+,180
91142,0-17,997
91142,18-34,1026
91142,35-44,625
91142,45-54,872
91142,55-64,1069
91142,65-74,915
91142,75-84,388
91142,85+,124
91143,0-17,396
91143,18-34,416
91143,35-44,219
91143,45-54,392
91143,55-64,493
91143,65-74,335
91143,75-84,228
91143,85+,100
92003,0-17,5803
92003,18-34,6003
92003,35-44,3543
92003,45-54,3653
92003,55-64,3670
92003,65-74,2789
92003,75-84,1384
92003,85+,728
92006,0-17,1646
92006,18-34,1480
92006,35-44,992
92006,45-54,954
92006,55-64,882
92006,65-74,758
92006,75-84,276
92006,85+,102
92035,0-17,3647
92035,18-34,3307
92035,35-44,2201
92035,45-54,2201
92035,55-64,2166
92035,65-74,1613
92035,75-84,847
92035,85+,466
92045,0-17,1780
92045,18-34,1584
92045,35-44,1126
92045,45-54,1204
92045,55-64,1016
92045,65-74,899
92045,75-84,394
92045,85+,145
92048,0-17,2169
92048,18-34,2267
92048,35-44,1356
92048,45-54,1545
92048,55-64,1383
92048,65-74,1065
92048,75-84,480
92048,85+,204
92054,0-17,1605
92054,18-34,1418
92054,35-44,1026
92054,45-54,996
92054,55-64,1021
92054,65-74,678
92054,75-84,299
92054,85+,165
92087,0-17,2657
92087,18-34,2789
92087,35-44,1673
92087,45-54,1952
92087,55-64,1812
92087,65-74,1322
92087,75-84,652
92087,85+,296
92094,0-17,20992
92094,18-34,25749
92094,35-44,13777
92094,45-54,13922
92094,55-64,14273
92094,65-74,12618
92094,75-84,6655
92094,85+,3446
92097,0-17,1154
92097,18-34,1129
92097,35-44,692
92097,45-54,718
92097,55-64,669
92097,65-74,491
92097,75-84,209
92097,85+,80
92101,0-17,2376
92101,18-34,2516
92101,35-44,1458
92101,45-54,1812
92101,55-64,1706
92101,65-74,1335
92101,75-84,665
92101,85+,308
92114,0-17,1893
92114,18-34,1681
92114,35-44,1153
92114,45-54,1269
92114,55-64,1143
92114,65-74,794
92114,75-84,354
92114,85+,193
92137,0-17,5759
92137,18-34,5977
92137,35-44,3601
92137,45-54,3857
92137,55-64,3801
92137,65-74,3031
92137,75-84,1573
92137,85+,773
92138,0-17,1827
92138,18-34,1688
92138,35-44,1180
92138,45-54,1090
92138,55-64,1039
92138,65-74,758
92138,75-84,301
92138,85+,184
92140,0-17,3989
92140,18-34,4129
92140,35-44,2351
92140,45-54,2886
92140,55-64,2588
92140,65-74,1909
92140,75-84,867
92140,85+,381
92141,0-17,2114
92141,18-34,1842
92141,35-44,1263
92141,45-54,1280
92141,55-64,1218
92141,65-74,928
92141,75-84,402
92141,85+,185
92142,0-17,5521
92142,18-34,5787
92142,35-44,3678
92142,45-54,3332
92142,55-64,3183
92142,65-74,2595
92142,75-84,1371
92142,85+,674
93010,0-17,1045
93010,18-34,1018
93010,35-44,600
93010,45-54,721
93010,55-64,727
93010,65-74,512
93010,75-84,243
93010,85+,121
93014,0-17,2601
93014,18-34,2764
93014,35-44,1529
93014,45-54,1915
93014,55-64,2041
93014,65-74,1638
93014,75-84,930
93014,85+,420
93018,0-17,558
93018,18-34,618
93018,35-44,300
93018,45-54,451
93018,55-64,430
93018,65-74,344
93018,75-84,183
93018,85+,86
93022,0-17,2262
93022,18-34,2310
93022,35-44,1423
93022,45-54,1552
93022,55-64,1597
93022,65-74,1250
93022,75-84,625
93022,85+,247
93056,0-17,1761
93056,18-34,1771
93056,35-44,1053
93056,45-54,1304
93056,55-64,1428
93056,65-74,996
93056,75-84,620
93056,85+,268
93088,0-17,3561
93088,18-34,3691
93088,35-44,2201
93088,45-54,2746
93088,55-64,2626
93088,65-74,2200
93088,75-84,939
93088,85+,443
93090,0-17,953
93090,18-34,1131
93090,35-44,608
93090,45-54,755
93090,55-64,879
93090,65-74,758
93090,75-84,375
93090,85+,187
