YEAR_WEEK,NIS5,AGEGROUP,CUMUL,AgeGroup,COUNT,percent
21W33,11001,0-17,713,0-17,2557,27.884239342980056
21W33,11001,35-44,1500,35-44,1601,93.69144284821986
21W33,11001,45-54,1805,45-54,2041,88.43704066634002
21W33,11001,55-64,2031,55-64,2090,97.17703349282297
21W33,11001,65-74,1853,65-74,1897,97.68054823405377
21W33,11001,75-84,1244,75-84,1261,98.65186360031721
21W33,11001,85+,473,85+,482,98.13278008298755
21W33,11002,0-17,18754,0-17,119897,15.641759176626605
21W33,11002,35-44,57704,35-44,73771,78.22043892586518
21W33,11002,45-54,54186,45-54,64091,84.54541199232341
21W33,11002,55-64,50930,55-64,56810,89.64970955817638
21W33,11002,65-74,39367,65-74,42833,91.90810823430533
21W33,11002,75-84,26515,75-84,29118,91.06051239782953
21W33,11002,85+,13404,85+,14863,90.18367758864294
21W33,11004,0-17,839,0-17,2494,33.64073777064956
21W33,11004,35-44,1416,35-44,1520,93.15789473684211
21W33,11004,45-54,1694,45-54,1851,91.5180983252296
21W33,11004,55-64,2051,55-64,2081,98.55838539163864
21W33,11004,65-74,1519,65-74,1496,101.53743315508021
21W33,11004,75-84,871,75-84,888,98.08558558558559
21W33,11004,85+,467,85+,499,93.58717434869739
21W33,11005,0-17,892,0-17,4323,20.63381910710155
21W33,11005,35-44,2081,35-44,2368,87.88006756756756
21W33,11005,45-54,2249,45-54,2563,87.74873195474053
21W33,11005,55-64,2154,55-64,2223,96.89608636977059
21W33,11005,65-74,1503,65-74,1532,98.1070496083551
21W33,11005,75-84,1068,75-84,1150,92.8695652173913
21W33,11005,85+,522,85+,524,99.61832061068702
21W33,11007,0-17,457,0-17,2293,19.930222416048846
21W33,11007,35-44,1172,35-44,1421,82.4771287825475
21W33,11007,45-54,1144,45-54,1340,85.3731343283582
21W33,11007,55-64,1358,55-64,1468,92.50681198910081
21W33,11007,65-74,1123,65-74,1170,95.98290598290598
21W33,11007,75-84,727,75-84,735,98.91156462585035
21W33,11007,85+,259,85+,280,92.5
21W33,11008,0-17,2161,0-17,6875,31.432727272727274
21W33,11008,35-44,3920,35-44,4347,90.17713365539453
21W33,11008,45-54,4648,45-54,5121,90.763522749463
21W33,11008,55-64,5345,55-64,5753,92.90804797496958
21W33,11008,65-74,4689,65-74,4806,97.56554307116104
21W33,11008,75-84,3149,75-84,3183,98.93182532202324
21W33,11008,85+,1344,85+,1401,95.93147751605996
21W33,11009,0-17,1788,0-17,5364,33.333333333333336
21W33,11009,35-44,3242,35-44,3405,95.21292217327459
21W33,11009,45-54,3947,45-54,4340,90.9447004608295
21W33,11009,55-64,4733,55-64,4834,97.9106330161357
21W33,11009,65-74,3211,65-74,3201,100.31240237425804
21W33,11009,75-84,1831,75-84,1853,98.81273610361576
21W33,11009,85+,705,85+,710,99.29577464788733
21W33,11013,0-17,1054,0-17,4307,24.47179010912468
21W33,11013,35-44,2508,35-44,2736,91.66666666666667
21W33,11013,45-54,2263,45-54,2564,88.26053042121684
21W33,11013,55-64,2976,55-64,3163,94.08789124249131
21W33,11013,65-74,2479,65-74,2576,96.23447204968944
21W33,11013,75-84,1706,75-84,1815,93.99449035812673
21W33,11013,85+,917,85+,932,98.39055793991416
21W33,11016,0-17,1131,0-17,3896,29.029774127310063
21W33,11016,35-44,2027,35-44,2354,86.1087510620221
21W33,11016,45-54,2260,45-54,2668,84.70764617691154
21W33,11016,55-64,2651,55-64,2817,94.10720624778133
21W33,11016,65-74,2040,65-74,2068,98.64603481624758
21W33,11016,75-84,1111,75-84,1133,98.05825242718447
21W33,11016,85+,410,85+,430,95.34883720930233
21W33,11018,0-17,700,0-17,2661,26.305900037579857
21W33,11018,35-44,1467,35-44,1657,88.53349426674713
21W33,11018,45-54,1519,45-54,1633,93.01898346601347
21W33,11018,55-64,1411,55-64,1432,98.53351955307262
21W33,11018,65-74,1081,65-74,1105,97.82805429864253
21W33,11018,75-84,571,75-84,604,94.5364238410596
21W33,11018,85+,256,85+,281,91.1032028469751
21W33,11021,0-17,534,0-17,1615,33.06501547987616
21W33,11021,35-44,891,35-44,890,100.11235955056179
21W33,11021,45-54,992,45-54,1044,95.01915708812261
21W33,11021,55-64,1213,55-64,1304,93.02147239263803
21W33,11021,65-74,1030,65-74,1013,101.6781836130306
21W33,11021,75-84,615,75-84,619,99.35379644588045
21W33,11021,85+,327,85+,346,94.50867052023122
21W33,11022,0-17,1184,0-17,3670,32.26158038147139
21W33,11022,35-44,2074,35-44,2212,93.76130198915008
21W33,11022,45-54,2297,45-54,2521,91.11463704879016
21W33,11022,55-64,2578,55-64,2657,97.02672186676703
21W33,11022,65-74,2161,65-74,2209,97.82707107288365
21W33,11022,75-84,1388,75-84,1378,100.72568940493468
21W33,11022,85+,614,85+,635,96.69291338582677
21W33,11023,0-17,1682,0-17,5005,33.60639360639361
21W33,11023,35-44,2955,35-44,3134,94.28844926611359
21W33,11023,45-54,3392,45-54,3704,91.57667386609072
21W33,11023,55-64,3946,55-64,4055,97.31196054254008
21W33,11023,65-74,3043,65-74,3097,98.25637713916693
21W33,11023,75-84,2201,75-84,2242,98.17127564674398
21W33,11023,85+,909,85+,1003,90.62811565304088
21W33,11024,0-17,1254,0-17,4057,30.909539068277052
21W33,11024,35-44,2323,35-44,2530,91.81818181818181
21W33,11024,45-54,2594,45-54,2854,90.88997897687456
21W33,11024,55-64,3100,55-64,3188,97.2396486825596
21W33,11024,65-74,2282,65-74,2291,99.60715844609341
21W33,11024,75-84,1473,75-84,1531,96.21162638798171
21W33,11024,85+,664,85+,662,100.30211480362537
21W33,11025,0-17,570,0-17,1699,33.549146556798114
21W33,11025,35-44,946,35-44,1019,92.8361138370952
21W33,11025,45-54,1095,45-54,1182,92.63959390862944
21W33,11025,55-64,1392,55-64,1426,97.61570827489481
21W33,11025,65-74,921,65-74,923,99.78331527627303
21W33,11025,75-84,509,75-84,521,97.69673704414588
21W33,11025,85+,206,85+,222,92.7927927927928
21W33,11029,0-17,1383,0-17,5264,26.272796352583587
21W33,11029,35-44,2959,35-44,3389,87.31189141339628
21W33,11029,45-54,2917,45-54,3368,86.60926365795724
21W33,11029,55-64,3268,55-64,3435,95.13828238719069
21W33,11029,65-74,2413,65-74,2505,96.32734530938124
21W33,11029,75-84,1613,75-84,1747,92.32970807097882
21W33,11029,85+,1036,85+,1064,97.36842105263158
21W33,11030,0-17,638,0-17,2449,26.051449571253574
21W33,11030,35-44,1334,35-44,1455,91.68384879725086
21W33,11030,45-54,1334,45-54,1421,93.87755102040816
21W33,11030,55-64,1235,55-64,1281,96.40905542544887
21W33,11030,65-74,848,65-74,884,95.92760180995475
21W33,11030,75-84,528,75-84,552,95.65217391304348
21W33,11030,85+,270,85+,281,96.08540925266904
21W33,11035,0-17,1085,0-17,3471,31.25900316911553
21W33,11035,35-44,2149,35-44,2280,94.25438596491227
21W33,11035,45-54,2349,45-54,2610,90.0
21W33,11035,55-64,2979,55-64,3063,97.25759059745347
21W33,11035,65-74,2275,65-74,2320,98.0603448275862
21W33,11035,75-84,1355,75-84,1364,99.34017595307918
21W33,11035,85+,534,85+,516,103.48837209302326
21W33,11037,0-17,923,0-17,2964,31.140350877192983
21W33,11037,35-44,1823,35-44,1907,95.5951756685894
21W33,11037,45-54,1944,45-54,2070,93.91304347826087
21W33,11037,55-64,2122,55-64,2148,98.78957169459963
21W33,11037,65-74,1591,65-74,1617,98.39208410636982
21W33,11037,75-84,986,75-84,998,98.79759519038076
21W33,11037,85+,527,85+,562,93.77224199288256
21W33,11038,0-17,525,0-17,1713,30.64798598949212
21W33,11038,35-44,986,35-44,1019,96.76153091265947
21W33,11038,45-54,1156,45-54,1256,92.03821656050955
21W33,11038,55-64,1190,55-64,1195,99.581589958159
21W33,11038,65-74,950,65-74,944,100.63559322033899
21W33,11038,75-84,558,75-84,561,99.46524064171123
21W33,11038,85+,232,85+,251,92.43027888446215
21W33,11039,0-17,1206,0-17,3499,34.46699056873393
21W33,11039,35-44,1896,35-44,2034,93.21533923303835
21W33,11039,45-54,2505,45-54,2812,89.08250355618776
21W33,11039,55-64,3087,55-64,3186,96.89265536723164
21W33,11039,65-74,2392,65-74,2473,96.72462596037202
21W33,11039,75-84,1700,75-84,1704,99.76525821596245
21W33,11039,85+,697,85+,766,90.99216710182768
21W33,11040,0-17,1790,0-17,6405,27.946916471506636
21W33,11040,35-44,3565,35-44,3952,90.2074898785425
21W33,11040,45-54,4098,45-54,4615,88.79739978331527
21W33,11040,55-64,4846,55-64,5098,95.05688505296195
21W33,11040,65-74,3738,65-74,3802,98.31667543398211
21W33,11040,75-84,2454,75-84,2579,95.15316013958899
21W33,11040,85+,1203,85+,1249,96.31705364291433
21W33,11044,0-17,1133,0-17,3593,31.533537433899248
21W33,11044,35-44,2226,35-44,2454,90.70904645476773
21W33,11044,45-54,2476,45-54,2731,90.66276089344562
21W33,11044,55-64,2525,55-64,2649,95.31898829747074
21W33,11044,65-74,2287,65-74,2293,99.73833406018316
21W33,11044,75-84,1069,75-84,1055,101.32701421800948
21W33,11044,85+,368,85+,409,89.97555012224939
21W33,11050,0-17,579,0-17,1831,31.62206444565811
21W33,11050,35-44,1127,35-44,1212,92.98679867986799
21W33,11050,45-54,1225,45-54,1329,92.17456734386757
21W33,11050,55-64,1469,55-64,1548,94.89664082687338
21W33,11050,65-74,1071,65-74,1071,100.0
21W33,11050,75-84,700,75-84,746,93.83378016085791
21W33,11050,85+,411,85+,426,96.47887323943662
21W33,11052,0-17,683,0-17,2469,27.66302146618064
21W33,11052,35-44,1388,35-44,1563,88.80358285348689
21W33,11052,45-54,1594,45-54,1735,91.87319884726224
21W33,11052,55-64,1851,55-64,1944,95.21604938271605
21W33,11052,65-74,1403,65-74,1423,98.59451862262826
21W33,11052,75-84,847,75-84,895,94.63687150837988
21W33,11052,85+,430,85+,460,93.47826086956522
21W33,11053,0-17,1296,0-17,4090,31.687041564792175
21W33,11053,35-44,2371,35-44,2614,90.70390206579954
21W33,11053,45-54,2787,45-54,3052,91.31716906946265
21W33,11053,55-64,3160,55-64,3224,98.01488833746899
21W33,11053,65-74,2197,65-74,2171,101.19760479041916
21W33,11053,75-84,1207,75-84,1185,101.85654008438819
21W33,11053,85+,474,85+,478,99.16317991631799
21W33,11054,0-17,762,0-17,2296,33.18815331010453
21W33,11054,35-44,1383,35-44,1478,93.5723951285521
21W33,11054,45-54,1598,45-54,1732,92.26327944572748
21W33,11054,55-64,2066,55-64,2164,95.4713493530499
21W33,11054,65-74,1717,65-74,1696,101.23820754716981
21W33,11054,75-84,844,75-84,847,99.64580873671783
21W33,11054,85+,424,85+,456,92.98245614035088
21W33,11055,0-17,1448,0-17,3889,37.233221907945484
21W33,11055,35-44,2337,35-44,2434,96.01479046836484
21W33,11055,45-54,2797,45-54,3080,90.81168831168831
21W33,11055,55-64,3496,55-64,3624,96.46799116997792
21W33,11055,65-74,2888,65-74,2945,98.06451612903226
21W33,11055,75-84,1715,75-84,1693,101.2994683992912
21W33,11055,85+,644,85+,642,100.31152647975078
21W33,11056,0-17,1111,0-17,3851,28.849649441703452
21W33,11056,35-44,2121,35-44,2447,86.677564364528
21W33,11056,45-54,2273,45-54,2443,93.04134261154319
21W33,11056,55-64,2745,55-64,2920,94.0068493150685
21W33,11056,65-74,2114,65-74,2131,99.20225246363209
21W33,11056,75-84,1211,75-84,1261,96.03489294210944
21W33,11056,85+,556,85+,621,89.5330112721417
21W33,11057,0-17,1123,0-17,2944,38.14538043478261
21W33,11057,35-44,1745,35-44,1890,92.32804232804233
21W33,11057,45-54,2006,45-54,2189,91.6400182731841
21W33,11057,55-64,2323,55-64,2370,98.0168776371308
21W33,11057,65-74,1699,65-74,1696,100.17688679245283
21W33,11057,75-84,1008,75-84,1003,100.49850448654038
21W33,11057,85+,506,85+,509,99.4106090373281
21W33,12002,0-17,732,0-17,2152,34.014869888475836
21W33,12002,35-44,1259,35-44,1410,89.29078014184397
21W33,12002,45-54,1553,45-54,1680,92.44047619047619
21W33,12002,55-64,1738,55-64,1809,96.0751796572692
21W33,12002,65-74,1276,65-74,1292,98.76160990712074
21W33,12002,75-84,783,75-84,802,97.63092269326684
21W33,12002,85+,376,85+,396,94.94949494949495
21W33,12005,0-17,965,0-17,2774,34.78731074260995
21W33,12005,35-44,1556,35-44,1621,95.99012954966071
21W33,12005,45-54,1990,45-54,2148,92.64432029795158
21W33,12005,55-64,2300,55-64,2355,97.66454352441613
21W33,12005,65-74,1683,65-74,1654,101.75332527206771
21W33,12005,75-84,1241,75-84,1267,97.94790844514601
21W33,12005,85+,658,85+,671,98.06259314456035
21W33,12007,0-17,1332,0-17,3689,36.10734616427216
21W33,12007,35-44,2397,35-44,2519,95.15680825724493
21W33,12007,45-54,2998,45-54,3204,93.5705368289638
21W33,12007,55-64,3180,55-64,3250,97.84615384615384
21W33,12007,65-74,2564,65-74,2542,100.8654602675059
21W33,12007,75-84,1538,75-84,1548,99.35400516795866
21W33,12007,85+,644,85+,676,95.26627218934911
21W33,12009,0-17,1032,0-17,3341,30.88895540257408
21W33,12009,35-44,2077,35-44,2255,92.10643015521065
21W33,12009,45-54,2223,45-54,2454,90.58679706601467
21W33,12009,55-64,2388,55-64,2469,96.71931956257595
21W33,12009,65-74,1903,65-74,1910,99.63350785340315
21W33,12009,75-84,1169,75-84,1205,97.01244813278008
21W33,12009,85+,542,85+,575,94.26086956521739
21W33,12014,0-17,2578,0-17,7575,34.03300330033003
21W33,12014,35-44,4838,35-44,5292,91.42101284958427
21W33,12014,45-54,5728,45-54,6244,91.736066623959
21W33,12014,55-64,6474,55-64,6572,98.50882531953744
21W33,12014,65-74,4859,65-74,4923,98.69997968718262
21W33,12014,75-84,3050,75-84,3080,99.02597402597402
21W33,12014,85+,1317,85+,1309,100.61115355233002
21W33,12021,0-17,1811,0-17,6597,27.451872063058968
21W33,12021,35-44,3945,35-44,4531,87.06687265504304
21W33,12021,45-54,4378,45-54,4899,89.36517656664626
21W33,12021,55-64,4966,55-64,5178,95.90575511780611
21W33,12021,65-74,3905,65-74,3991,97.84515159107993
21W33,12021,75-84,2512,75-84,2559,98.16334505666276
21W33,12021,85+,1113,85+,1155,96.36363636363636
21W33,12025,0-17,4357,0-17,19069,22.84860244375688
21W33,12025,35-44,10286,35-44,11677,88.08769375695812
21W33,12025,45-54,9535,45-54,10738,88.79679642391507
21W33,12025,55-64,9847,55-64,10429,94.41940742161282
21W33,12025,65-74,7389,65-74,7598,97.24927612529613
21W33,12025,75-84,4677,75-84,4928,94.90665584415585
21W33,12025,85+,2272,85+,2489,91.28163921253515
21W33,12026,0-17,1382,0-17,4314,32.035234121464995
21W33,12026,35-44,2701,35-44,2958,91.31169709263015
21W33,12026,45-54,3088,45-54,3375,91.4962962962963
21W33,12026,55-64,3250,55-64,3348,97.07287933094385
21W33,12026,65-74,2525,65-74,2622,96.30053394355454
21W33,12026,75-84,1584,75-84,1605,98.69158878504673
21W33,12026,85+,582,85+,599,97.16193656093489
21W33,12029,0-17,1086,0-17,3292,32.98906439854192
21W33,12029,35-44,2098,35-44,2242,93.5771632471008
21W33,12029,45-54,2462,45-54,2607,94.43805140007672
21W33,12029,55-64,2583,55-64,2612,98.88973966309341
21W33,12029,65-74,2082,65-74,2089,99.6649114408808
21W33,12029,75-84,1302,75-84,1297,100.38550501156514
21W33,12029,85+,504,85+,536,94.02985074626865
21W33,12035,0-17,1370,0-17,4112,33.31712062256809
21W33,12035,35-44,2416,35-44,2606,92.70913277052955
21W33,12035,45-54,2819,45-54,2948,95.62415196743555
21W33,12035,55-64,2861,55-64,2946,97.11473183978276
21W33,12035,65-74,2241,65-74,2220,100.94594594594595
21W33,12035,75-84,1418,75-84,1483,95.61699258260283
21W33,12035,85+,772,85+,789,97.84537389100127
21W33,12040,0-17,1465,0-17,6180,23.705501618122977
21W33,12040,35-44,3064,35-44,3508,87.34321550741163
21W33,12040,45-54,3240,45-54,3599,90.02500694637399
21W33,12040,55-64,3260,55-64,3400,95.88235294117646
21W33,12040,65-74,2372,65-74,2454,96.65851670741647
21W33,12040,75-84,1509,75-84,1594,94.66750313676286
21W33,12040,85+,748,85+,778,96.1439588688946
21W33,12041,0-17,1655,0-17,5097,32.4700804394742
21W33,12041,35-44,3133,35-44,3299,94.96817217338588
21W33,12041,45-54,3506,45-54,3741,93.71825715049452
21W33,12041,55-64,3602,55-64,3635,99.09215955983494
21W33,12041,65-74,2768,65-74,2792,99.14040114613181
21W33,12041,75-84,1673,75-84,1721,97.21092388146427
21W33,12041,85+,809,85+,859,94.17927823050059
21W33,13001,0-17,805,0-17,2584,31.153250773993808
21W33,13001,35-44,1468,35-44,1669,87.95686039544637
21W33,13001,45-54,1710,45-54,1970,86.80203045685279
21W33,13001,55-64,1776,55-64,1876,94.66950959488273
21W33,13001,65-74,1349,65-74,1375,98.10909090909091
21W33,13001,75-84,866,75-84,887,97.63246899661782
21W33,13001,85+,289,85+,315,91.74603174603175
21W33,13002,0-17,146,0-17,597,24.45561139028476
21W33,13002,35-44,255,35-44,335,76.11940298507463
21W33,13002,45-54,336,45-54,382,87.95811518324608
21W33,13002,55-64,364,55-64,400,91.0
21W33,13002,65-74,301,65-74,303,99.33993399339934
21W33,13002,75-84,229,75-84,234,97.86324786324786
21W33,13002,85+,52,85+,55,94.54545454545455
21W33,13003,0-17,1363,0-17,4404,30.949137148047228
21W33,13003,35-44,2881,35-44,3130,92.04472843450479
21W33,13003,45-54,3025,45-54,3305,91.52798789712557
21W33,13003,55-64,3214,55-64,3248,98.95320197044335
21W33,13003,65-74,2350,65-74,2395,98.12108559498957
21W33,13003,75-84,1411,75-84,1458,96.77640603566529
21W33,13003,85+,580,85+,599,96.8280467445743
21W33,13004,0-17,1127,0-17,3543,31.809201241885408
21W33,13004,35-44,2117,35-44,2309,91.6847119965353
21W33,13004,45-54,2471,45-54,2620,94.31297709923665
21W33,13004,55-64,2505,55-64,2597,96.45745090489025
21W33,13004,65-74,1813,65-74,1839,98.58618814573137
21W33,13004,75-84,1163,75-84,1162,100.08605851979345
21W33,13004,85+,430,85+,422,101.89573459715639
21W33,13006,0-17,659,0-17,1856,35.50646551724138
21W33,13006,35-44,1192,35-44,1264,94.30379746835443
21W33,13006,45-54,1224,45-54,1361,89.9338721528288
21W33,13006,55-64,1367,55-64,1372,99.63556851311954
21W33,13006,65-74,978,65-74,993,98.48942598187311
21W33,13006,75-84,644,75-84,647,99.53632148377125
21W33,13006,85+,263,85+,278,94.60431654676259
21W33,13008,0-17,2236,0-17,7512,29.76570820021299
21W33,13008,35-44,4891,35-44,5418,90.27316352897748
21W33,13008,45-54,5318,45-54,5808,91.5633608815427
21W33,13008,55-64,5706,55-64,5866,97.27241732015001
21W33,13008,65-74,4380,65-74,4455,98.31649831649831
21W33,13008,75-84,2524,75-84,2550,98.98039215686275
21W33,13008,85+,1060,85+,1111,95.4095409540954
21W33,13010,0-17,603,0-17,1796,33.57461024498886
21W33,13010,35-44,1237,35-44,1300,95.15384615384616
21W33,13010,45-54,1575,45-54,1741,90.46524985640437
21W33,13010,55-64,1756,55-64,1822,96.37760702524699
21W33,13010,65-74,1392,65-74,1385,100.50541516245487
21W33,13010,75-84,748,75-84,754,99.20424403183024
21W33,13010,85+,269,85+,288,93.40277777777777
21W33,13011,0-17,1474,0-17,4721,31.222198686718915
21W33,13011,35-44,3219,35-44,3575,90.04195804195804
21W33,13011,45-54,3536,45-54,3941,89.72342045166201
21W33,13011,55-64,4376,55-64,4497,97.30931732265955
21W33,13011,65-74,3086,65-74,3141,98.2489652976759
21W33,13011,75-84,1924,75-84,1990,96.68341708542714
21W33,13011,85+,890,85+,925,96.21621621621621
21W33,13012,0-17,547,0-17,1582,34.576485461441216
21W33,13012,35-44,1039,35-44,1107,93.85727190605239
21W33,13012,45-54,1188,45-54,1243,95.57522123893806
21W33,13012,55-64,1441,55-64,1475,97.69491525423729
21W33,13012,65-74,1029,65-74,1034,99.5164410058027
21W33,13012,75-84,658,75-84,673,97.77117384843982
21W33,13012,85+,278,85+,287,96.86411149825784
21W33,13013,0-17,881,0-17,2512,35.07165605095541
21W33,13013,35-44,1704,35-44,1845,92.35772357723577
21W33,13013,45-54,1906,45-54,2064,92.34496124031008
21W33,13013,55-64,2281,55-64,2356,96.81663837011885
21W33,13013,65-74,1694,65-74,1670,101.437125748503
21W33,13013,75-84,1064,75-84,1106,96.20253164556962
21W33,13013,85+,475,85+,504,94.24603174603175
21W33,13014,0-17,1116,0-17,4153,26.87214062123766
21W33,13014,35-44,2167,35-44,2603,83.25009604302727
21W33,13014,45-54,2535,45-54,2981,85.03857765850385
21W33,13014,55-64,2864,55-64,3075,93.13821138211382
21W33,13014,65-74,2296,65-74,2318,99.0509059534081
21W33,13014,75-84,1395,75-84,1422,98.10126582278481
21W33,13014,85+,442,85+,451,98.00443458980044
21W33,13016,0-17,574,0-17,1856,30.926724137931036
21W33,13016,35-44,1246,35-44,1371,90.88256746900073
21W33,13016,45-54,1496,45-54,1596,93.734335839599
21W33,13016,55-64,1621,55-64,1619,100.12353304508956
21W33,13016,65-74,1071,65-74,1091,98.16681943171402
21W33,13016,75-84,678,75-84,666,101.8018018018018
21W33,13016,85+,280,85+,297,94.27609427609427
21W33,13017,0-17,1094,0-17,3358,32.57891602144134
21W33,13017,35-44,1936,35-44,2139,90.50958391771856
21W33,13017,45-54,2437,45-54,2661,91.58211198797444
21W33,13017,55-64,3062,55-64,3129,97.85874081176095
21W33,13017,65-74,2174,65-74,2154,100.92850510677809
21W33,13017,75-84,1261,75-84,1279,98.59265050820954
21W33,13017,85+,581,85+,583,99.65694682675814
21W33,13019,0-17,1020,0-17,3058,33.355134074558535
21W33,13019,35-44,1883,35-44,2054,91.67478091528724
21W33,13019,45-54,2218,45-54,2477,89.54380298748487
21W33,13019,55-64,2676,55-64,2691,99.44258639910814
21W33,13019,65-74,1891,65-74,1888,100.15889830508475
21W33,13019,75-84,913,75-84,928,98.38362068965517
21W33,13019,85+,403,85+,405,99.50617283950618
21W33,13021,0-17,556,0-17,1907,29.155742003146305
21W33,13021,35-44,1245,35-44,1366,91.14202049780381
21W33,13021,45-54,1341,45-54,1469,91.286589516678
21W33,13021,55-64,1484,55-64,1556,95.37275064267352
21W33,13021,65-74,1212,65-74,1175,103.14893617021276
21W33,13021,75-84,668,75-84,683,97.80380673499268
21W33,13021,85+,257,85+,292,88.01369863013699
21W33,13023,0-17,596,0-17,1635,36.452599388379205
21W33,13023,35-44,944,35-44,1060,89.05660377358491
21W33,13023,45-54,1095,45-54,1184,92.48310810810811
21W33,13023,55-64,1356,55-64,1377,98.47494553376906
21W33,13023,65-74,974,65-74,999,97.49749749749749
21W33,13023,75-84,462,75-84,458,100.87336244541484
21W33,13023,85+,173,85+,177,97.74011299435028
21W33,13025,0-17,2148,0-17,6943,30.937635028085843
21W33,13025,35-44,4369,35-44,4750,91.97894736842105
21W33,13025,45-54,4670,45-54,5136,90.92679127725857
21W33,13025,55-64,5332,55-64,5525,96.50678733031674
21W33,13025,65-74,4050,65-74,4056,99.85207100591715
21W33,13025,75-84,2443,75-84,2528,96.6376582278481
21W33,13025,85+,1040,85+,1084,95.9409594095941
21W33,13029,0-17,805,0-17,2405,33.471933471933475
21W33,13029,35-44,1596,35-44,1688,94.54976303317535
21W33,13029,45-54,1665,45-54,1794,92.80936454849498
21W33,13029,55-64,1858,55-64,1920,96.77083333333333
21W33,13029,65-74,1350,65-74,1327,101.73323285606631
21W33,13029,75-84,764,75-84,767,99.60886571056062
21W33,13029,85+,301,85+,310,97.09677419354838
21W33,13031,0-17,774,0-17,2736,28.289473684210527
21W33,13031,35-44,1558,35-44,1695,91.91740412979351
21W33,13031,45-54,1767,45-54,1920,92.03125
21W33,13031,55-64,1973,55-64,2008,98.25697211155378
21W33,13031,65-74,1695,65-74,1769,95.8168456755229
21W33,13031,75-84,1028,75-84,1021,100.68560235063663
21W33,13031,85+,374,85+,398,93.96984924623115
21W33,13035,0-17,748,0-17,2859,26.16299405386499
21W33,13035,35-44,1433,35-44,1632,87.80637254901961
21W33,13035,45-54,1889,45-54,2271,83.17921620431528
21W33,13035,55-64,2192,55-64,2406,91.10556940980881
21W33,13035,65-74,1604,65-74,1655,96.91842900302115
21W33,13035,75-84,972,75-84,976,99.59016393442623
21W33,13035,85+,309,85+,359,86.0724233983287
21W33,13036,0-17,713,0-17,2219,32.13159080666967
21W33,13036,35-44,1320,35-44,1397,94.48818897637796
21W33,13036,45-54,1520,45-54,1625,93.53846153846153
21W33,13036,55-64,1689,55-64,1760,95.9659090909091
21W33,13036,65-74,1282,65-74,1256,102.07006369426752
21W33,13036,75-84,757,75-84,760,99.60526315789474
21W33,13036,85+,262,85+,283,92.57950530035336
21W33,13037,0-17,774,0-17,2469,31.34872417982989
21W33,13037,35-44,1468,35-44,1607,91.35034225264468
21W33,13037,45-54,1537,45-54,1668,92.1462829736211
21W33,13037,55-64,1585,55-64,1640,96.64634146341463
21W33,13037,65-74,1195,65-74,1197,99.83291562238931
21W33,13037,75-84,752,75-84,775,97.03225806451613
21W33,13037,85+,289,85+,295,97.96610169491525
21W33,13040,0-17,2108,0-17,9067,23.249145252012795
21W33,13040,35-44,4701,35-44,5659,83.07121399540554
21W33,13040,45-54,5095,45-54,5897,86.39986433779887
21W33,13040,55-64,5820,55-64,6103,95.36293626085532
21W33,13040,65-74,4450,65-74,4548,97.84520668425682
21W33,13040,75-84,2927,75-84,3043,96.18797239566217
21W33,13040,85+,1263,85+,1293,97.6798143851508
21W33,13044,0-17,524,0-17,1463,35.816814764183185
21W33,13044,35-44,989,35-44,1019,97.05593719332678
21W33,13044,45-54,991,45-54,1059,93.57884796978281
21W33,13044,55-64,1259,55-64,1303,96.62317728319263
21W33,13044,65-74,909,65-74,902,100.77605321507761
21W33,13044,75-84,502,75-84,508,98.81889763779527
21W33,13044,85+,217,85+,221,98.19004524886878
21W33,13046,0-17,693,0-17,2220,31.216216216216218
21W33,13046,35-44,1353,35-44,1386,97.61904761904762
21W33,13046,45-54,1468,45-54,1615,90.89783281733746
21W33,13046,55-64,1639,55-64,1682,97.44351961950059
21W33,13046,65-74,1230,65-74,1250,98.4
21W33,13046,75-84,721,75-84,728,99.03846153846153
21W33,13046,85+,261,85+,251,103.98406374501992
21W33,13049,0-17,1634,0-17,4618,35.3832828064097
21W33,13049,35-44,3097,35-44,3326,93.11485267588695
21W33,13049,45-54,3390,45-54,3616,93.75
21W33,13049,55-64,3560,55-64,3621,98.31538249102458
21W33,13049,65-74,3090,65-74,3162,97.72296015180265
21W33,13049,75-84,1716,75-84,1658,103.49819059107358
21W33,13049,85+,647,85+,693,93.36219336219337
21W33,13053,0-17,944,0-17,2915,32.38421955403088
21W33,13053,35-44,1971,35-44,2136,92.2752808988764
21W33,13053,45-54,2137,45-54,2320,92.11206896551724
21W33,13053,55-64,2386,55-64,2422,98.51362510322048
21W33,13053,65-74,1928,65-74,1923,100.26001040041602
21W33,13053,75-84,1015,75-84,1040,97.59615384615384
21W33,13053,85+,436,85+,440,99.0909090909091
21W33,21001,0-17,1645,0-17,31421,5.235352153018682
21W33,21001,35-44,9238,35-44,17662,52.30438228966142
21W33,21001,45-54,10624,45-54,15698,67.67741113517646
21W33,21001,55-64,9191,55-64,12055,76.24222314392368
21W33,21001,65-74,6110,65-74,7654,79.82754115495166
21W33,21001,75-84,4011,75-84,5072,79.08123028391167
21W33,21001,85+,2056,85+,2642,77.81983345950037
21W33,21002,0-17,983,0-17,7374,13.33062110116626
21W33,21002,35-44,3968,35-44,5161,76.8843247432668
21W33,21002,45-54,3745,45-54,4502,83.18525099955575
21W33,21002,55-64,3230,55-64,3866,83.5488877392654
21W33,21002,65-74,2523,65-74,2806,89.9144689950107
21W33,21002,75-84,1514,75-84,1726,87.71726535341831
21W33,21002,85+,853,85+,1048,81.39312977099236
21W33,21003,0-17,435,0-17,6423,6.7725361980383
21W33,21003,35-44,2003,35-44,3511,57.04927371119339
21W33,21003,45-54,2351,45-54,3376,69.63862559241706
21W33,21003,55-64,2359,55-64,2827,83.44534842589317
21W33,21003,65-74,1740,65-74,1995,87.21804511278195
21W33,21003,75-84,1114,75-84,1274,87.44113029827315
21W33,21003,85+,509,85+,614,82.89902280130293
21W33,21004,0-17,2260,0-17,43042,5.250685377073556
21W33,21004,35-44,15750,35-44,28950,54.40414507772021
21W33,21004,45-54,16218,45-54,24338,66.63653545895308
21W33,21004,55-64,13080,55-64,18038,72.51358243707728
21W33,21004,65-74,8214,65-74,11093,74.0466961146669
21W33,21004,75-84,4652,75-84,6267,74.23009414392851
21W33,21004,85+,2273,85+,3059,74.30532853873815
21W33,21005,0-17,782,0-17,8462,9.241314110139447
21W33,21005,35-44,5798,35-44,8146,71.17603731892953
21W33,21005,45-54,4649,45-54,6041,76.95745737460685
21W33,21005,55-64,3741,55-64,4663,80.22732146686683
21W33,21005,65-74,2378,65-74,2876,82.68428372739916
21W33,21005,75-84,1274,75-84,1590,80.12578616352201
21W33,21005,85+,635,85+,824,77.0631067961165
21W33,21006,0-17,646,0-17,10079,6.409366008532593
21W33,21006,35-44,3987,35-44,6315,63.1353919239905
21W33,21006,45-54,3919,45-54,5291,74.06917406917407
21W33,21006,55-64,3419,55-64,4343,78.7243840663136
21W33,21006,65-74,2606,65-74,3137,83.0729996812241
21W33,21006,75-84,1777,75-84,2078,85.51491819056785
21W33,21006,85+,1146,85+,1422,80.59071729957806
21W33,21007,0-17,851,0-17,12800,6.6484375
21W33,21007,35-44,5878,35-44,9468,62.082805238698775
21W33,21007,45-54,5541,45-54,7690,72.05461638491548
21W33,21007,55-64,4240,55-64,5463,77.61303313197877
21W33,21007,65-74,3190,65-74,3955,80.6573957016435
21W33,21007,75-84,1939,75-84,2374,81.67649536647009
21W33,21007,85+,907,85+,1174,77.25724020442931
21W33,21008,0-17,395,0-17,6029,6.55166694310831
21W33,21008,35-44,1930,35-44,3444,56.03948896631823
21W33,21008,45-54,2293,45-54,3359,68.26436439416493
21W33,21008,55-64,2212,55-64,2745,80.58287795992715
21W33,21008,65-74,1758,65-74,2026,86.77196446199407
21W33,21008,75-84,1161,75-84,1413,82.1656050955414
21W33,21008,85+,634,85+,762,83.2020997375328
21W33,21009,0-17,1193,0-17,13200,9.037878787878787
21W33,21009,35-44,10007,35-44,14625,68.42393162393162
21W33,21009,45-54,8173,45-54,10639,76.82112980543285
21W33,21009,55-64,6363,55-64,8245,77.17404487568223
21W33,21009,65-74,4357,65-74,5376,81.0453869047619
21W33,21009,75-84,2393,75-84,2923,81.86794389326035
21W33,21009,85+,1168,85+,1468,79.56403269754769
21W33,21010,0-17,948,0-17,12805,7.40335806325654
21W33,21010,35-44,4570,35-44,7790,58.66495507060334
21W33,21010,45-54,4945,45-54,6886,71.81237293058379
21W33,21010,55-64,4421,55-64,5600,78.94642857142857
21W33,21010,65-74,3213,65-74,3852,83.41121495327103
21W33,21010,75-84,2141,75-84,2500,85.64
21W33,21010,85+,1142,85+,1437,79.47112038970077
21W33,21011,0-17,297,0-17,5900,5.033898305084746
21W33,21011,35-44,1687,35-44,3503,48.15872109620325
21W33,21011,45-54,1902,45-54,2902,65.54100620261889
21W33,21011,55-64,1474,55-64,2026,72.75419545903257
21W33,21011,65-74,1015,65-74,1312,77.36280487804878
21W33,21011,75-84,607,75-84,817,74.29620563035496
21W33,21011,85+,309,85+,387,79.84496124031008
21W33,21012,0-17,1113,0-17,28293,3.933835224260418
21W33,21012,35-44,6463,35-44,14084,45.888952002272084
21W33,21012,45-54,7707,45-54,12205,63.14625153625563
21W33,21012,55-64,6581,55-64,9042,72.7825702278257
21W33,21012,65-74,4535,65-74,5888,77.0210597826087
21W33,21012,75-84,2818,75-84,3755,75.04660452729694
21W33,21012,85+,1362,85+,1718,79.27823050058207
21W33,21013,0-17,608,0-17,9159,6.638279288131892
21W33,21013,35-44,5411,35-44,8940,60.525727069351234
21W33,21013,45-54,4835,45-54,6800,71.1029411764706
21W33,21013,55-64,3529,55-64,4838,72.94336502687061
21W33,21013,65-74,2060,65-74,2742,75.12764405543399
21W33,21013,75-84,1036,75-84,1405,73.73665480427046
21W33,21013,85+,372,85+,548,67.88321167883211
21W33,21014,0-17,237,0-17,6306,3.758325404376784
21W33,21014,35-44,2329,35-44,4571,50.951651717348504
21W33,21014,45-54,2297,45-54,3657,62.811047306535414
21W33,21014,55-64,1855,55-64,2598,71.40107775211702
21W33,21014,65-74,931,65-74,1343,69.32241250930753
21W33,21014,75-84,501,75-84,747,67.06827309236948
21W33,21014,85+,153,85+,226,67.69911504424779
21W33,21015,0-17,1744,0-17,33355,5.228601409084096
21W33,21015,35-44,12067,35-44,21562,55.96419627121789
21W33,21015,45-54,11655,45-54,17053,68.34574561660705
21W33,21015,55-64,8967,55-64,12113,74.02790390489557
21W33,21015,65-74,5480,65-74,7275,75.32646048109966
21W33,21015,75-84,3079,75-84,4139,74.38994926310703
21W33,21015,85+,1216,85+,1742,69.80482204362801
21W33,21016,0-17,2111,0-17,16887,12.50074021436608
21W33,21016,35-44,8322,35-44,11380,73.12829525483303
21W33,21016,45-54,9472,45-54,11847,79.95273064910948
21W33,21016,55-64,8133,55-64,9821,82.81234090214846
21W33,21016,65-74,6777,65-74,7788,87.01848998459168
21W33,21016,75-84,4553,75-84,5136,88.648753894081
21W33,21016,85+,2590,85+,3090,83.81877022653721
21W33,21017,0-17,736,0-17,5182,14.203010420686994
21W33,21017,35-44,2134,35-44,3073,69.44354051415554
21W33,21017,45-54,2718,45-54,3532,76.95356738391845
21W33,21017,55-64,2691,55-64,3243,82.97872340425532
21W33,21017,65-74,2337,65-74,2615,89.36902485659655
21W33,21017,75-84,1428,75-84,1666,85.71428571428571
21W33,21017,85+,751,85+,910,82.52747252747253
21W33,21018,0-17,1377,0-17,11385,12.09486166007905
21W33,21018,35-44,6288,35-44,8546,73.578282237304
21W33,21018,45-54,6076,45-54,7485,81.1756847027388
21W33,21018,55-64,5126,55-64,6373,80.43307704377844
21W33,21018,65-74,4278,65-74,5043,84.83045806067817
21W33,21018,75-84,2616,75-84,2979,87.8147029204431
21W33,21018,85+,1511,85+,1782,84.79236812570146
21W33,21019,0-17,1351,0-17,8926,15.135559041003809
21W33,21019,35-44,4534,35-44,5655,80.17683465959328
21W33,21019,45-54,5009,45-54,5850,85.62393162393163
21W33,21019,55-64,4293,55-64,5084,84.441384736428
21W33,21019,65-74,3318,65-74,3804,87.22397476340694
21W33,21019,75-84,2266,75-84,2538,89.2828999211978
21W33,21019,85+,1514,85+,1761,85.97387847813742
21W33,23002,0-17,1565,0-17,7493,20.88616041638863
21W33,23002,35-44,3278,35-44,4296,76.30353817504655
21W33,23002,45-54,3826,45-54,4678,81.7870884993587
21W33,23002,55-64,3994,55-64,4197,95.16321181796522
21W33,23002,65-74,2954,65-74,3102,95.22888459058672
21W33,23002,75-84,2005,75-84,2079,96.44059644059644
21W33,23002,85+,902,85+,994,90.74446680080483
21W33,23003,0-17,1462,0-17,5696,25.667134831460675
21W33,23003,35-44,2877,35-44,3295,87.31411229135053
21W33,23003,45-54,3156,45-54,3614,87.32706142778085
21W33,23003,55-64,3226,55-64,3441,93.75181633246149
21W33,23003,65-74,2298,65-74,2392,96.07023411371237
21W33,23003,75-84,1403,75-84,1524,92.06036745406824
21W33,23003,85+,693,85+,765,90.58823529411765
21W33,23009,0-17,168,0-17,490,34.285714285714285
21W33,23009,35-44,282,35-44,306,92.15686274509804
21W33,23009,45-54,292,45-54,322,90.6832298136646
21W33,23009,55-64,288,55-64,339,84.95575221238938
21W33,23009,65-74,212,65-74,216,98.14814814814815
21W33,23009,75-84,111,75-84,113,98.23008849557522
21W33,23009,85+,26,85+,43,60.46511627906977
21W33,23016,0-17,1968,0-17,9158,21.48940816772221
21W33,23016,35-44,4060,35-44,5358,75.77454273982829
21W33,23016,45-54,4995,45-54,5837,85.57478156587288
21W33,23016,55-64,5478,55-64,5901,92.83172343670564
21W33,23016,65-74,3986,65-74,4202,94.85959067110899
21W33,23016,75-84,2942,75-84,3099,94.93384962891255
21W33,23016,85+,1529,85+,1589,96.22404027690371
21W33,23023,0-17,669,0-17,1813,36.90016547159404
21W33,23023,35-44,1136,35-44,1249,90.95276220976781
21W33,23023,45-54,1197,45-54,1251,95.68345323741008
21W33,23023,55-64,1259,55-64,1340,93.95522388059702
21W33,23023,65-74,951,65-74,935,101.71122994652407
21W33,23023,75-84,499,75-84,504,99.0079365079365
21W33,23023,85+,227,85+,239,94.97907949790795
21W33,23024,0-17,570,0-17,1703,33.470346447445685
21W33,23024,35-44,1031,35-44,1097,93.98359161349134
21W33,23024,45-54,1214,45-54,1320,91.96969696969697
21W33,23024,55-64,1365,55-64,1391,98.13084112149532
21W33,23024,65-74,1015,65-74,1035,98.06763285024155
21W33,23024,75-84,601,75-84,628,95.70063694267516
21W33,23024,85+,333,85+,340,97.94117647058823
21W33,23025,0-17,1716,0-17,8141,21.078491585800272
21W33,23025,35-44,3704,35-44,4841,76.51311712456103
21W33,23025,45-54,4439,45-54,5278,84.10382720727549
21W33,23025,55-64,4575,55-64,4856,94.21334431630972
21W33,23025,65-74,3414,65-74,3690,92.52032520325203
21W33,23025,75-84,2360,75-84,2423,97.39991745769707
21W33,23025,85+,1180,85+,1281,92.11553473848556
21W33,23027,0-17,2279,0-17,8498,26.81807484113909
21W33,23027,35-44,4665,35-44,5433,85.86416344561016
21W33,23027,45-54,4854,45-54,5239,92.65126932620728
21W33,23027,55-64,4728,55-64,4911,96.27367135003054
21W33,23027,65-74,3747,65-74,3843,97.50195160031225
21W33,23027,75-84,2528,75-84,2585,97.79497098646034
21W33,23027,85+,1165,85+,1238,94.10339256865913
21W33,23032,0-17,420,0-17,1288,32.608695652173914
21W33,23032,35-44,720,35-44,807,89.21933085501858
21W33,23032,45-54,893,45-54,988,90.38461538461539
21W33,23032,55-64,953,55-64,991,96.16548940464178
21W33,23032,65-74,728,65-74,763,95.41284403669725
21W33,23032,75-84,421,75-84,439,95.8997722095672
21W33,23032,85+,199,85+,215,92.55813953488372
21W33,23033,0-17,609,0-17,2596,23.459167950693374
21W33,23033,35-44,1266,35-44,1552,81.5721649484536
21W33,23033,45-54,1450,45-54,1603,90.45539613225203
21W33,23033,55-64,1296,55-64,1423,91.07519325368939
21W33,23033,65-74,1094,65-74,1147,95.37925021795989
21W33,23033,75-84,677,75-84,659,102.73141122913505
21W33,23033,85+,299,85+,316,94.62025316455696
21W33,23038,0-17,811,0-17,2470,32.83400809716599
21W33,23038,35-44,1408,35-44,1530,92.02614379084967
21W33,23038,45-54,1657,45-54,1772,93.51015801354401
21W33,23038,55-64,1695,55-64,1750,96.85714285714286
21W33,23038,65-74,1202,65-74,1207,99.58574979287489
21W33,23038,75-84,685,75-84,719,95.2712100139082
21W33,23038,85+,360,85+,358,100.55865921787709
21W33,23039,0-17,609,0-17,1795,33.92757660167131
21W33,23039,35-44,1099,35-44,1197,91.81286549707602
21W33,23039,45-54,1283,45-54,1371,93.58132749817652
21W33,23039,55-64,1316,55-64,1369,96.12856099342586
21W33,23039,65-74,1042,65-74,1016,102.55905511811024
21W33,23039,75-84,619,75-84,644,96.11801242236025
21W33,23039,85+,310,85+,323,95.97523219814242
21W33,23044,0-17,704,0-17,2782,25.305535585909418
21W33,23044,35-44,1453,35-44,1691,85.92548787699586
21W33,23044,45-54,1724,45-54,1909,90.30906233630174
21W33,23044,55-64,1715,55-64,1775,96.61971830985915
21W33,23044,65-74,1463,65-74,1497,97.72879091516366
21W33,23044,75-84,893,75-84,918,97.27668845315904
21W33,23044,85+,372,85+,404,92.07920792079207
21W33,23045,0-17,1228,0-17,3702,33.17125877903836
21W33,23045,35-44,2148,35-44,2362,90.93988145639288
21W33,23045,45-54,2476,45-54,2687,92.14737625604764
21W33,23045,55-64,2603,55-64,2633,98.8606152677554
21W33,23045,65-74,1958,65-74,1972,99.29006085192698
21W33,23045,75-84,1289,75-84,1317,97.87395596051633
21W33,23045,85+,544,85+,551,98.72958257713249
21W33,23047,0-17,631,0-17,3993,15.802654645629852
21W33,23047,35-44,1541,35-44,2190,70.36529680365297
21W33,23047,45-54,1705,45-54,2052,83.08966861598441
21W33,23047,55-64,1646,55-64,1793,91.80145008365868
21W33,23047,65-74,1040,65-74,1126,92.36234458259325
21W33,23047,75-84,645,75-84,707,91.23055162659124
21W33,23047,85+,366,85+,399,91.72932330827068
21W33,23050,0-17,989,0-17,3895,25.391527599486523
21W33,23050,35-44,1949,35-44,2313,84.26286208387376
21W33,23050,45-54,2315,45-54,2620,88.3587786259542
21W33,23050,55-64,2910,55-64,3049,95.44112823876681
21W33,23050,65-74,2144,65-74,2153,99.58197863446354
21W33,23050,75-84,1170,75-84,1219,95.98031173092699
21W33,23050,85+,633,85+,636,99.52830188679245
21W33,23052,0-17,911,0-17,3252,28.01353013530135
21W33,23052,35-44,1853,35-44,2081,89.04372897645362
21W33,23052,45-54,2065,45-54,2295,89.97821350762527
21W33,23052,55-64,2322,55-64,2348,98.89267461669506
21W33,23052,65-74,1687,65-74,1695,99.52802359882006
21W33,23052,75-84,1155,75-84,1134,101.85185185185185
21W33,23052,85+,517,85+,512,100.9765625
21W33,23060,0-17,1057,0-17,3183,33.2076657241596
21W33,23060,35-44,1808,35-44,1970,91.77664974619289
21W33,23060,45-54,1964,45-54,2085,94.19664268585132
21W33,23060,55-64,1833,55-64,1938,94.58204334365325
21W33,23060,65-74,1462,65-74,1478,98.91745602165088
21W33,23060,75-84,883,75-84,905,97.56906077348066
21W33,23060,85+,390,85+,423,92.19858156028369
21W33,23062,0-17,1400,0-17,5493,25.486983433460768
21W33,23062,35-44,2721,35-44,3192,85.24436090225564
21W33,23062,45-54,3343,45-54,3793,88.1360400738202
21W33,23062,55-64,3087,55-64,3349,92.17676918483129
21W33,23062,65-74,2421,65-74,2537,95.42767047694127
21W33,23062,75-84,1648,75-84,1760,93.63636363636364
21W33,23062,85+,740,85+,821,90.13398294762484
21W33,23064,0-17,317,0-17,904,35.06637168141593
21W33,23064,35-44,499,35-44,541,92.2365988909427
21W33,23064,45-54,596,45-54,654,91.13149847094802
21W33,23064,55-64,654,55-64,689,94.92017416545718
21W33,23064,65-74,467,65-74,449,104.00890868596882
21W33,23064,75-84,256,75-84,274,93.43065693430657
21W33,23064,85+,153,85+,182,84.06593406593407
21W33,23077,0-17,1389,0-17,7704,18.029595015576323
21W33,23077,35-44,3315,35-44,4493,73.78143779212108
21W33,23077,45-54,3782,45-54,4617,81.9146632012129
21W33,23077,55-64,4247,55-64,4545,93.44334433443345
21W33,23077,65-74,3023,65-74,3290,91.88449848024317
21W33,23077,75-84,1970,75-84,2091,94.21329507412722
21W33,23077,85+,861,85+,963,89.40809968847353
21W33,23081,0-17,761,0-17,2632,28.91337386018237
21W33,23081,35-44,1387,35-44,1593,87.06842435655994
21W33,23081,45-54,1572,45-54,1747,89.98282770463652
21W33,23081,55-64,1611,55-64,1672,96.35167464114832
21W33,23081,65-74,1199,65-74,1256,95.46178343949045
21W33,23081,75-84,767,75-84,773,99.22380336351875
21W33,23081,85+,363,85+,370,98.10810810810811
21W33,23086,0-17,1010,0-17,3283,30.764544623819678
21W33,23086,35-44,1804,35-44,1986,90.83585095669687
21W33,23086,45-54,2032,45-54,2233,90.99865651589789
21W33,23086,55-64,2232,55-64,2329,95.83512237011593
21W33,23086,65-74,1632,65-74,1634,99.87760097919217
21W33,23086,75-84,1009,75-84,1048,96.27862595419847
21W33,23086,85+,479,85+,505,94.85148514851485
21W33,23088,0-17,1843,0-17,11640,15.833333333333334
21W33,23088,35-44,4562,35-44,6340,71.95583596214512
21W33,23088,45-54,5041,45-54,6151,81.95415379613071
21W33,23088,55-64,4728,55-64,5120,92.34375
21W33,23088,65-74,3050,65-74,3259,93.58698987419454
21W33,23088,75-84,1935,75-84,2090,92.58373205741627
21W33,23088,85+,969,85+,1081,89.63922294172063
21W33,23094,0-17,1409,0-17,8022,17.56419845425081
21W33,23094,35-44,3813,35-44,4938,77.21749696233293
21W33,23094,45-54,3967,45-54,4770,83.16561844863732
21W33,23094,55-64,3828,55-64,4297,89.0854084244822
21W33,23094,65-74,2614,65-74,2754,94.91648511256355
21W33,23094,75-84,1700,75-84,1837,92.54218835057158
21W33,23094,85+,903,85+,980,92.14285714285714
21W33,23096,0-17,1557,0-17,4737,32.86890436985434
21W33,23096,35-44,2799,35-44,2971,94.21070346684618
21W33,23096,45-54,3061,45-54,3313,92.39360096589193
21W33,23096,55-64,3583,55-64,3609,99.27957883070103
21W33,23096,65-74,2419,65-74,2440,99.13934426229508
21W33,23096,75-84,1314,75-84,1343,97.84065524944155
21W33,23096,85+,676,85+,715,94.54545454545455
21W33,23097,0-17,717,0-17,2287,31.35111499781373
21W33,23097,35-44,1366,35-44,1482,92.1727395411606
21W33,23097,45-54,1548,45-54,1734,89.27335640138408
21W33,23097,55-64,1694,55-64,1736,97.58064516129032
21W33,23097,65-74,1170,65-74,1184,98.81756756756756
21W33,23097,75-84,714,75-84,758,94.1952506596306
21W33,23097,85+,310,85+,332,93.37349397590361
21W33,23098,0-17,207,0-17,1337,15.482423335826477
21W33,23098,35-44,583,35-44,779,74.8395378690629
21W33,23098,45-54,654,45-54,763,85.71428571428571
21W33,23098,55-64,556,55-64,674,82.49258160237389
21W33,23098,65-74,407,65-74,449,90.64587973273942
21W33,23098,75-84,231,75-84,272,84.92647058823529
21W33,23098,85+,158,85+,197,80.20304568527919
21W33,23099,0-17,551,0-17,3184,17.305276381909547
21W33,23099,35-44,1508,35-44,1837,82.09036472509527
21W33,23099,45-54,1637,45-54,1945,84.16452442159382
21W33,23099,55-64,1604,55-64,1815,88.37465564738292
21W33,23099,65-74,1233,65-74,1356,90.929203539823
21W33,23099,75-84,653,75-84,729,89.57475994513031
21W33,23099,85+,344,85+,397,86.64987405541562
21W33,23100,0-17,193,0-17,958,20.146137787056368
21W33,23100,35-44,466,35-44,517,90.13539651837525
21W33,23100,45-54,561,45-54,681,82.37885462555066
21W33,23100,55-64,653,55-64,747,87.41633199464525
21W33,23100,65-74,458,65-74,463,98.92008639308855
21W33,23100,75-84,270,75-84,298,90.60402684563758
21W33,23100,85+,127,85+,141,90.0709219858156
21W33,23101,0-17,913,0-17,4138,22.06379893668439
21W33,23101,35-44,1948,35-44,2300,84.69565217391305
21W33,23101,45-54,2280,45-54,2695,84.60111317254174
21W33,23101,55-64,2241,55-64,2543,88.1242626818718
21W33,23101,65-74,1850,65-74,1975,93.67088607594937
21W33,23101,75-84,1042,75-84,1109,93.9585211902615
21W33,23101,85+,440,85+,507,86.78500986193293
21W33,23102,0-17,605,0-17,3727,16.232895089884625
21W33,23102,35-44,1522,35-44,2134,71.32146204311152
21W33,23102,45-54,1900,45-54,2312,82.17993079584775
21W33,23102,55-64,1811,55-64,1989,91.0507792860734
21W33,23102,65-74,1440,65-74,1551,92.84332688588007
21W33,23102,75-84,972,75-84,1057,91.95837275307474
21W33,23102,85+,570,85+,635,89.76377952755905
21W33,23103,0-17,638,0-17,3230,19.75232198142415
21W33,23103,35-44,1457,35-44,1794,81.21516164994426
21W33,23103,45-54,1628,45-54,1914,85.05747126436782
21W33,23103,55-64,1709,55-64,1937,88.22922044398554
21W33,23103,65-74,1368,65-74,1449,94.40993788819875
21W33,23103,75-84,802,75-84,838,95.70405727923628
21W33,23103,85+,434,85+,477,90.98532494758909
21W33,23104,0-17,484,0-17,1642,29.476248477466505
21W33,23104,35-44,865,35-44,999,86.58658658658659
21W33,23104,45-54,1174,45-54,1331,88.20435762584523
21W33,23104,55-64,1432,55-64,1429,100.20993701889434
21W33,23104,65-74,1009,65-74,1024,98.53515625
21W33,23104,75-84,661,75-84,688,96.07558139534883
21W33,23104,85+,300,85+,316,94.9367088607595
21W33,23105,0-17,840,0-17,2894,29.02557014512785
21W33,23105,35-44,1652,35-44,1906,86.67366211962225
21W33,23105,45-54,1754,45-54,1888,92.90254237288136
21W33,23105,55-64,1744,55-64,1765,98.81019830028329
21W33,23105,65-74,1432,65-74,1470,97.41496598639456
21W33,23105,75-84,831,75-84,820,101.34146341463415
21W33,23105,85+,291,85+,312,93.26923076923077
21W33,24001,0-17,1612,0-17,4986,32.330525471319696
21W33,24001,35-44,3620,35-44,3843,94.19724173822534
21W33,24001,45-54,3889,45-54,4235,91.82998819362456
21W33,24001,55-64,4455,55-64,4510,98.78048780487805
21W33,24001,65-74,3310,65-74,3357,98.59994042299672
21W33,24001,75-84,2307,75-84,2366,97.50633981403212
21W33,24001,85+,1063,85+,1094,97.16636197440585
21W33,24007,0-17,686,0-17,1824,37.60964912280702
21W33,24007,35-44,1181,35-44,1261,93.6558287073751
21W33,24007,45-54,1433,45-54,1512,94.77513227513228
21W33,24007,55-64,1612,55-64,1647,97.8749241044323
21W33,24007,65-74,1212,65-74,1197,101.2531328320802
21W33,24007,75-84,693,75-84,700,99.0
21W33,24007,85+,310,85+,321,96.57320872274143
21W33,24008,0-17,401,0-17,1163,34.47979363714531
21W33,24008,35-44,774,35-44,826,93.7046004842615
21W33,24008,45-54,852,45-54,919,92.70946681175191
21W33,24008,55-64,906,55-64,929,97.52421959095803
21W33,24008,65-74,656,65-74,657,99.84779299847793
21W33,24008,75-84,433,75-84,439,98.63325740318906
21W33,24008,85+,199,85+,209,95.2153110047847
21W33,24009,0-17,702,0-17,2162,32.46993524514338
21W33,24009,35-44,1271,35-44,1319,96.36087945413192
21W33,24009,45-54,1293,45-54,1434,90.1673640167364
21W33,24009,55-64,1312,55-64,1339,97.98356982823002
21W33,24009,65-74,1004,65-74,1010,99.4059405940594
21W33,24009,75-84,601,75-84,616,97.56493506493507
21W33,24009,85+,335,85+,338,99.11242603550296
21W33,24011,0-17,748,0-17,2041,36.64870161685448
21W33,24011,35-44,1248,35-44,1314,94.9771689497717
21W33,24011,45-54,1375,45-54,1413,97.310686482661
21W33,24011,55-64,1357,55-64,1393,97.4156496769562
21W33,24011,65-74,1212,65-74,1217,99.58915365653246
21W33,24011,75-84,652,75-84,679,96.02356406480118
21W33,24011,85+,339,85+,343,98.83381924198251
21W33,24014,0-17,830,0-17,2572,32.2706065318818
21W33,24014,35-44,1526,35-44,1576,96.8274111675127
21W33,24014,45-54,1611,45-54,1747,92.21522610188896
21W33,24014,55-64,1792,55-64,1855,96.60377358490567
21W33,24014,65-74,1340,65-74,1341,99.92542878448918
21W33,24014,75-84,849,75-84,837,101.4336917562724
21W33,24014,85+,344,85+,367,93.73297002724796
21W33,24016,0-17,585,0-17,1734,33.73702422145329
21W33,24016,35-44,1048,35-44,1083,96.76823638042475
21W33,24016,45-54,1179,45-54,1249,94.39551641313051
21W33,24016,55-64,1099,55-64,1109,99.09828674481516
21W33,24016,65-74,822,65-74,821,100.12180267965896
21W33,24016,75-84,482,75-84,497,96.98189134808852
21W33,24016,85+,223,85+,238,93.69747899159664
21W33,24020,0-17,1441,0-17,4319,33.364204677008566
21W33,24020,35-44,2845,35-44,3121,91.15668055110541
21W33,24020,45-54,3052,45-54,3314,92.09414604707302
21W33,24020,55-64,3446,55-64,3643,94.59236892670876
21W33,24020,65-74,2785,65-74,2856,97.5140056022409
21W33,24020,75-84,1772,75-84,1801,98.38978345363687
21W33,24020,85+,731,85+,743,98.3849259757739
21W33,24028,0-17,392,0-17,1138,34.44639718804921
21W33,24028,35-44,758,35-44,799,94.8685857321652
21W33,24028,45-54,826,45-54,882,93.65079365079364
21W33,24028,55-64,924,55-64,926,99.78401727861771
21W33,24028,65-74,639,65-74,656,97.40853658536585
21W33,24028,75-84,400,75-84,420,95.23809523809524
21W33,24028,85+,197,85+,195,101.02564102564102
21W33,24033,0-17,1061,0-17,2873,36.93003828750435
21W33,24033,35-44,1802,35-44,1853,97.24770642201835
21W33,24033,45-54,1980,45-54,2099,94.33063363506432
21W33,24033,55-64,2107,55-64,2163,97.41100323624596
21W33,24033,65-74,1694,65-74,1667,101.61967606478704
21W33,24033,75-84,1006,75-84,1006,100.0
21W33,24033,85+,438,85+,437,100.22883295194508
21W33,24038,0-17,1477,0-17,4426,33.370989606868505
21W33,24038,35-44,2712,35-44,2798,96.92637598284489
21W33,24038,45-54,2637,45-54,2823,93.41126461211478
21W33,24038,55-64,2873,55-64,2969,96.76658807679354
21W33,24038,65-74,2191,65-74,2177,100.64308681672026
21W33,24038,75-84,1424,75-84,1433,99.37194696441033
21W33,24038,85+,689,85+,714,96.49859943977592
21W33,24041,0-17,470,0-17,1424,33.00561797752809
21W33,24041,35-44,819,35-44,863,94.90150637311703
21W33,24041,45-54,1004,45-54,1080,92.96296296296296
21W33,24041,55-64,935,55-64,990,94.44444444444444
21W33,24041,65-74,630,65-74,619,101.77705977382875
21W33,24041,75-84,356,75-84,366,97.26775956284153
21W33,24041,85+,203,85+,220,92.27272727272727
21W33,24043,0-17,714,0-17,2040,35.0
21W33,24043,35-44,1258,35-44,1284,97.97507788161994
21W33,24043,45-54,1337,45-54,1444,92.59002770083103
21W33,24043,55-64,1478,55-64,1484,99.59568733153638
21W33,24043,65-74,1050,65-74,1073,97.85647716682199
21W33,24043,75-84,659,75-84,632,104.27215189873418
21W33,24043,85+,297,85+,319,93.10344827586206
21W33,24045,0-17,674,0-17,2115,31.86761229314421
21W33,24045,35-44,1146,35-44,1271,90.1652242328875
21W33,24045,45-54,1320,45-54,1442,91.53952843273231
21W33,24045,55-64,1361,55-64,1426,95.44179523141655
21W33,24045,65-74,1008,65-74,1031,97.76915615906887
21W33,24045,75-84,582,75-84,582,100.0
21W33,24045,85+,306,85+,331,92.44712990936556
21W33,24048,0-17,843,0-17,2282,36.94127957931639
21W33,24048,35-44,1243,35-44,1339,92.83047050037341
21W33,24048,45-54,1807,45-54,1946,92.85714285714286
21W33,24048,55-64,2022,55-64,2088,96.83908045977012
21W33,24048,65-74,1720,65-74,1738,98.96432681242808
21W33,24048,75-84,973,75-84,986,98.6815415821501
21W33,24048,85+,402,85+,407,98.77149877149877
21W33,24054,0-17,460,0-17,1418,32.44005641748942
21W33,24054,35-44,920,35-44,961,95.73361082206036
21W33,24054,45-54,1057,45-54,1164,90.80756013745705
21W33,24054,55-64,1172,55-64,1180,99.32203389830508
21W33,24054,65-74,870,65-74,886,98.1941309255079
21W33,24054,75-84,604,75-84,622,97.10610932475885
21W33,24054,85+,257,85+,267,96.25468164794007
21W33,24055,0-17,1325,0-17,4319,30.678397777263257
21W33,24055,35-44,2402,35-44,2670,89.9625468164794
21W33,24055,45-54,2688,45-54,2979,90.23162134944613
21W33,24055,55-64,2648,55-64,2724,97.20998531571219
21W33,24055,65-74,1931,65-74,1972,97.920892494929
21W33,24055,75-84,1237,75-84,1256,98.48726114649682
21W33,24055,85+,643,85+,669,96.1136023916293
21W33,24059,0-17,1045,0-17,3213,32.52412075941488
21W33,24059,35-44,1920,35-44,2142,89.63585434173669
21W33,24059,45-54,2105,45-54,2276,92.48681898066783
21W33,24059,55-64,2250,55-64,2341,96.11277231952157
21W33,24059,65-74,1807,65-74,1821,99.23119165293795
21W33,24059,75-84,1015,75-84,1049,96.75881792183031
21W33,24059,85+,480,85+,506,94.86166007905139
21W33,24062,0-17,4973,0-17,17626,28.214002042437308
21W33,24062,35-44,12070,35-44,13637,88.50920290386449
21W33,24062,45-54,10472,45-54,11369,92.11012402146187
21W33,24062,55-64,10289,55-64,10923,94.19573377277305
21W33,24062,65-74,8091,65-74,8304,97.43497109826589
21W33,24062,75-84,5110,75-84,5263,97.09291278738363
21W33,24062,85+,2976,85+,3154,94.3563728598605
21W33,24066,0-17,978,0-17,2779,35.19251529327096
21W33,24066,35-44,1682,35-44,1737,96.8336211859528
21W33,24066,45-54,1860,45-54,1974,94.22492401215806
21W33,24066,55-64,2125,55-64,2183,97.34310581768209
21W33,24066,65-74,1718,65-74,1762,97.50283768444949
21W33,24066,75-84,1129,75-84,1091,103.48304307974335
21W33,24066,85+,405,85+,442,91.6289592760181
21W33,24086,0-17,813,0-17,2266,35.87819947043248
21W33,24086,35-44,1282,35-44,1362,94.12628487518356
21W33,24086,45-54,1461,45-54,1515,96.43564356435644
21W33,24086,55-64,1562,55-64,1655,94.38066465256797
21W33,24086,65-74,1271,65-74,1271,100.0
21W33,24086,75-84,794,75-84,768,103.38541666666667
21W33,24086,85+,255,85+,278,91.72661870503597
21W33,24094,0-17,1166,0-17,3420,34.09356725146199
21W33,24094,35-44,2065,35-44,2201,93.82099045888232
21W33,24094,45-54,2257,45-54,2394,94.27736006683375
21W33,24094,55-64,2472,55-64,2514,98.32935560859188
21W33,24094,65-74,1765,65-74,1757,100.45532157085943
21W33,24094,75-84,1016,75-84,1047,97.03915950334289
21W33,24094,85+,534,85+,565,94.51327433628319
21W33,24104,0-17,1328,0-17,5244,25.32418001525553
21W33,24104,35-44,2612,35-44,3044,85.80814717477004
21W33,24104,45-54,3050,45-54,3412,89.39038686987104
21W33,24104,55-64,2718,55-64,2857,95.1347567378369
21W33,24104,65-74,1927,65-74,2075,92.86746987951807
21W33,24104,75-84,1366,75-84,1454,93.9477303988996
21W33,24104,85+,660,85+,702,94.01709401709402
21W33,24107,0-17,2182,0-17,6852,31.844716870986574
21W33,24107,35-44,4259,35-44,4600,92.58695652173913
21W33,24107,45-54,4442,45-54,4775,93.0261780104712
21W33,24107,55-64,4674,55-64,4804,97.2939217318901
21W33,24107,65-74,3981,65-74,4016,99.12848605577689
21W33,24107,75-84,2498,75-84,2529,98.77421905891657
21W33,24107,85+,1140,85+,1230,92.6829268292683
21W33,24109,0-17,998,0-17,2566,38.89321901792673
21W33,24109,35-44,1676,35-44,1738,96.43268124280783
21W33,24109,45-54,2154,45-54,2356,91.42614601018676
21W33,24109,55-64,2378,55-64,2447,97.18022067838169
21W33,24109,65-74,1789,65-74,1758,101.76336746302617
21W33,24109,75-84,1050,75-84,1091,96.24197983501375
21W33,24109,85+,483,85+,472,102.33050847457628
21W33,24130,0-17,572,0-17,1565,36.54952076677316
21W33,24130,35-44,994,35-44,1079,92.12233549582947
21W33,24130,45-54,1252,45-54,1300,96.3076923076923
21W33,24130,55-64,1256,55-64,1289,97.43987587276959
21W33,24130,65-74,995,65-74,1006,98.9065606361829
21W33,24130,75-84,605,75-84,602,100.4983388704319
21W33,24130,85+,262,85+,289,90.65743944636678
21W33,24133,0-17,438,0-17,1325,33.056603773584904
21W33,24133,35-44,813,35-44,871,93.34098737083812
21W33,24133,45-54,1093,45-54,1140,95.87719298245614
21W33,24133,55-64,1031,55-64,1059,97.35599622285174
21W33,24133,65-74,778,65-74,805,96.64596273291926
21W33,24133,75-84,496,75-84,504,98.41269841269842
21W33,24133,85+,236,85+,244,96.72131147540983
21W33,24134,0-17,1388,0-17,3816,36.37316561844864
21W33,24134,35-44,2764,35-44,2977,92.8451461202553
21W33,24134,45-54,3105,45-54,3324,93.4115523465704
21W33,24134,55-64,3335,55-64,3408,97.85798122065728
21W33,24134,65-74,2890,65-74,2902,99.58649207443143
21W33,24134,75-84,1800,75-84,1888,95.33898305084746
21W33,24134,85+,803,85+,815,98.52760736196319
21W33,24135,0-17,737,0-17,2046,36.02150537634409
21W33,24135,35-44,1326,35-44,1425,93.05263157894737
21W33,24135,45-54,1473,45-54,1553,94.8486799742434
21W33,24135,55-64,1598,55-64,1674,95.4599761051374
21W33,24135,65-74,1202,65-74,1214,99.01153212520593
21W33,24135,75-84,699,75-84,691,101.15774240231549
21W33,24135,85+,299,85+,338,88.46153846153847
21W33,24137,0-17,384,0-17,990,38.78787878787879
21W33,24137,35-44,576,35-44,627,91.86602870813397
21W33,24137,45-54,787,45-54,831,94.70517448856799
21W33,24137,55-64,771,55-64,771,100.0
21W33,24137,65-74,604,65-74,607,99.50576606260296
21W33,24137,75-84,328,75-84,354,92.65536723163842
21W33,24137,85+,196,85+,189,103.70370370370371
21W33,25005,0-17,411,0-17,1576,26.078680203045685
21W33,25005,35-44,696,35-44,868,80.18433179723502
21W33,25005,45-54,878,45-54,1043,84.18024928092042
21W33,25005,55-64,988,55-64,1055,93.64928909952607
21W33,25005,65-74,719,65-74,768,93.61979166666667
21W33,25005,75-84,363,75-84,375,96.8
21W33,25005,85+,129,85+,151,85.43046357615894
21W33,25014,0-17,1872,0-17,7964,23.505775991963837
21W33,25014,35-44,4331,35-44,5079,85.27269147469974
21W33,25014,45-54,5007,45-54,5804,86.26809097174363
21W33,25014,55-64,4771,55-64,5188,91.96222050886662
21W33,25014,65-74,4133,65-74,4427,93.35893381522476
21W33,25014,75-84,2420,75-84,2589,93.47238315952104
21W33,25014,85+,943,85+,1069,88.2132834424696
21W33,25015,0-17,471,0-17,2165,21.755196304849886
21W33,25015,35-44,1060,35-44,1391,76.20416966211359
21W33,25015,45-54,1337,45-54,1600,83.5625
21W33,25015,55-64,1383,55-64,1487,93.00605245460659
21W33,25015,65-74,991,65-74,1066,92.96435272045028
21W33,25015,75-84,540,75-84,581,92.94320137693632
21W33,25015,85+,231,85+,264,87.5
21W33,25018,0-17,522,0-17,2267,23.026025584472873
21W33,25018,35-44,1009,35-44,1299,77.67513471901462
21W33,25018,45-54,1409,45-54,1751,80.46830382638493
21W33,25018,55-64,1570,55-64,1790,87.70949720670392
21W33,25018,65-74,1219,65-74,1321,92.2785768357305
21W33,25018,75-84,623,75-84,658,94.68085106382979
21W33,25018,85+,209,85+,246,84.95934959349593
21W33,25023,0-17,494,0-17,2309,21.394543092247726
21W33,25023,35-44,996,35-44,1255,79.36254980079681
21W33,25023,45-54,1320,45-54,1558,84.72400513478819
21W33,25023,55-64,1234,55-64,1408,87.64204545454545
21W33,25023,65-74,946,65-74,1047,90.35339063992359
21W33,25023,75-84,474,75-84,504,94.04761904761905
21W33,25023,85+,175,85+,211,82.93838862559242
21W33,25031,0-17,699,0-17,3348,20.878136200716845
21W33,25031,35-44,1578,35-44,2044,77.20156555772994
21W33,25031,45-54,1913,45-54,2227,85.90031432420297
21W33,25031,55-64,1898,55-64,2146,88.44361602982292
21W33,25031,65-74,1456,65-74,1576,92.38578680203045
21W33,25031,75-84,731,75-84,784,93.23979591836735
21W33,25031,85+,294,85+,366,80.32786885245902
21W33,25037,0-17,642,0-17,2844,22.573839662447256
21W33,25037,35-44,1319,35-44,1672,78.88755980861244
21W33,25037,45-54,1579,45-54,1826,86.47316538882804
21W33,25037,55-64,1854,55-64,2048,90.52734375
21W33,25037,65-74,1366,65-74,1463,93.36978810663021
21W33,25037,75-84,712,75-84,801,88.88888888888889
21W33,25037,85+,341,85+,385,88.57142857142857
21W33,25043,0-17,254,0-17,1234,20.583468395461914
21W33,25043,35-44,568,35-44,727,78.1292984869326
21W33,25043,45-54,668,45-54,805,82.98136645962732
21W33,25043,55-64,727,55-64,770,94.41558441558442
21W33,25043,65-74,470,65-74,550,85.45454545454545
21W33,25043,75-84,232,75-84,245,94.6938775510204
21W33,25043,85+,91,85+,114,79.82456140350877
21W33,25044,0-17,361,0-17,1445,24.982698961937718
21W33,25044,35-44,756,35-44,960,78.75
21W33,25044,45-54,885,45-54,1044,84.77011494252874
21W33,25044,55-64,789,55-64,895,88.15642458100558
21W33,25044,65-74,627,65-74,694,90.34582132564842
21W33,25044,75-84,355,75-84,392,90.56122448979592
21W33,25044,85+,224,85+,265,84.52830188679245
21W33,25048,0-17,724,0-17,3008,24.069148936170212
21W33,25048,35-44,1519,35-44,1816,83.6453744493392
21W33,25048,45-54,1750,45-54,2030,86.20689655172414
21W33,25048,55-64,1734,55-64,1915,90.54830287206266
21W33,25048,65-74,1391,65-74,1469,94.69026548672566
21W33,25048,75-84,711,75-84,767,92.69882659713168
21W33,25048,85+,318,85+,383,83.02872062663185
21W33,25050,0-17,308,0-17,1474,20.895522388059703
21W33,25050,35-44,730,35-44,855,85.38011695906432
21W33,25050,45-54,962,45-54,1106,86.98010849909583
21W33,25050,55-64,921,55-64,1011,91.0979228486647
21W33,25050,65-74,716,65-74,802,89.27680798004988
21W33,25050,75-84,535,75-84,581,92.08261617900172
21W33,25050,85+,252,85+,304,82.89473684210526
21W33,25068,0-17,367,0-17,1739,21.104082806210467
21W33,25068,35-44,796,35-44,990,80.4040404040404
21W33,25068,45-54,947,45-54,1082,87.52310536044362
21W33,25068,55-64,847,55-64,1000,84.7
21W33,25068,65-74,717,65-74,728,98.48901098901099
21W33,25068,75-84,298,75-84,326,91.41104294478528
21W33,25068,85+,168,85+,201,83.58208955223881
21W33,25072,0-17,1284,0-17,5451,23.555310952118877
21W33,25072,35-44,3112,35-44,3797,81.95944166447195
21W33,25072,45-54,3238,45-54,3768,85.93418259023355
21W33,25072,55-64,3315,55-64,3695,89.71583220568336
21W33,25072,65-74,3025,65-74,3287,92.02920596288409
21W33,25072,75-84,1755,75-84,1852,94.76241900647948
21W33,25072,85+,836,85+,941,88.84165781083954
21W33,25084,0-17,488,0-17,2047,23.839765510503174
21W33,25084,35-44,1023,35-44,1286,79.54898911353033
21W33,25084,45-54,1156,45-54,1347,85.82034149962881
21W33,25084,55-64,1073,55-64,1163,92.26139294926914
21W33,25084,65-74,863,65-74,905,95.35911602209944
21W33,25084,75-84,470,75-84,487,96.50924024640658
21W33,25084,85+,185,85+,195,94.87179487179488
21W33,25091,0-17,959,0-17,4632,20.703799654576855
21W33,25091,35-44,2280,35-44,2684,84.9478390461997
21W33,25091,45-54,2687,45-54,3186,84.33772755806655
21W33,25091,55-64,2750,55-64,3089,89.025574619618
21W33,25091,65-74,2273,65-74,2452,92.69983686786297
21W33,25091,75-84,1525,75-84,1649,92.48029108550637
21W33,25091,85+,736,85+,855,86.08187134502924
21W33,25105,0-17,1121,0-17,5941,18.86887729338495
21W33,25105,35-44,2840,35-44,3512,80.86560364464692
21W33,25105,45-54,3234,45-54,3788,85.37486800422387
21W33,25105,55-64,2984,55-64,3290,90.69908814589665
21W33,25105,65-74,2450,65-74,2668,91.82908545727136
21W33,25105,75-84,1349,75-84,1448,93.16298342541437
21W33,25105,85+,519,85+,632,82.12025316455696
21W33,25107,0-17,589,0-17,2419,24.348904505994213
21W33,25107,35-44,1169,35-44,1505,77.67441860465117
21W33,25107,45-54,1280,45-54,1482,86.3697705802969
21W33,25107,55-64,1291,55-64,1458,88.54595336076818
21W33,25107,65-74,965,65-74,1068,90.35580524344569
21W33,25107,75-84,442,75-84,494,89.47368421052632
21W33,25107,85+,182,85+,224,81.25
21W33,25110,0-17,1329,0-17,5844,22.741273100616016
21W33,25110,35-44,2878,35-44,3486,82.5588066551922
21W33,25110,45-54,3572,45-54,4213,84.7851887016378
21W33,25110,55-64,3715,55-64,4099,90.63186142961698
21W33,25110,65-74,3233,65-74,3592,90.00556792873051
21W33,25110,75-84,2192,75-84,2386,91.86923721709975
21W33,25110,85+,1108,85+,1223,90.59689288634506
21W33,25112,0-17,1348,0-17,6820,19.765395894428153
21W33,25112,35-44,3329,35-44,4114,80.91881380651434
21W33,25112,45-54,3977,45-54,4700,84.61702127659575
21W33,25112,55-64,4121,55-64,4628,89.04494382022472
21W33,25112,65-74,3683,65-74,3928,93.76272912423626
21W33,25112,75-84,2145,75-84,2356,91.04414261460101
21W33,25112,85+,1009,85+,1173,86.01875532821825
21W33,25117,0-17,416,0-17,1783,23.331463825014023
21W33,25117,35-44,756,35-44,978,77.30061349693251
21W33,25117,45-54,955,45-54,1095,87.21461187214612
21W33,25117,55-64,890,55-64,1039,85.65928777670837
21W33,25117,65-74,766,65-74,799,95.86983729662077
21W33,25117,75-84,311,75-84,316,98.41772151898734
21W33,25117,85+,121,85+,128,94.53125
21W33,25118,0-17,203,0-17,856,23.714953271028037
21W33,25118,35-44,381,35-44,497,76.65995975855131
21W33,25118,45-54,447,45-54,522,85.63218390804597
21W33,25118,55-64,426,55-64,453,94.03973509933775
21W33,25118,65-74,311,65-74,329,94.52887537993921
21W33,25118,75-84,153,75-84,181,84.5303867403315
21W33,25118,85+,80,85+,88,90.9090909090909
21W33,25119,0-17,609,0-17,2782,21.890726096333573
21W33,25119,35-44,1118,35-44,1475,75.79661016949153
21W33,25119,45-54,1869,45-54,2284,81.83012259194396
21W33,25119,55-64,1815,55-64,2058,88.19241982507289
21W33,25119,65-74,1547,65-74,1722,89.83739837398375
21W33,25119,75-84,918,75-84,977,93.9611054247697
21W33,25119,85+,302,85+,368,82.06521739130434
21W33,25120,0-17,478,0-17,1967,24.300965937976613
21W33,25120,35-44,953,35-44,1250,76.24
21W33,25120,45-54,1099,45-54,1294,84.93044822256569
21W33,25120,55-64,1073,55-64,1176,91.24149659863946
21W33,25120,65-74,811,65-74,905,89.61325966850829
21W33,25120,75-84,397,75-84,418,94.97607655502392
21W33,25120,85+,188,85+,219,85.84474885844749
21W33,25121,0-17,1117,0-17,5688,19.637834036568215
21W33,25121,35-44,2955,35-44,3570,82.77310924369748
21W33,25121,45-54,3030,45-54,3787,80.01056245048851
21W33,25121,55-64,3462,55-64,3961,87.40217116889674
21W33,25121,65-74,2843,65-74,3079,92.33517375771355
21W33,25121,75-84,1685,75-84,1759,95.79306424104605
21W33,25121,85+,728,85+,822,88.56447688564477
21W33,25122,0-17,336,0-17,1466,22.919508867667123
21W33,25122,35-44,688,35-44,868,79.26267281105991
21W33,25122,45-54,803,45-54,933,86.06645230439443
21W33,25122,55-64,758,55-64,866,87.52886836027713
21W33,25122,65-74,574,65-74,610,94.09836065573771
21W33,25122,75-84,265,75-84,311,85.20900321543408
21W33,25122,85+,131,85+,163,80.3680981595092
21W33,25123,0-17,584,0-17,2453,23.80758255197717
21W33,25123,35-44,1165,35-44,1510,77.1523178807947
21W33,25123,45-54,1336,45-54,1569,85.1497769279796
21W33,25123,55-64,1332,55-64,1491,89.33601609657947
21W33,25123,65-74,1058,65-74,1128,93.79432624113475
21W33,25123,75-84,483,75-84,529,91.30434782608695
21W33,25123,85+,199,85+,221,90.04524886877829
21W33,25124,0-17,448,0-17,1761,25.440090857467347
21W33,25124,35-44,815,35-44,1009,80.77304261645193
21W33,25124,45-54,973,45-54,1033,94.19167473378509
21W33,25124,55-64,833,55-64,918,90.74074074074075
21W33,25124,65-74,634,65-74,642,98.75389408099689
21W33,25124,75-84,282,75-84,316,89.24050632911393
21W33,25124,85+,139,85+,174,79.88505747126437
21W33,31003,0-17,1067,0-17,2954,36.120514556533514
21W33,31003,35-44,1949,35-44,2034,95.82104228121928
21W33,31003,45-54,1998,45-54,2107,94.82676791646891
21W33,31003,55-64,2259,55-64,2339,96.57973492945703
21W33,31003,65-74,1797,65-74,1815,99.00826446280992
21W33,31003,75-84,1049,75-84,1035,101.35265700483092
21W33,31003,85+,478,85+,533,89.68105065666042
21W33,31004,0-17,762,0-17,2664,28.603603603603602
21W33,31004,35-44,1800,35-44,2028,88.75739644970415
21W33,31004,45-54,2289,45-54,2528,90.54588607594937
21W33,31004,55-64,3457,55-64,3606,95.86799778147532
21W33,31004,65-74,3510,65-74,3540,99.15254237288136
21W33,31004,75-84,2098,75-84,2139,98.08321645628799
21W33,31004,85+,805,85+,859,93.71362048894063
21W33,31005,0-17,6309,0-17,19577,32.22659242989222
21W33,31005,35-44,12746,35-44,14136,90.16694963214488
21W33,31005,45-54,14649,45-54,16128,90.8296130952381
21W33,31005,55-64,16063,55-64,16777,95.74417357096024
21W33,31005,65-74,13553,65-74,13885,97.60893050054015
21W33,31005,75-84,9359,75-84,9720,96.28600823045268
21W33,31005,85+,4658,85+,4892,95.21668029435814
21W33,31006,0-17,625,0-17,1946,32.11716341212744
21W33,31006,35-44,1177,35-44,1203,97.83873649210308
21W33,31006,45-54,1321,45-54,1425,92.70175438596492
21W33,31006,55-64,1793,55-64,1897,94.51765946230891
21W33,31006,65-74,1342,65-74,1324,101.3595166163142
21W33,31006,75-84,739,75-84,770,95.97402597402598
21W33,31006,85+,430,85+,463,92.87257019438445
21W33,31012,0-17,900,0-17,2387,37.70423125261835
21W33,31012,35-44,1505,35-44,1603,93.88646288209607
21W33,31012,45-54,1880,45-54,2013,93.39294585196224
21W33,31012,55-64,2140,55-64,2151,99.488609948861
21W33,31012,65-74,1649,65-74,1655,99.63746223564955
21W33,31012,75-84,1087,75-84,1074,101.21042830540037
21W33,31012,85+,468,85+,474,98.73417721518987
21W33,31022,0-17,1619,0-17,4590,35.272331154684096
21W33,31022,35-44,2771,35-44,2972,93.23687752355316
21W33,31022,45-54,3130,45-54,3349,93.46073454762616
21W33,31022,55-64,3087,55-64,3143,98.21826280623608
21W33,31022,65-74,2611,65-74,2691,97.02712746191007
21W33,31022,75-84,1758,75-84,1711,102.7469316189363
21W33,31022,85+,726,85+,785,92.48407643312102
21W33,31033,0-17,1266,0-17,3785,33.44782034346103
21W33,31033,35-44,2379,35-44,2533,93.92025266482432
21W33,31033,45-54,2594,45-54,2756,94.12191582002903
21W33,31033,55-64,2858,55-64,2945,97.0458404074703
21W33,31033,65-74,2238,65-74,2275,98.37362637362638
21W33,31033,75-84,1542,75-84,1554,99.22779922779922
21W33,31033,85+,701,85+,722,97.09141274238227
21W33,31040,0-17,1492,0-17,4281,34.851670170520904
21W33,31040,35-44,2539,35-44,2709,93.72462163159838
21W33,31040,45-54,3032,45-54,3285,92.29832572298325
21W33,31040,55-64,3262,55-64,3279,99.48154925282098
21W33,31040,65-74,2496,65-74,2520,99.04761904761905
21W33,31040,75-84,1623,75-84,1659,97.83001808318264
21W33,31040,85+,656,85+,668,98.20359281437126
21W33,31042,0-17,149,0-17,435,34.252873563218394
21W33,31042,35-44,261,35-44,282,92.55319148936171
21W33,31042,45-54,381,45-54,419,90.9307875894988
21W33,31042,55-64,436,55-64,463,94.16846652267819
21W33,31042,65-74,360,65-74,370,97.29729729729729
21W33,31042,75-84,182,75-84,183,99.4535519125683
21W33,31042,85+,63,85+,59,106.77966101694915
21W33,31043,0-17,1180,0-17,3595,32.82336578581363
21W33,31043,35-44,2147,35-44,2571,83.50836250486192
21W33,31043,45-54,3928,45-54,4378,89.72133394243947
21W33,31043,55-64,5481,55-64,5846,93.7564146424906
21W33,31043,65-74,5763,65-74,6017,95.77862722286854
21W33,31043,75-84,4037,75-84,4080,98.94607843137256
21W33,31043,85+,1689,85+,1803,93.67720465890183
21W33,32003,0-17,1067,0-17,3190,33.44827586206897
21W33,32003,35-44,1810,35-44,1957,92.48850281042412
21W33,32003,45-54,2123,45-54,2333,90.99871410201457
21W33,32003,55-64,2329,55-64,2341,99.48739854762921
21W33,32003,65-74,1711,65-74,1759,97.27117680500284
21W33,32003,75-84,1249,75-84,1285,97.19844357976653
21W33,32003,85+,578,85+,610,94.75409836065573
21W33,32006,0-17,654,0-17,2063,31.701405719825498
21W33,32006,35-44,1246,35-44,1344,92.70833333333333
21W33,32006,45-54,1320,45-54,1388,95.10086455331412
21W33,32006,55-64,1266,55-64,1302,97.23502304147465
21W33,32006,65-74,886,65-74,920,96.30434782608695
21W33,32006,75-84,577,75-84,594,97.13804713804714
21W33,32006,85+,355,85+,391,90.79283887468031
21W33,32010,0-17,514,0-17,1672,30.741626794258373
21W33,32010,35-44,1046,35-44,1109,94.31920649233544
21W33,32010,45-54,1092,45-54,1153,94.70945359930616
21W33,32010,55-64,1249,55-64,1308,95.48929663608563
21W33,32010,65-74,938,65-74,915,102.51366120218579
21W33,32010,75-84,578,75-84,629,91.89189189189189
21W33,32010,85+,289,85+,329,87.8419452887538
21W33,32011,0-17,812,0-17,2474,32.821341956346
21W33,32011,35-44,1449,35-44,1549,93.54422207876048
21W33,32011,45-54,1584,45-54,1687,93.8944872554831
21W33,32011,55-64,1701,55-64,1712,99.35747663551402
21W33,32011,65-74,1357,65-74,1369,99.12344777209643
21W33,32011,75-84,860,75-84,894,96.19686800894854
21W33,32011,85+,447,85+,473,94.5031712473573
21W33,32030,0-17,203,0-17,693,29.292929292929294
21W33,32030,35-44,334,35-44,366,91.2568306010929
21W33,32030,45-54,406,45-54,450,90.22222222222223
21W33,32030,55-64,450,55-64,438,102.73972602739725
21W33,32030,65-74,279,65-74,290,96.20689655172414
21W33,32030,75-84,215,75-84,228,94.29824561403508
21W33,32030,85+,121,85+,137,88.32116788321167
21W33,33011,0-17,2060,0-17,6261,32.90209231752116
21W33,33011,35-44,3651,35-44,3956,92.29019211324571
21W33,33011,45-54,4217,45-54,4597,91.73373939525777
21W33,33011,55-64,4933,55-64,5109,96.55509884517518
21W33,33011,65-74,4012,65-74,4091,98.06893180151552
21W33,33011,75-84,2644,75-84,2701,97.88967049241022
21W33,33011,85+,1333,85+,1422,93.74120956399437
21W33,33016,0-17,77,0-17,252,30.555555555555557
21W33,33016,35-44,132,35-44,164,80.48780487804878
21W33,33016,45-54,91,45-54,101,90.0990099009901
21W33,33016,55-64,103,55-64,130,79.23076923076923
21W33,33016,65-74,97,65-74,100,97.0
21W33,33016,75-84,54,75-84,70,77.14285714285714
21W33,33016,85+,15,85+,16,93.75
21W33,33021,0-17,1334,0-17,3768,35.403397027600846
21W33,33021,35-44,2090,35-44,2313,90.35884133160398
21W33,33021,45-54,2467,45-54,2653,92.9890689785149
21W33,33021,55-64,2630,55-64,2676,98.28101644245142
21W33,33021,65-74,2254,65-74,2304,97.82986111111111
21W33,33021,75-84,1521,75-84,1553,97.93947198969737
21W33,33021,85+,690,85+,762,90.55118110236221
21W33,33029,0-17,1220,0-17,3960,30.80808080808081
21W33,33029,35-44,2121,35-44,2406,88.15461346633417
21W33,33029,45-54,2164,45-54,2390,90.5439330543933
21W33,33029,55-64,2310,55-64,2412,95.77114427860697
21W33,33029,65-74,2057,65-74,2113,97.34973970657832
21W33,33029,75-84,1306,75-84,1332,98.04804804804805
21W33,33029,85+,661,85+,697,94.83500717360114
21W33,33037,0-17,872,0-17,2533,34.4255823134623
21W33,33037,35-44,1444,35-44,1571,91.91597708465945
21W33,33037,45-54,1726,45-54,1804,95.67627494456762
21W33,33037,55-64,1616,55-64,1622,99.63008631319359
21W33,33037,65-74,1152,65-74,1188,96.96969696969697
21W33,33037,75-84,807,75-84,825,97.81818181818181
21W33,33037,85+,409,85+,428,95.5607476635514
21W33,33039,0-17,511,0-17,1545,33.07443365695793
21W33,33039,35-44,815,35-44,927,87.91801510248112
21W33,33039,45-54,1005,45-54,1118,89.89266547406082
21W33,33039,55-64,1134,55-64,1226,92.49592169657423
21W33,33039,65-74,824,65-74,863,95.48088064889919
21W33,33039,75-84,459,75-84,473,97.04016913319239
21W33,33039,85+,220,85+,253,86.95652173913044
21W33,33040,0-17,592,0-17,1577,37.53963221306278
21W33,33040,35-44,923,35-44,985,93.70558375634518
21W33,33040,45-54,1055,45-54,1105,95.47511312217195
21W33,33040,55-64,1049,55-64,1070,98.03738317757009
21W33,33040,65-74,756,65-74,743,101.74966352624496
21W33,33040,75-84,501,75-84,491,102.0366598778004
21W33,33040,85+,247,85+,279,88.5304659498208
21W33,33041,0-17,284,0-17,824,34.46601941747573
21W33,33041,35-44,412,35-44,429,96.03729603729603
21W33,33041,45-54,465,45-54,508,91.53543307086615
21W33,33041,55-64,474,55-64,473,100.21141649048626
21W33,33041,65-74,334,65-74,339,98.52507374631269
21W33,33041,75-84,236,75-84,274,86.13138686131387
21W33,33041,85+,114,85+,120,95.0
21W33,34002,0-17,1047,0-17,2937,35.648621041879466
21W33,34002,35-44,1790,35-44,1935,92.50645994832041
21W33,34002,45-54,1956,45-54,2103,93.00998573466477
21W33,34002,55-64,1896,55-64,1938,97.83281733746131
21W33,34002,65-74,1564,65-74,1543,101.36098509397279
21W33,34002,75-84,973,75-84,1005,96.81592039800995
21W33,34002,85+,448,85+,471,95.11677282377919
21W33,34003,0-17,622,0-17,1988,31.287726358148895
21W33,34003,35-44,1188,35-44,1312,90.54878048780488
21W33,34003,45-54,1267,45-54,1383,91.61243673174259
21W33,34003,55-64,1376,55-64,1403,98.07555238774056
21W33,34003,65-74,1020,65-74,1050,97.14285714285714
21W33,34003,75-84,651,75-84,647,100.61823802163833
21W33,34003,85+,361,85+,375,96.26666666666667
21W33,34009,0-17,760,0-17,2345,32.40938166311301
21W33,34009,35-44,1444,35-44,1482,97.43589743589743
21W33,34009,45-54,1497,45-54,1637,91.44777031154551
21W33,34009,55-64,1617,55-64,1611,100.37243947858472
21W33,34009,65-74,1154,65-74,1160,99.48275862068965
21W33,34009,75-84,882,75-84,905,97.45856353591161
21W33,34009,85+,358,85+,380,94.21052631578948
21W33,34013,0-17,1497,0-17,5429,27.574138883772335
21W33,34013,35-44,3303,35-44,3606,91.5973377703827
21W33,34013,45-54,3390,45-54,3689,91.89482244510708
21W33,34013,55-64,3967,55-64,4093,96.92157341803079
21W33,34013,65-74,3076,65-74,3136,98.08673469387755
21W33,34013,75-84,1918,75-84,1990,96.38190954773869
21W33,34013,85+,737,85+,800,92.125
21W33,34022,0-17,3952,0-17,14944,26.445396145610278
21W33,34022,35-44,8297,35-44,9332,88.90912987569652
21W33,34022,45-54,8418,45-54,9533,88.3037868456939
21W33,34022,55-64,9651,55-64,10214,94.48795770511063
21W33,34022,65-74,7482,65-74,7831,95.54335333929255
21W33,34022,75-84,5460,75-84,5735,95.2048823016565
21W33,34022,85+,2822,85+,3013,93.66080318619316
21W33,34023,0-17,813,0-17,2727,29.812981298129813
21W33,34023,35-44,1535,35-44,1639,93.65466748017083
21W33,34023,45-54,1679,45-54,1820,92.25274725274726
21W33,34023,55-64,1786,55-64,1832,97.48908296943232
21W33,34023,65-74,1406,65-74,1487,94.55279085406859
21W33,34023,75-84,1002,75-84,1013,98.91411648568608
21W33,34023,85+,430,85+,475,90.52631578947368
21W33,34025,0-17,364,0-17,1078,33.76623376623377
21W33,34025,35-44,676,35-44,734,92.09809264305177
21W33,34025,45-54,727,45-54,767,94.78487614080835
21W33,34025,55-64,756,55-64,782,96.67519181585678
21W33,34025,65-74,649,65-74,669,97.01046337817638
21W33,34025,75-84,449,75-84,442,101.58371040723982
21W33,34025,85+,229,85+,235,97.44680851063829
21W33,34027,0-17,1873,0-17,6895,27.164612037708483
21W33,34027,35-44,3553,35-44,4169,85.22427440633246
21W33,34027,45-54,3985,45-54,4546,87.65948086229652
21W33,34027,55-64,4141,55-64,4333,95.56888991460882
21W33,34027,65-74,3364,65-74,3560,94.49438202247191
21W33,34027,75-84,2278,75-84,2360,96.52542372881356
21W33,34027,85+,1111,85+,1204,92.27574750830564
21W33,34040,0-17,2168,0-17,6997,30.984707731885095
21W33,34040,35-44,4241,35-44,4622,91.75681523150152
21W33,34040,45-54,4766,45-54,5177,92.06103921189879
21W33,34040,55-64,5367,55-64,5510,97.40471869328493
21W33,34040,65-74,4227,65-74,4286,98.623425104993
21W33,34040,75-84,2849,75-84,2862,99.54577218728163
21W33,34040,85+,1153,85+,1185,97.29957805907173
21W33,34041,0-17,1913,0-17,6174,30.98477486232588
21W33,34041,35-44,3547,35-44,3837,92.44201198853271
21W33,34041,45-54,3804,45-54,4061,93.67150948042354
21W33,34041,55-64,4284,55-64,4425,96.8135593220339
21W33,34041,65-74,3437,65-74,3463,99.24920589084608
21W33,34041,75-84,2175,75-84,2226,97.7088948787062
21W33,34041,85+,1004,85+,1021,98.33496571988246
21W33,34042,0-17,1581,0-17,4813,32.8485352171203
21W33,34042,35-44,2923,35-44,3136,93.2079081632653
21W33,34042,45-54,3241,45-54,3511,92.30988322415266
21W33,34042,55-64,3402,55-64,3471,98.01210025929127
21W33,34042,65-74,2484,65-74,2538,97.87234042553192
21W33,34042,75-84,1729,75-84,1726,100.17381228273464
21W33,34042,85+,789,85+,818,96.45476772616136
21W33,34043,0-17,134,0-17,435,30.804597701149426
21W33,34043,35-44,195,35-44,230,84.78260869565217
21W33,34043,45-54,296,45-54,353,83.85269121813032
21W33,34043,55-64,265,55-64,280,94.64285714285714
21W33,34043,65-74,167,65-74,181,92.26519337016575
21W33,34043,75-84,91,75-84,102,89.2156862745098
21W33,34043,85+,36,85+,44,81.81818181818181
21W33,35002,0-17,1071,0-17,3241,33.04535637149028
21W33,35002,35-44,1869,35-44,2066,90.46466602129719
21W33,35002,45-54,2311,45-54,2483,93.07289569069674
21W33,35002,55-64,2829,55-64,2918,96.94996572995203
21W33,35002,65-74,2472,65-74,2457,100.61050061050061
21W33,35002,75-84,1264,75-84,1237,102.18270008084075
21W33,35002,85+,483,85+,542,89.11439114391143
21W33,35005,0-17,768,0-17,2332,32.93310463121784
21W33,35005,35-44,1351,35-44,1469,91.96732471068755
21W33,35005,45-54,1584,45-54,1787,88.64017907106883
21W33,35005,55-64,1693,55-64,1709,99.06377998829726
21W33,35005,65-74,1202,65-74,1223,98.2829108748978
21W33,35005,75-84,787,75-84,816,96.44607843137256
21W33,35005,85+,397,85+,398,99.74874371859296
21W33,35006,0-17,929,0-17,2724,34.10425844346549
21W33,35006,35-44,1639,35-44,1760,93.125
21W33,35006,45-54,1829,45-54,1968,92.9369918699187
21W33,35006,55-64,1928,55-64,2022,95.35113748763601
21W33,35006,65-74,1484,65-74,1481,100.20256583389602
21W33,35006,75-84,893,75-84,924,96.64502164502164
21W33,35006,85+,401,85+,440,91.13636363636364
21W33,35011,0-17,844,0-17,2424,34.81848184818482
21W33,35011,35-44,1597,35-44,1766,90.4303510758777
21W33,35011,45-54,2333,45-54,2522,92.50594766058684
21W33,35011,55-64,3416,55-64,3447,99.10066724688134
21W33,35011,65-74,3460,65-74,3577,96.72910259994408
21W33,35011,75-84,2138,75-84,2204,97.005444646098
21W33,35011,85+,827,85+,885,93.44632768361582
21W33,35013,0-17,3289,0-17,11226,29.2980580794584
21W33,35013,35-44,6767,35-44,7650,88.45751633986929
21W33,35013,45-54,8036,45-54,9011,89.17989124403506
21W33,35013,55-64,10001,55-64,10624,94.1359186746988
21W33,35013,65-74,9786,65-74,10269,95.29652351738241
21W33,35013,75-84,6544,75-84,6831,95.79856536378276
21W33,35013,85+,3139,85+,3336,94.0947242206235
21W33,35014,0-17,576,0-17,1732,33.25635103926097
21W33,35014,35-44,1086,35-44,1149,94.51697127937337
21W33,35014,45-54,1199,45-54,1286,93.2348367029549
21W33,35014,55-64,1378,55-64,1396,98.71060171919771
21W33,35014,65-74,1064,65-74,1084,98.1549815498155
21W33,35014,75-84,722,75-84,720,100.27777777777777
21W33,35014,85+,274,85+,304,90.13157894736842
21W33,35029,0-17,515,0-17,1537,33.50683148991542
21W33,35029,35-44,954,35-44,1100,86.72727272727273
21W33,35029,45-54,1510,45-54,1687,89.5080023710729
21W33,35029,55-64,2176,55-64,2244,96.96969696969697
21W33,35029,65-74,2289,65-74,2385,95.9748427672956
21W33,35029,75-84,1484,75-84,1437,103.27070285316631
21W33,35029,85+,535,85+,552,96.92028985507247
21W33,36006,0-17,686,0-17,1915,35.822454308093995
21W33,36006,35-44,1126,35-44,1234,91.24797406807131
21W33,36006,45-54,1393,45-54,1526,91.28440366972477
21W33,36006,55-64,1339,55-64,1378,97.16981132075472
21W33,36006,65-74,1015,65-74,1009,100.59464816650149
21W33,36006,75-84,699,75-84,703,99.43100995732574
21W33,36006,85+,322,85+,365,88.21917808219177
21W33,36007,0-17,696,0-17,2079,33.477633477633475
21W33,36007,35-44,1281,35-44,1407,91.04477611940298
21W33,36007,45-54,1475,45-54,1577,93.53202282815472
21W33,36007,55-64,1440,55-64,1459,98.69773817683345
21W33,36007,65-74,1096,65-74,1097,99.90884229717412
21W33,36007,75-84,822,75-84,850,96.70588235294117
21W33,36007,85+,382,85+,417,91.60671462829737
21W33,36008,0-17,1705,0-17,5316,32.07298720842739
21W33,36008,35-44,3277,35-44,3599,91.05307029730481
21W33,36008,45-54,3623,45-54,3870,93.61757105943153
21W33,36008,55-64,3457,55-64,3604,95.9211986681465
21W33,36008,65-74,2925,65-74,3036,96.34387351778656
21W33,36008,75-84,2110,75-84,2158,97.77571825764596
21W33,36008,85+,977,85+,1011,96.63699307616221
21W33,36010,0-17,658,0-17,1930,34.09326424870466
21W33,36010,35-44,1169,35-44,1257,92.99920445505171
21W33,36010,45-54,1226,45-54,1322,92.73827534039334
21W33,36010,55-64,1243,55-64,1250,99.44
21W33,36010,65-74,977,65-74,987,98.98682877406281
21W33,36010,75-84,701,75-84,725,96.6896551724138
21W33,36010,85+,337,85+,346,97.39884393063583
21W33,36011,0-17,547,0-17,1706,32.06330597889801
21W33,36011,35-44,1024,35-44,1106,92.58589511754069
21W33,36011,45-54,1228,45-54,1297,94.68003084040093
21W33,36011,55-64,1200,55-64,1212,99.00990099009901
21W33,36011,65-74,878,65-74,890,98.65168539325843
21W33,36011,75-84,621,75-84,616,100.81168831168831
21W33,36011,85+,267,85+,291,91.75257731958763
21W33,36012,0-17,759,0-17,2279,33.30408073716542
21W33,36012,35-44,1374,35-44,1455,94.43298969072166
21W33,36012,45-54,1401,45-54,1501,93.33777481678881
21W33,36012,55-64,1449,55-64,1459,99.31459904043865
21W33,36012,65-74,1141,65-74,1182,96.53130287648054
21W33,36012,75-84,840,75-84,886,94.80812641083521
21W33,36012,85+,399,85+,391,102.0460358056266
21W33,36015,0-17,3843,0-17,12129,31.684392777640365
21W33,36015,35-44,7275,35-44,8199,88.73033296743505
21W33,36015,45-54,7782,45-54,8545,91.07080163838502
21W33,36015,55-64,8087,55-64,8338,96.98968577596546
21W33,36015,65-74,6181,65-74,6263,98.69072329554527
21W33,36015,75-84,4385,75-84,4502,97.40115504220347
21W33,36015,85+,2014,85+,2117,95.13462446858762
21W33,36019,0-17,725,0-17,2312,31.358131487889274
21W33,36019,35-44,1344,35-44,1426,94.24964936886396
21W33,36019,45-54,1442,45-54,1568,91.96428571428571
21W33,36019,55-64,1406,55-64,1469,95.71136827773996
21W33,36019,65-74,1061,65-74,1090,97.33944954128441
21W33,36019,75-84,783,75-84,798,98.1203007518797
21W33,36019,85+,417,85+,461,90.45553145336225
21W33,37002,0-17,568,0-17,1727,32.88940359004053
21W33,37002,35-44,1019,35-44,1118,91.14490161001788
21W33,37002,45-54,1123,45-54,1245,90.20080321285141
21W33,37002,55-64,1125,55-64,1120,100.44642857142857
21W33,37002,65-74,810,65-74,808,100.24752475247524
21W33,37002,75-84,490,75-84,546,89.74358974358974
21W33,37002,85+,330,85+,344,95.93023255813954
21W33,37007,0-17,638,0-17,1928,33.09128630705394
21W33,37007,35-44,1203,35-44,1275,94.3529411764706
21W33,37007,45-54,1451,45-54,1569,92.47928616953473
21W33,37007,55-64,1522,55-64,1578,96.4512040557668
21W33,37007,65-74,1148,65-74,1162,98.79518072289157
21W33,37007,75-84,751,75-84,743,101.07671601615074
21W33,37007,85+,357,85+,384,92.96875
21W33,37010,0-17,509,0-17,1564,32.54475703324808
21W33,37010,35-44,866,35-44,964,89.83402489626556
21W33,37010,45-54,1067,45-54,1165,91.58798283261802
21W33,37010,55-64,1028,55-64,1031,99.7090203685742
21W33,37010,65-74,791,65-74,808,97.89603960396039
21W33,37010,75-84,508,75-84,530,95.84905660377359
21W33,37010,85+,198,85+,223,88.78923766816143
21W33,37011,0-17,432,0-17,1261,34.258524980174464
21W33,37011,35-44,781,35-44,841,92.86563614744352
21W33,37011,45-54,884,45-54,949,93.15068493150685
21W33,37011,55-64,901,55-64,920,97.93478260869566
21W33,37011,65-74,679,65-74,692,98.121387283237
21W33,37011,75-84,445,75-84,461,96.529284164859
21W33,37011,85+,251,85+,258,97.28682170542636
21W33,37012,0-17,318,0-17,1032,30.813953488372093
21W33,37012,35-44,604,35-44,651,92.78033794162826
21W33,37012,45-54,656,45-54,729,89.98628257887518
21W33,37012,55-64,781,55-64,805,97.01863354037268
21W33,37012,65-74,522,65-74,509,102.55402750491159
21W33,37012,75-84,333,75-84,360,92.5
21W33,37012,85+,209,85+,242,86.36363636363636
21W33,37015,0-17,1164,0-17,3824,30.439330543933053
21W33,37015,35-44,2266,35-44,2538,89.2828999211978
21W33,37015,45-54,2483,45-54,2743,90.52132701421802
21W33,37015,55-64,2774,55-64,2875,96.48695652173913
21W33,37015,65-74,2149,65-74,2192,98.03832116788321
21W33,37015,75-84,1533,75-84,1575,97.33333333333333
21W33,37015,85+,736,85+,777,94.72329472329473
21W33,37017,0-17,653,0-17,2091,31.22907699665232
21W33,37017,35-44,1223,35-44,1353,90.39172209903917
21W33,37017,45-54,1262,45-54,1369,92.18407596785975
21W33,37017,55-64,1223,55-64,1249,97.91833466773419
21W33,37017,65-74,872,65-74,900,96.88888888888889
21W33,37017,75-84,559,75-84,569,98.24253075571177
21W33,37017,85+,238,85+,264,90.15151515151516
21W33,37018,0-17,1031,0-17,2850,36.175438596491226
21W33,37018,35-44,1714,35-44,1860,92.15053763440861
21W33,37018,45-54,1983,45-54,2131,93.05490380103238
21W33,37018,55-64,1916,55-64,1872,102.35042735042735
21W33,37018,65-74,1315,65-74,1329,98.94657637321295
21W33,37018,75-84,969,75-84,970,99.89690721649484
21W33,37018,85+,533,85+,567,94.00352733686067
21W33,37020,0-17,536,0-17,1667,32.15356928614277
21W33,37020,35-44,1003,35-44,1084,92.52767527675277
21W33,37020,45-54,1099,45-54,1223,89.86099754701553
21W33,37020,55-64,1328,55-64,1337,99.32685115931189
21W33,37020,65-74,1005,65-74,1006,99.90059642147118
21W33,37020,75-84,644,75-84,672,95.83333333333333
21W33,37020,85+,371,85+,405,91.60493827160494
21W33,38002,0-17,337,0-17,1055,31.94312796208531
21W33,38002,35-44,553,35-44,600,92.16666666666667
21W33,38002,45-54,625,45-54,678,92.18289085545723
21W33,38002,55-64,639,55-64,664,96.23493975903614
21W33,38002,65-74,396,65-74,405,97.77777777777777
21W33,38002,75-84,282,75-84,303,93.06930693069307
21W33,38002,85+,178,85+,188,94.68085106382979
21W33,38008,0-17,484,0-17,1561,31.005765534913518
21W33,38008,35-44,909,35-44,1072,84.79477611940298
21W33,38008,45-54,1286,45-54,1464,87.8415300546448
21W33,38008,55-64,1752,55-64,1810,96.79558011049724
21W33,38008,65-74,1860,65-74,1972,94.32048681541582
21W33,38008,75-84,1112,75-84,1162,95.69707401032703
21W33,38008,85+,397,85+,442,89.81900452488688
21W33,38014,0-17,783,0-17,2198,35.62329390354868
21W33,38014,35-44,1303,35-44,1474,88.3989145183175
21W33,38014,45-54,2228,45-54,2522,88.34258524980174
21W33,38014,55-64,3931,55-64,4143,94.88293507120444
21W33,38014,65-74,4828,65-74,5000,96.56
21W33,38014,75-84,2818,75-84,2888,97.57617728531856
21W33,38014,85+,1005,85+,1060,94.81132075471699
21W33,38016,0-17,452,0-17,1392,32.47126436781609
21W33,38016,35-44,884,35-44,1043,84.75551294343241
21W33,38016,45-54,1225,45-54,1405,87.18861209964413
21W33,38016,55-64,1976,55-64,2048,96.484375
21W33,38016,65-74,2224,65-74,2296,96.86411149825784
21W33,38016,75-84,1313,75-84,1331,98.64763335837716
21W33,38016,85+,516,85+,542,95.20295202952029
21W33,38025,0-17,667,0-17,2061,32.36293061620572
21W33,38025,35-44,1162,35-44,1228,94.62540716612378
21W33,38025,45-54,1483,45-54,1599,92.74546591619762
21W33,38025,55-64,1700,55-64,1744,97.4770642201835
21W33,38025,65-74,1495,65-74,1497,99.86639946559787
21W33,38025,75-84,976,75-84,979,99.69356486210418
21W33,38025,85+,492,85+,519,94.79768786127168
21W33,41002,0-17,4774,0-17,17193,27.76711452335253
21W33,41002,35-44,10154,35-44,11380,89.22671353251319
21W33,41002,45-54,10912,45-54,12023,90.75937785910338
21W33,41002,55-64,11653,55-64,12177,95.696805452903
21W33,41002,65-74,8623,65-74,8724,98.84227418615315
21W33,41002,75-84,5518,75-84,5734,96.23299616323683
21W33,41002,85+,2669,85+,2875,92.83478260869565
21W33,41011,0-17,1162,0-17,4542,25.583443416996918
21W33,41011,35-44,2394,35-44,2775,86.27027027027027
21W33,41011,45-54,2709,45-54,2993,90.51119278316071
21W33,41011,55-64,2601,55-64,2736,95.0657894736842
21W33,41011,65-74,1929,65-74,1903,101.36626379400946
21W33,41011,75-84,1073,75-84,1140,94.12280701754386
21W33,41011,85+,523,85+,560,93.39285714285714
21W33,41018,0-17,2090,0-17,6366,32.830662896638394
21W33,41018,35-44,3917,35-44,4291,91.28408296434398
21W33,41018,45-54,4462,45-54,4914,90.8017908017908
21W33,41018,55-64,4662,55-64,4852,96.0840890354493
21W33,41018,65-74,3631,65-74,3733,97.2676131797482
21W33,41018,75-84,2196,75-84,2197,99.95448338643605
21W33,41018,85+,978,85+,1052,92.9657794676806
21W33,41024,0-17,1173,0-17,3480,33.706896551724135
21W33,41024,35-44,2311,35-44,2513,91.96179864703542
21W33,41024,45-54,2506,45-54,2642,94.85238455715367
21W33,41024,55-64,2771,55-64,2782,99.60460100647016
21W33,41024,65-74,1930,65-74,1941,99.4332818134982
21W33,41024,75-84,1187,75-84,1232,96.34740259740259
21W33,41024,85+,602,85+,666,90.3903903903904
21W33,41027,0-17,1151,0-17,3386,33.992911990549324
21W33,41027,35-44,2235,35-44,2440,91.59836065573771
21W33,41027,45-54,2595,45-54,2784,93.21120689655173
21W33,41027,55-64,2494,55-64,2527,98.69410368025326
21W33,41027,65-74,1889,65-74,1881,100.42530568846358
21W33,41027,75-84,1161,75-84,1177,98.64061172472387
21W33,41027,85+,541,85+,563,96.0923623445826
21W33,41034,0-17,1283,0-17,3593,35.70832173671027
21W33,41034,35-44,2302,35-44,2495,92.26452905811624
21W33,41034,45-54,2625,45-54,2737,95.9079283887468
21W33,41034,55-64,2529,55-64,2604,97.11981566820276
21W33,41034,65-74,2161,65-74,2180,99.12844036697248
21W33,41034,75-84,1274,75-84,1253,101.67597765363128
21W33,41034,85+,497,85+,558,89.06810035842294
21W33,41048,0-17,2353,0-17,7872,29.890752032520325
21W33,41048,35-44,4414,35-44,4983,88.58117599839454
21W33,41048,45-54,5191,45-54,5542,93.66654637315048
21W33,41048,55-64,5247,55-64,5490,95.57377049180327
21W33,41048,65-74,4300,65-74,4420,97.28506787330316
21W33,41048,75-84,2512,75-84,2563,98.01014436207569
21W33,41048,85+,1124,85+,1149,97.82419495213229
21W33,41063,0-17,723,0-17,1993,36.27696939287506
21W33,41063,35-44,1396,35-44,1496,93.31550802139037
21W33,41063,45-54,1558,45-54,1645,94.7112462006079
21W33,41063,55-64,1387,55-64,1389,99.85601151907848
21W33,41063,65-74,973,65-74,1000,97.3
21W33,41063,75-84,662,75-84,688,96.22093023255815
21W33,41063,85+,369,85+,372,99.19354838709677
21W33,41081,0-17,1695,0-17,4765,35.57187827911857
21W33,41081,35-44,3226,35-44,3418,94.38267992978349
21W33,41081,45-54,3648,45-54,3840,95.0
21W33,41081,55-64,3752,55-64,3892,96.40287769784173
21W33,41081,65-74,2976,65-74,2987,99.6317375292936
21W33,41081,75-84,1968,75-84,1977,99.54476479514416
21W33,41081,85+,924,85+,955,96.75392670157068
21W33,41082,0-17,1156,0-17,3601,32.10219383504582
21W33,41082,35-44,2469,35-44,2551,96.78557428459428
21W33,41082,45-54,2666,45-54,2833,94.10518884574655
21W33,41082,55-64,2927,55-64,3013,97.14570195818122
21W33,41082,65-74,2197,65-74,2196,100.0455373406193
21W33,41082,75-84,1331,75-84,1395,95.41218637992831
21W33,41082,85+,698,85+,777,89.83268983268984
21W33,42003,0-17,1051,0-17,2802,37.508922198429694
21W33,42003,35-44,1847,35-44,1950,94.71794871794872
21W33,42003,45-54,2164,45-54,2294,94.33304272013949
21W33,42003,55-64,2164,55-64,2217,97.60938204781236
21W33,42003,65-74,1712,65-74,1730,98.95953757225433
21W33,42003,75-84,981,75-84,1005,97.61194029850746
21W33,42003,85+,375,85+,387,96.89922480620154
21W33,42004,0-17,977,0-17,2812,34.74395448079659
21W33,42004,35-44,1715,35-44,1795,95.54317548746518
21W33,42004,45-54,1974,45-54,2100,94.0
21W33,42004,55-64,2071,55-64,2134,97.04779756326148
21W33,42004,65-74,1653,65-74,1683,98.2174688057041
21W33,42004,75-84,1028,75-84,1025,100.29268292682927
21W33,42004,85+,371,85+,397,93.45088161209068
21W33,42006,0-17,2860,0-17,8546,33.46594898197987
21W33,42006,35-44,5399,35-44,5786,93.31144141030073
21W33,42006,45-54,5819,45-54,6278,92.68875438037591
21W33,42006,55-64,6522,55-64,6698,97.37234995521051
21W33,42006,65-74,5094,65-74,5172,98.49187935034803
21W33,42006,75-84,2992,75-84,3086,96.95398574206092
21W33,42006,85+,1301,85+,1381,94.20709630702389
21W33,42008,0-17,1604,0-17,5007,32.03515078889555
