WEEK,NIS3,TOT,name,NIS5,POP,DEATH_PER_1000HABITANT
9,11,175,Anvers,11000,1051301,0.17
9,55,16,Soignies,55000,104533,0.15
9,56,24,Thuin,56000,91678,0.26
9,57,67,Tournai,57000,223417,0.3
9,58,45,La Louvière,58000,141060,0.32
9,61,25,Huy,61000,113409,0.22
9,62,144,Liège,62000,624422,0.23
9,63,60,Verviers,63000,287772,0.21
9,71,80,Hasselt,71000,418496,0.19
9,53,56,Mons,53000,258999,0.22
9,72,46,Maaseik,72000,251589,0.18
9,81,9,Arlon,81000,62623,0.14
9,82,6,Bastogne,82000,48413,0.12
9,83,13,Marche-en-Famenne,83000,56476,0.23
9,84,9,Neufchâteau,84000,63375,0.14
9,85,11,Virton,85000,53751,0.2
9,91,23,Dinant,91000,111008,0.21
9,92,76,Namur,92000,316962,0.24
9,93,11,Philippeville,93000,66355,0.17
9,73,32,Tongres,73000,203963,0.16
9,52,79,Charleroi,52000,396639,0.2
9,64,14,Waremme,64000,81389,0.17
9,46,45,Saint-Nicolas,46000,252523,0.18
9,51,27,Ath,51000,127915,0.21
9,13,93,Turnhout,13000,461867,0.2
9,21,188,Bruxelles-Capitale,21000,1208542,0.16
9,23,109,Hal-Vilvorde,23000,637441,0.17
9,24,93,Louvain,24000,508734,0.18
9,25,66,Nivelles,25000,403599,0.16
9,31,66,Bruges,31000,282209,0.23
9,32,6,Dixmude,32000,51525,0.12
9,33,18,Ypres,33000,106279,0.17
9,34,79,Courtrai,34000,290706,0.27
9,12,56,Malines,12000,344818,0.16
9,36,35,Roulers,36000,153315,0.23
9,37,12,Tielt,37000,92905,0.13
9,38,16,Furnes,38000,61657,0.26
9,41,69,Alost,41000,291229,0.24
9,42,34,Termonde,42000,201213,0.17
9,43,22,Eeklo,43000,85235,0.26
9,44,113,Gand,44000,560522,0.2
9,45,35,Audenarde,45000,124342,0.28
9,35,34,Ostende,35000,157200,0.22
10,53,63,Mons,53000,258999,0.24
10,63,57,Verviers,63000,287772,0.2
10,62,133,Liège,62000,624422,0.21
10,61,18,Huy,61000,113409,0.16
10,55,20,Soignies,55000,104533,0.19
10,57,62,Tournai,57000,223417,0.28
10,56,23,Thuin,56000,91678,0.25
10,64,22,Waremme,64000,81389,0.27
10,58,31,La Louvière,58000,141060,0.22
10,71,70,Hasselt,71000,418496,0.17
10,83,6,Marche-en-Famenne,83000,56476,0.11
10,73,43,Tongres,73000,203963,0.21
10,81,12,Arlon,81000,62623,0.19
10,82,10,Bastogne,82000,48413,0.21
10,84,13,Neufchâteau,84000,63375,0.21
10,85,5,Virton,85000,53751,0.09
10,91,30,Dinant,91000,111008,0.27
10,92,57,Namur,92000,316962,0.18
10,93,13,Philippeville,93000,66355,0.2
10,72,47,Maaseik,72000,251589,0.19
10,52,81,Charleroi,52000,396639,0.2
10,34,63,Courtrai,34000,290706,0.22
10,46,54,Saint-Nicolas,46000,252523,0.21
10,51,36,Ath,51000,127915,0.28
10,12,60,Malines,12000,344818,0.17
10,13,80,Turnhout,13000,461867,0.17
10,21,191,Bruxelles-Capitale,21000,1208542,0.16
10,23,100,Hal-Vilvorde,23000,637441,0.16
10,24,93,Louvain,24000,508734,0.18
10,25,64,Nivelles,25000,403599,0.16
10,31,56,Bruges,31000,282209,0.2
10,32,10,Dixmude,32000,51525,0.19
10,33,23,Ypres,33000,106279,0.22
10,11,197,Anvers,11000,1051301,0.19
10,35,34,Ostende,35000,157200,0.22
10,44,112,Gand,44000,560522,0.2
10,43,17,Eeklo,43000,85235,0.2
10,42,50,Termonde,42000,201213,0.25
10,45,24,Audenarde,45000,124342,0.19
10,38,23,Furnes,38000,61657,0.37
10,37,21,Tielt,37000,92905,0.23
10,36,30,Roulers,36000,153315,0.2
10,41,58,Alost,41000,291229,0.2
11,64,20,Waremme,64000,81389,0.25
11,55,22,Soignies,55000,104533,0.21
11,56,27,Thuin,56000,91678,0.29
11,57,37,Tournai,57000,223417,0.17
11,58,39,La Louvière,58000,141060,0.28
11,61,20,Huy,61000,113409,0.18
11,62,141,Liège,62000,624422,0.23
11,63,63,Verviers,63000,287772,0.22
11,71,74,Hasselt,71000,418496,0.18
11,83,11,Marche-en-Famenne,83000,56476,0.19
11,73,30,Tongres,73000,203963,0.15
11,81,7,Arlon,81000,62623,0.11
11,82,5,Bastogne,82000,48413,0.1
11,53,71,Mons,53000,258999,0.27
11,84,8,Neufchâteau,84000,63375,0.13
11,85,7,Virton,85000,53751,0.13
11,91,25,Dinant,91000,111008,0.23
11,92,61,Namur,92000,316962,0.19
11,93,18,Philippeville,93000,66355,0.27
11,72,36,Maaseik,72000,251589,0.14
11,52,85,Charleroi,52000,396639,0.21
11,34,52,Courtrai,34000,290706,0.18
11,46,41,Saint-Nicolas,46000,252523,0.16
11,12,63,Malines,12000,344818,0.18
11,13,85,Turnhout,13000,461867,0.18
11,21,190,Bruxelles-Capitale,21000,1208542,0.16
11,23,130,Hal-Vilvorde,23000,637441,0.2
11,24,82,Louvain,24000,508734,0.16
11,25,84,Nivelles,25000,403599,0.21
11,31,62,Bruges,31000,282209,0.22
11,32,11,Dixmude,32000,51525,0.21
11,33,24,Ypres,33000,106279,0.23
11,11,201,Anvers,11000,1051301,0.19
11,35,49,Ostende,35000,157200,0.31
11,45,20,Audenarde,45000,124342,0.16
11,44,102,Gand,44000,560522,0.18
11,43,21,Eeklo,43000,85235,0.25
11,42,34,Termonde,42000,201213,0.17
11,51,31,Ath,51000,127915,0.24
11,38,22,Furnes,38000,61657,0.36
11,37,20,Tielt,37000,92905,0.22
11,36,28,Roulers,36000,153315,0.18
11,41,66,Alost,41000,291229,0.23
12,53,105,Mons,53000,258999,0.41
12,55,23,Soignies,55000,104533,0.22
12,56,19,Thuin,56000,91678,0.21
12,57,46,Tournai,57000,223417,0.21
12,58,33,La Louvière,58000,141060,0.23
12,61,24,Huy,61000,113409,0.21
12,62,157,Liège,62000,624422,0.25
12,63,66,Verviers,63000,287772,0.23
12,64,21,Waremme,64000,81389,0.26
12,72,58,Maaseik,72000,251589,0.23
12,73,48,Tongres,73000,203963,0.24
12,81,18,Arlon,81000,62623,0.29
12,93,13,Philippeville,93000,66355,0.2
12,83,10,Marche-en-Famenne,83000,56476,0.18
12,84,16,Neufchâteau,84000,63375,0.25
12,85,15,Virton,85000,53751,0.28
12,91,20,Dinant,91000,111008,0.18
12,92,60,Namur,92000,316962,0.19
12,52,101,Charleroi,52000,396639,0.25
12,71,108,Hasselt,71000,418496,0.26
12,82,17,Bastogne,82000,48413,0.35
12,51,24,Ath,51000,127915,0.19
12,45,31,Audenarde,45000,124342,0.25
12,46,62,Saint-Nicolas,46000,252523,0.25
12,11,198,Anvers,11000,1051301,0.19
12,12,74,Malines,12000,344818,0.21
12,13,102,Turnhout,13000,461867,0.22
12,21,250,Bruxelles-Capitale,21000,1208542,0.21
12,23,122,Hal-Vilvorde,23000,637441,0.19
12,25,76,Nivelles,25000,403599,0.19
12,31,70,Bruges,31000,282209,0.25
12,32,7,Dixmude,32000,51525,0.14
12,24,113,Louvain,24000,508734,0.22
12,34,66,Courtrai,34000,290706,0.23
12,33,17,Ypres,33000,106279,0.16
12,43,10,Eeklo,43000,85235,0.12
12,42,56,Termonde,42000,201213,0.28
12,41,62,Alost,41000,291229,0.21
12,44,113,Gand,44000,560522,0.2
12,37,31,Tielt,37000,92905,0.33
12,36,33,Roulers,36000,153315,0.22
12,35,33,Ostende,35000,157200,0.21
12,38,23,Furnes,38000,61657,0.37
13,63,88,Verviers,63000,287772,0.31
13,53,158,Mons,53000,258999,0.61
13,55,26,Soignies,55000,104533,0.25
13,56,18,Thuin,56000,91678,0.2
13,57,71,Tournai,57000,223417,0.32
13,58,44,La Louvière,58000,141060,0.31
13,61,33,Huy,61000,113409,0.29
13,62,241,Liège,62000,624422,0.39
13,71,146,Hasselt,71000,418496,0.35
13,52,100,Charleroi,52000,396639,0.25
13,73,65,Tongres,73000,203963,0.32
13,81,12,Arlon,81000,62623,0.19
13,82,16,Bastogne,82000,48413,0.33
13,83,13,Marche-en-Famenne,83000,56476,0.23
13,84,16,Neufchâteau,84000,63375,0.25
13,85,14,Virton,85000,53751,0.26
13,91,26,Dinant,91000,111008,0.23
13,92,97,Namur,92000,316962,0.31
13,93,26,Philippeville,93000,66355,0.39
13,72,73,Maaseik,72000,251589,0.29
13,51,41,Ath,51000,127915,0.32
13,64,25,Waremme,64000,81389,0.31
13,45,33,Audenarde,45000,124342,0.27
13,12,82,Malines,12000,344818,0.24
13,13,130,Turnhout,13000,461867,0.28
13,21,328,Bruxelles-Capitale,21000,1208542,0.27
13,23,149,Hal-Vilvorde,23000,637441,0.23
13,24,147,Louvain,24000,508734,0.29
13,25,85,Nivelles,25000,403599,0.21
13,31,68,Bruges,31000,282209,0.24
13,32,8,Dixmude,32000,51525,0.16
13,33,30,Ypres,33000,106279,0.28
13,11,239,Anvers,11000,1051301,0.23
13,46,68,Saint-Nicolas,46000,252523,0.27
13,35,49,Ostende,35000,157200,0.31
13,36,36,Roulers,36000,153315,0.23
13,37,20,Tielt,37000,92905,0.22
13,38,22,Furnes,38000,61657,0.36
13,41,81,Alost,41000,291229,0.28
13,42,56,Termonde,42000,201213,0.28
13,43,14,Eeklo,43000,85235,0.16
13,44,103,Gand,44000,560522,0.18
13,34,89,Courtrai,34000,290706,0.31
14,63,94,Verviers,63000,287772,0.33
14,62,316,Liège,62000,624422,0.51
14,61,29,Huy,61000,113409,0.26
14,55,26,Soignies,55000,104533,0.25
14,57,76,Tournai,57000,223417,0.34
14,56,34,Thuin,56000,91678,0.37
14,64,26,Waremme,64000,81389,0.32
14,58,60,La Louvière,58000,141060,0.43
14,71,208,Hasselt,71000,418496,0.5
14,83,15,Marche-en-Famenne,83000,56476,0.27
14,73,82,Tongres,73000,203963,0.4
14,81,20,Arlon,81000,62623,0.32
14,82,21,Bastogne,82000,48413,0.43
14,84,21,Neufchâteau,84000,63375,0.33
14,85,11,Virton,85000,53751,0.2
14,91,31,Dinant,91000,111008,0.28
14,92,126,Namur,92000,316962,0.4
14,93,28,Philippeville,93000,66355,0.42
14,53,159,Mons,53000,258999,0.61
14,72,86,Maaseik,72000,251589,0.34
14,52,161,Charleroi,52000,396639,0.41
14,51,49,Ath,51000,127915,0.38
14,46,88,Saint-Nicolas,46000,252523,0.35
14,12,117,Malines,12000,344818,0.34
14,13,147,Turnhout,13000,461867,0.32
14,21,479,Bruxelles-Capitale,21000,1208542,0.4
14,23,182,Hal-Vilvorde,23000,637441,0.29
14,24,191,Louvain,24000,508734,0.38
14,25,91,Nivelles,25000,403599,0.23
14,31,103,Bruges,31000,282209,0.36
14,32,14,Dixmude,32000,51525,0.27
14,33,43,Ypres,33000,106279,0.4
14,11,269,Anvers,11000,1051301,0.26
14,35,53,Ostende,35000,157200,0.34
14,36,51,Roulers,36000,153315,0.33
14,37,27,Tielt,37000,92905,0.29
14,38,27,Furnes,38000,61657,0.44
14,41,83,Alost,41000,291229,0.28
14,42,60,Termonde,42000,201213,0.3
14,43,31,Eeklo,43000,85235,0.36
14,44,148,Gand,44000,560522,0.26
14,45,31,Audenarde,45000,124342,0.25
14,34,106,Courtrai,34000,290706,0.36
15,62,326,Liège,62000,624422,0.52
15,61,27,Huy,61000,113409,0.24
15,58,59,La Louvière,58000,141060,0.42
15,53,156,Mons,53000,258999,0.6
15,56,26,Thuin,56000,91678,0.28
15,55,24,Soignies,55000,104533,0.23
15,63,121,Verviers,63000,287772,0.42
15,57,76,Tournai,57000,223417,0.34
15,64,23,Waremme,64000,81389,0.28
15,82,18,Bastogne,82000,48413,0.37
15,72,74,Maaseik,72000,251589,0.29
15,73,95,Tongres,73000,203963,0.47
15,81,17,Arlon,81000,62623,0.27
15,83,36,Marche-en-Famenne,83000,56476,0.64
15,84,34,Neufchâteau,84000,63375,0.54
15,85,14,Virton,85000,53751,0.26
15,91,32,Dinant,91000,111008,0.29
15,92,131,Namur,92000,316962,0.41
15,52,175,Charleroi,52000,396639,0.44
15,71,195,Hasselt,71000,418496,0.47
15,51,58,Ath,51000,127915,0.45
15,93,33,Philippeville,93000,66355,0.5
15,45,40,Audenarde,45000,124342,0.32
15,11,324,Anvers,11000,1051301,0.31
15,12,105,Malines,12000,344818,0.3
15,13,127,Turnhout,13000,461867,0.27
15,21,513,Bruxelles-Capitale,21000,1208542,0.42
15,23,224,Hal-Vilvorde,23000,637441,0.35
15,24,192,Louvain,24000,508734,0.38
15,25,131,Nivelles,25000,403599,0.32
15,31,121,Bruges,31000,282209,0.43
15,32,12,Dixmude,32000,51525,0.23
15,46,86,Saint-Nicolas,46000,252523,0.34
15,34,115,Courtrai,34000,290706,0.4
15,35,66,Ostende,35000,157200,0.42
15,36,45,Roulers,36000,153315,0.29
15,37,18,Tielt,37000,92905,0.19
15,38,15,Furnes,38000,61657,0.24
15,41,103,Alost,41000,291229,0.35
15,42,73,Termonde,42000,201213,0.36
15,43,27,Eeklo,43000,85235,0.32
15,44,156,Gand,44000,560522,0.28
15,33,40,Ypres,33000,106279,0.38
16,62,257,Liège,62000,624422,0.41
16,61,28,Huy,61000,113409,0.25
16,58,52,La Louvière,58000,141060,0.37
16,53,105,Mons,53000,258999,0.41
16,56,25,Thuin,56000,91678,0.27
16,55,35,Soignies,55000,104533,0.33
16,63,130,Verviers,63000,287772,0.45
16,57,62,Tournai,57000,223417,0.28
16,64,25,Waremme,64000,81389,0.31
16,82,12,Bastogne,82000,48413,0.25
16,72,64,Maaseik,72000,251589,0.25
16,73,71,Tongres,73000,203963,0.35
16,81,15,Arlon,81000,62623,0.24
16,83,15,Marche-en-Famenne,83000,56476,0.27
16,84,25,Neufchâteau,84000,63375,0.39
16,85,15,Virton,85000,53751,0.28
16,91,35,Dinant,91000,111008,0.32
16,92,106,Namur,92000,316962,0.33
16,52,166,Charleroi,52000,396639,0.42
16,71,191,Hasselt,71000,418496,0.46
16,51,47,Ath,51000,127915,0.37
16,93,24,Philippeville,93000,66355,0.36
16,45,34,Audenarde,45000,124342,0.27
16,11,299,Anvers,11000,1051301,0.28
16,12,110,Malines,12000,344818,0.32
16,13,116,Turnhout,13000,461867,0.25
16,21,376,Bruxelles-Capitale,21000,1208542,0.31
16,23,179,Hal-Vilvorde,23000,637441,0.28
16,24,179,Louvain,24000,508734,0.35
16,25,113,Nivelles,25000,403599,0.28
16,31,104,Bruges,31000,282209,0.37
16,32,19,Dixmude,32000,51525,0.37
16,46,75,Saint-Nicolas,46000,252523,0.3
16,34,104,Courtrai,34000,290706,0.36
16,35,33,Ostende,35000,157200,0.21
16,36,36,Roulers,36000,153315,0.23
16,37,30,Tielt,37000,92905,0.32
16,38,23,Furnes,38000,61657,0.37
16,41,105,Alost,41000,291229,0.36
16,42,59,Termonde,42000,201213,0.29
16,43,28,Eeklo,43000,85235,0.33
16,44,131,Gand,44000,560522,0.23
16,33,41,Ypres,33000,106279,0.39
17,62,208,Liège,62000,624422,0.33
17,61,48,Huy,61000,113409,0.42
17,58,49,La Louvière,58000,141060,0.35
17,53,92,Mons,53000,258999,0.36
17,56,17,Thuin,56000,91678,0.19
17,55,11,Soignies,55000,104533,0.11
17,63,77,Verviers,63000,287772,0.27
17,57,45,Tournai,57000,223417,0.2
17,64,33,Waremme,64000,81389,0.41
17,82,6,Bastogne,82000,48413,0.12
17,72,78,Maaseik,72000,251589,0.31
17,73,42,Tongres,73000,203963,0.21
17,81,13,Arlon,81000,62623,0.21
17,83,9,Marche-en-Famenne,83000,56476,0.16
17,84,9,Neufchâteau,84000,63375,0.14
17,85,8,Virton,85000,53751,0.15
17,91,23,Dinant,91000,111008,0.21
17,92,93,Namur,92000,316962,0.29
17,52,121,Charleroi,52000,396639,0.31
17,71,142,Hasselt,71000,418496,0.34
17,93,23,Philippeville,93000,66355,0.35
17,51,36,Ath,51000,127915,0.28
17,45,30,Audenarde,45000,124342,0.24
17,46,72,Saint-Nicolas,46000,252523,0.29
17,11,248,Anvers,11000,1051301,0.24
17,12,84,Malines,12000,344818,0.24
17,13,92,Turnhout,13000,461867,0.2
17,21,304,Bruxelles-Capitale,21000,1208542,0.25
17,23,133,Hal-Vilvorde,23000,637441,0.21
17,25,91,Nivelles,25000,403599,0.23
17,31,106,Bruges,31000,282209,0.38
17,32,11,Dixmude,32000,51525,0.21
17,24,128,Louvain,24000,508734,0.25
17,34,68,Courtrai,34000,290706,0.23
17,33,29,Ypres,33000,106279,0.27
17,43,22,Eeklo,43000,85235,0.26
17,42,63,Termonde,42000,201213,0.31
17,41,92,Alost,41000,291229,0.32
17,44,131,Gand,44000,560522,0.23
17,37,26,Tielt,37000,92905,0.28
17,36,46,Roulers,36000,153315,0.3
17,35,46,Ostende,35000,157200,0.29
17,38,28,Furnes,38000,61657,0.45
18,63,65,Verviers,63000,287772,0.23
18,53,59,Mons,53000,258999,0.23
18,55,24,Soignies,55000,104533,0.23
18,56,19,Thuin,56000,91678,0.21
18,57,51,Tournai,57000,223417,0.23
18,58,38,La Louvière,58000,141060,0.27
18,61,22,Huy,61000,113409,0.19
18,62,149,Liège,62000,624422,0.24
18,71,92,Hasselt,71000,418496,0.22
18,52,98,Charleroi,52000,396639,0.25
18,73,56,Tongres,73000,203963,0.27
18,81,7,Arlon,81000,62623,0.11
18,82,10,Bastogne,82000,48413,0.21
18,83,13,Marche-en-Famenne,83000,56476,0.23
18,84,18,Neufchâteau,84000,63375,0.28
18,85,14,Virton,85000,53751,0.26
18,91,27,Dinant,91000,111008,0.24
18,92,64,Namur,92000,316962,0.2
18,93,22,Philippeville,93000,66355,0.33
18,72,42,Maaseik,72000,251589,0.17
18,51,29,Ath,51000,127915,0.23
18,64,11,Waremme,64000,81389,0.14
18,45,27,Audenarde,45000,124342,0.22
18,11,221,Anvers,11000,1051301,0.21
18,12,65,Malines,12000,344818,0.19
18,13,84,Turnhout,13000,461867,0.18
18,21,234,Bruxelles-Capitale,21000,1208542,0.19
18,23,99,Hal-Vilvorde,23000,637441,0.16
18,24,123,Louvain,24000,508734,0.24
18,25,72,Nivelles,25000,403599,0.18
18,31,54,Bruges,31000,282209,0.19
18,32,12,Dixmude,32000,51525,0.23
18,33,19,Ypres,33000,106279,0.18
18,46,44,Saint-Nicolas,46000,252523,0.17
18,34,72,Courtrai,34000,290706,0.25
18,35,38,Ostende,35000,157200,0.24
18,36,35,Roulers,36000,153315,0.23
18,37,16,Tielt,37000,92905,0.17
18,38,21,Furnes,38000,61657,0.34
18,41,69,Alost,41000,291229,0.24
18,42,49,Termonde,42000,201213,0.24
18,43,21,Eeklo,43000,85235,0.25
18,44,107,Gand,44000,560522,0.19
19,64,18,Waremme,64000,81389,0.22
19,63,71,Verviers,63000,287772,0.25
19,62,143,Liège,62000,624422,0.23
19,61,33,Huy,61000,113409,0.29
19,58,27,La Louvière,58000,141060,0.19
19,56,14,Thuin,56000,91678,0.15
19,55,23,Soignies,55000,104533,0.22
19,71,88,Hasselt,71000,418496,0.21
19,57,46,Tournai,57000,223417,0.21
19,72,62,Maaseik,72000,251589,0.25
19,84,13,Neufchâteau,84000,63375,0.21
19,81,4,Arlon,81000,62623,0.06
19,82,11,Bastogne,82000,48413,0.23
19,83,10,Marche-en-Famenne,83000,56476,0.18
19,53,48,Mons,53000,258999,0.19
19,85,11,Virton,85000,53751,0.2
19,91,18,Dinant,91000,111008,0.16
19,92,78,Namur,92000,316962,0.25
19,93,20,Philippeville,93000,66355,0.3
19,73,49,Tongres,73000,203963,0.24
19,52,93,Charleroi,52000,396639,0.23
19,51,25,Ath,51000,127915,0.2
19,46,44,Saint-Nicolas,46000,252523,0.17
19,11,215,Anvers,11000,1051301,0.2
19,12,59,Malines,12000,344818,0.17
19,13,111,Turnhout,13000,461867,0.24
19,21,190,Bruxelles-Capitale,21000,1208542,0.16
19,23,114,Hal-Vilvorde,23000,637441,0.18
19,24,123,Louvain,24000,508734,0.24
19,25,90,Nivelles,25000,403599,0.22
19,32,9,Dixmude,32000,51525,0.17
19,33,24,Ypres,33000,106279,0.23
19,34,55,Courtrai,34000,290706,0.19
19,31,76,Bruges,31000,282209,0.27
19,36,34,Roulers,36000,153315,0.22
19,45,21,Audenarde,45000,124342,0.17
19,35,40,Ostende,35000,157200,0.25
19,43,20,Eeklo,43000,85235,0.23
19,42,44,Termonde,42000,201213,0.22
19,44,109,Gand,44000,560522,0.19
19,41,66,Alost,41000,291229,0.23
19,38,19,Furnes,38000,61657,0.31
19,37,13,Tielt,37000,92905,0.14
20,64,22,Waremme,64000,81389,0.27
20,56,25,Thuin,56000,91678,0.27
20,57,45,Tournai,57000,223417,0.2
20,58,28,La Louvière,58000,141060,0.2
20,61,19,Huy,61000,113409,0.17
20,62,127,Liège,62000,624422,0.2
20,63,56,Verviers,63000,287772,0.19
20,55,19,Soignies,55000,104533,0.18
20,71,79,Hasselt,71000,418496,0.19
20,93,9,Philippeville,93000,66355,0.14
20,73,43,Tongres,73000,203963,0.21
20,81,9,Arlon,81000,62623,0.14
20,82,9,Bastogne,82000,48413,0.19
20,83,14,Marche-en-Famenne,83000,56476,0.25
20,84,15,Neufchâteau,84000,63375,0.24
20,85,10,Virton,85000,53751,0.19
20,91,22,Dinant,91000,111008,0.2
20,92,58,Namur,92000,316962,0.18
20,53,47,Mons,53000,258999,0.18
20,72,41,Maaseik,72000,251589,0.16
20,52,87,Charleroi,52000,396639,0.22
20,24,78,Louvain,24000,508734,0.15
20,46,33,Saint-Nicolas,46000,252523,0.13
20,11,199,Anvers,11000,1051301,0.19
20,51,19,Ath,51000,127915,0.15
20,12,68,Malines,12000,344818,0.2
20,13,95,Turnhout,13000,461867,0.21
20,21,174,Bruxelles-Capitale,21000,1208542,0.14
20,23,81,Hal-Vilvorde,23000,637441,0.13
20,31,61,Bruges,31000,282209,0.22
20,32,6,Dixmude,32000,51525,0.12
20,33,24,Ypres,33000,106279,0.23
20,25,61,Nivelles,25000,403599,0.15
20,35,39,Ostende,35000,157200,0.25
20,45,21,Audenarde,45000,124342,0.17
20,34,51,Courtrai,34000,290706,0.18
20,43,11,Eeklo,43000,85235,0.13
20,42,39,Termonde,42000,201213,0.19
20,41,62,Alost,41000,291229,0.21
20,44,81,Gand,44000,560522,0.14
20,37,16,Tielt,37000,92905,0.17
20,36,19,Roulers,36000,153315,0.12
20,38,17,Furnes,38000,61657,0.28
21,55,20,Soignies,55000,104533,0.19
21,64,12,Waremme,64000,81389,0.15
21,56,25,Thuin,56000,91678,0.27
21,57,45,Tournai,57000,223417,0.2
21,58,32,La Louvière,58000,141060,0.23
21,61,19,Huy,61000,113409,0.17
21,62,117,Liège,62000,624422,0.19
21,63,43,Verviers,63000,287772,0.15
21,71,75,Hasselt,71000,418496,0.18
21,93,12,Philippeville,93000,66355,0.18
21,73,45,Tongres,73000,203963,0.22
21,81,5,Arlon,81000,62623,0.08
21,82,13,Bastogne,82000,48413,0.27
21,83,15,Marche-en-Famenne,83000,56476,0.27
21,84,8,Neufchâteau,84000,63375,0.13
21,85,8,Virton,85000,53751,0.15
21,91,17,Dinant,91000,111008,0.15
21,92,60,Namur,92000,316962,0.19
21,53,51,Mons,53000,258999,0.2
21,72,31,Maaseik,72000,251589,0.12
21,52,84,Charleroi,52000,396639,0.21
21,24,84,Louvain,24000,508734,0.17
21,46,38,Saint-Nicolas,46000,252523,0.15
21,11,208,Anvers,11000,1051301,0.2
21,12,56,Malines,12000,344818,0.16
21,13,80,Turnhout,13000,461867,0.17
21,21,165,Bruxelles-Capitale,21000,1208542,0.14
21,23,104,Hal-Vilvorde,23000,637441,0.16
21,25,57,Nivelles,25000,403599,0.14
21,31,54,Bruges,31000,282209,0.19
21,32,14,Dixmude,32000,51525,0.27
21,33,25,Ypres,33000,106279,0.24
21,51,27,Ath,51000,127915,0.21
21,35,47,Ostende,35000,157200,0.3
21,36,27,Roulers,36000,153315,0.18
21,37,23,Tielt,37000,92905,0.25
21,38,20,Furnes,38000,61657,0.32
21,41,58,Alost,41000,291229,0.2
21,42,41,Termonde,42000,201213,0.2
21,43,14,Eeklo,43000,85235,0.16
21,44,106,Gand,44000,560522,0.19
21,45,24,Audenarde,45000,124342,0.19
21,34,62,Courtrai,34000,290706,0.21
22,62,108,Liège,62000,624422,0.17
22,61,16,Huy,61000,113409,0.14
22,58,27,La Louvière,58000,141060,0.19
22,53,45,Mons,53000,258999,0.17
22,56,15,Thuin,56000,91678,0.16
22,55,16,Soignies,55000,104533,0.15
22,63,52,Verviers,63000,287772,0.18
22,57,51,Tournai,57000,223417,0.23
22,64,11,Waremme,64000,81389,0.14
22,82,7,Bastogne,82000,48413,0.14
22,72,29,Maaseik,72000,251589,0.12
22,73,31,Tongres,73000,203963,0.15
22,81,6,Arlon,81000,62623,0.1
22,83,10,Marche-en-Famenne,83000,56476,0.18
22,84,10,Neufchâteau,84000,63375,0.16
22,85,11,Virton,85000,53751,0.2
22,91,9,Dinant,91000,111008,0.08
22,92,51,Namur,92000,316962,0.16
22,52,91,Charleroi,52000,396639,0.23
22,71,69,Hasselt,71000,418496,0.16
22,93,13,Philippeville,93000,66355,0.2
22,51,24,Ath,51000,127915,0.19
22,45,22,Audenarde,45000,124342,0.18
22,46,32,Saint-Nicolas,46000,252523,0.13
22,11,196,Anvers,11000,1051301,0.19
22,12,59,Malines,12000,344818,0.17
22,13,76,Turnhout,13000,461867,0.16
22,21,149,Bruxelles-Capitale,21000,1208542,0.12
22,23,113,Hal-Vilvorde,23000,637441,0.18
22,25,71,Nivelles,25000,403599,0.18
22,31,57,Bruges,31000,282209,0.2
22,32,10,Dixmude,32000,51525,0.19
22,24,100,Louvain,24000,508734,0.2
22,34,44,Courtrai,34000,290706,0.15
22,33,25,Ypres,33000,106279,0.24
22,43,18,Eeklo,43000,85235,0.21
22,42,39,Termonde,42000,201213,0.19
22,41,65,Alost,41000,291229,0.22
22,44,93,Gand,44000,560522,0.17
22,37,19,Tielt,37000,92905,0.2
22,36,31,Roulers,36000,153315,0.2
22,35,46,Ostende,35000,157200,0.29
22,38,11,Furnes,38000,61657,0.18
23,63,54,Verviers,63000,287772,0.19
23,53,42,Mons,53000,258999,0.16
23,55,19,Soignies,55000,104533,0.18
23,56,18,Thuin,56000,91678,0.2
23,57,50,Tournai,57000,223417,0.22
23,58,29,La Louvière,58000,141060,0.21
23,61,20,Huy,61000,113409,0.18
23,62,117,Liège,62000,624422,0.19
23,64,12,Waremme,64000,81389,0.15
23,52,70,Charleroi,52000,396639,0.18
23,72,38,Maaseik,72000,251589,0.15
23,73,29,Tongres,73000,203963,0.14
23,81,9,Arlon,81000,62623,0.14
23,82,5,Bastogne,82000,48413,0.1
23,83,13,Marche-en-Famenne,83000,56476,0.23
23,84,11,Neufchâteau,84000,63375,0.17
23,85,8,Virton,85000,53751,0.15
23,91,23,Dinant,91000,111008,0.21
23,92,52,Namur,92000,316962,0.16
23,71,49,Hasselt,71000,418496,0.12
23,93,11,Philippeville,93000,66355,0.17
23,51,16,Ath,51000,127915,0.13
23,45,26,Audenarde,45000,124342,0.21
23,11,173,Anvers,11000,1051301,0.16
23,12,48,Malines,12000,344818,0.14
23,13,87,Turnhout,13000,461867,0.19
23,21,143,Bruxelles-Capitale,21000,1208542,0.12
23,23,88,Hal-Vilvorde,23000,637441,0.14
23,24,80,Louvain,24000,508734,0.16
23,25,47,Nivelles,25000,403599,0.12
23,31,49,Bruges,31000,282209,0.17
23,32,25,Dixmude,32000,51525,0.49
23,46,43,Saint-Nicolas,46000,252523,0.17
23,34,37,Courtrai,34000,290706,0.13
23,35,34,Ostende,35000,157200,0.22
23,36,18,Roulers,36000,153315,0.12
23,37,18,Tielt,37000,92905,0.19
23,38,10,Furnes,38000,61657,0.16
23,41,37,Alost,41000,291229,0.13
23,42,34,Termonde,42000,201213,0.17
23,43,17,Eeklo,43000,85235,0.2
23,44,68,Gand,44000,560522,0.12
23,33,15,Ypres,33000,106279,0.14
24,63,46,Verviers,63000,287772,0.16
24,62,103,Liège,62000,624422,0.16
24,61,21,Huy,61000,113409,0.19
24,55,19,Soignies,55000,104533,0.18
24,57,40,Tournai,57000,223417,0.18
24,56,15,Thuin,56000,91678,0.16
24,64,14,Waremme,64000,81389,0.17
24,58,29,La Louvière,58000,141060,0.21
24,71,80,Hasselt,71000,418496,0.19
24,83,8,Marche-en-Famenne,83000,56476,0.14
24,73,40,Tongres,73000,203963,0.2
24,81,10,Arlon,81000,62623,0.16
24,82,7,Bastogne,82000,48413,0.14
24,84,11,Neufchâteau,84000,63375,0.17
24,85,9,Virton,85000,53751,0.17
24,91,16,Dinant,91000,111008,0.14
24,92,55,Namur,92000,316962,0.17
24,93,8,Philippeville,93000,66355,0.12
24,53,61,Mons,53000,258999,0.24
24,72,35,Maaseik,72000,251589,0.14
24,52,78,Charleroi,52000,396639,0.2
24,51,19,Ath,51000,127915,0.15
24,46,43,Saint-Nicolas,46000,252523,0.17
24,12,71,Malines,12000,344818,0.21
24,13,58,Turnhout,13000,461867,0.13
24,21,141,Bruxelles-Capitale,21000,1208542,0.12
24,23,108,Hal-Vilvorde,23000,637441,0.17
24,24,72,Louvain,24000,508734,0.14
24,25,64,Nivelles,25000,403599,0.16
24,31,49,Bruges,31000,282209,0.17
24,32,12,Dixmude,32000,51525,0.23
24,33,20,Ypres,33000,106279,0.19
24,11,170,Anvers,11000,1051301,0.16
24,35,31,Ostende,35000,157200,0.2
24,36,26,Roulers,36000,153315,0.17
24,37,20,Tielt,37000,92905,0.22
24,38,12,Furnes,38000,61657,0.19
24,41,47,Alost,41000,291229,0.16
24,42,33,Termonde,42000,201213,0.16
24,43,13,Eeklo,43000,85235,0.15
24,44,109,Gand,44000,560522,0.19
24,45,19,Audenarde,45000,124342,0.15
24,34,51,Courtrai,34000,290706,0.18
25,62,102,Liège,62000,624422,0.16
25,61,14,Huy,61000,113409,0.12
25,58,27,La Louvière,58000,141060,0.19
25,53,45,Mons,53000,258999,0.17
25,56,14,Thuin,56000,91678,0.15
25,55,19,Soignies,55000,104533,0.18
25,63,57,Verviers,63000,287772,0.2
25,57,45,Tournai,57000,223417,0.2
25,64,15,Waremme,64000,81389,0.18
25,82,6,Bastogne,82000,48413,0.12
25,72,31,Maaseik,72000,251589,0.12
25,73,37,Tongres,73000,203963,0.18
25,81,10,Arlon,81000,62623,0.16
25,83,5,Marche-en-Famenne,83000,56476,0.09
25,84,3,Neufchâteau,84000,63375,0.05
25,85,6,Virton,85000,53751,0.11
25,91,22,Dinant,91000,111008,0.2
25,92,40,Namur,92000,316962,0.13
25,52,63,Charleroi,52000,396639,0.16
25,71,64,Hasselt,71000,418496,0.15
25,51,22,Ath,51000,127915,0.17
25,93,12,Philippeville,93000,66355,0.18
25,45,27,Audenarde,45000,124342,0.22
25,11,151,Anvers,11000,1051301,0.14
25,12,54,Malines,12000,344818,0.16
25,13,61,Turnhout,13000,461867,0.13
25,21,149,Bruxelles-Capitale,21000,1208542,0.12
25,23,88,Hal-Vilvorde,23000,637441,0.14
25,24,83,Louvain,24000,508734,0.16
25,25,73,Nivelles,25000,403599,0.18
25,31,42,Bruges,31000,282209,0.15
25,32,10,Dixmude,32000,51525,0.19
25,46,46,Saint-Nicolas,46000,252523,0.18
25,34,46,Courtrai,34000,290706,0.16
25,35,36,Ostende,35000,157200,0.23
25,36,33,Roulers,36000,153315,0.22
25,37,18,Tielt,37000,92905,0.19
25,38,15,Furnes,38000,61657,0.24
25,41,50,Alost,41000,291229,0.17
25,42,41,Termonde,42000,201213,0.2
25,43,21,Eeklo,43000,85235,0.25
25,44,90,Gand,44000,560522,0.16
25,33,21,Ypres,33000,106279,0.2
26,62,131,Liège,62000,624422,0.21
26,61,19,Huy,61000,113409,0.17
26,58,27,La Louvière,58000,141060,0.19
26,53,47,Mons,53000,258999,0.18
26,56,20,Thuin,56000,91678,0.22
26,55,22,Soignies,55000,104533,0.21
26,63,54,Verviers,63000,287772,0.19
26,57,59,Tournai,57000,223417,0.26
26,64,17,Waremme,64000,81389,0.21
26,82,9,Bastogne,82000,48413,0.19
26,72,32,Maaseik,72000,251589,0.13
26,73,41,Tongres,73000,203963,0.2
26,81,9,Arlon,81000,62623,0.14
26,83,7,Marche-en-Famenne,83000,56476,0.12
26,84,14,Neufchâteau,84000,63375,0.22
26,85,6,Virton,85000,53751,0.11
26,91,17,Dinant,91000,111008,0.15
26,92,69,Namur,92000,316962,0.22
26,52,64,Charleroi,52000,396639,0.16
26,71,71,Hasselt,71000,418496,0.17
26,51,18,Ath,51000,127915,0.14
26,93,10,Philippeville,93000,66355,0.15
26,45,18,Audenarde,45000,124342,0.14
26,11,160,Anvers,11000,1051301,0.15
26,12,68,Malines,12000,344818,0.2
26,13,76,Turnhout,13000,461867,0.16
26,21,162,Bruxelles-Capitale,21000,1208542,0.13
26,23,99,Hal-Vilvorde,23000,637441,0.16
26,24,66,Louvain,24000,508734,0.13
26,25,68,Nivelles,25000,403599,0.17
26,31,54,Bruges,31000,282209,0.19
26,32,11,Dixmude,32000,51525,0.21
26,46,51,Saint-Nicolas,46000,252523,0.2
26,34,48,Courtrai,34000,290706,0.17
26,35,43,Ostende,35000,157200,0.27
26,36,27,Roulers,36000,153315,0.18
26,37,15,Tielt,37000,92905,0.16
26,38,11,Furnes,38000,61657,0.18
26,41,57,Alost,41000,291229,0.2
26,42,48,Termonde,42000,201213,0.24
26,43,14,Eeklo,43000,85235,0.16
26,44,78,Gand,44000,560522,0.14
26,33,23,Ypres,33000,106279,0.22
27,62,87,Liège,62000,624422,0.14
27,61,13,Huy,61000,113409,0.11
27,58,22,La Louvière,58000,141060,0.16
27,53,40,Mons,53000,258999,0.15
27,56,17,Thuin,56000,91678,0.19
27,55,14,Soignies,55000,104533,0.13
27,63,48,Verviers,63000,287772,0.17
27,57,27,Tournai,57000,223417,0.12
27,64,13,Waremme,64000,81389,0.16
27,82,8,Bastogne,82000,48413,0.17
27,72,31,Maaseik,72000,251589,0.12
27,73,26,Tongres,73000,203963,0.13
27,81,8,Arlon,81000,62623,0.13
27,83,13,Marche-en-Famenne,83000,56476,0.23
27,84,8,Neufchâteau,84000,63375,0.13
27,85,8,Virton,85000,53751,0.15
27,91,21,Dinant,91000,111008,0.19
27,92,62,Namur,92000,316962,0.2
27,52,70,Charleroi,52000,396639,0.18
27,71,61,Hasselt,71000,418496,0.15
27,93,14,Philippeville,93000,66355,0.21
27,51,20,Ath,51000,127915,0.16
27,45,9,Audenarde,45000,124342,0.07
27,46,34,Saint-Nicolas,46000,252523,0.13
27,11,177,Anvers,11000,1051301,0.17
27,12,54,Malines,12000,344818,0.16
27,13,69,Turnhout,13000,461867,0.15
27,21,141,Bruxelles-Capitale,21000,1208542,0.12
27,23,99,Hal-Vilvorde,23000,637441,0.16
27,25,60,Nivelles,25000,403599,0.15
27,31,46,Bruges,31000,282209,0.16
27,32,8,Dixmude,32000,51525,0.16
27,24,75,Louvain,24000,508734,0.15
27,34,51,Courtrai,34000,290706,0.18
27,33,19,Ypres,33000,106279,0.18
27,43,13,Eeklo,43000,85235,0.15
27,42,27,Termonde,42000,201213,0.13
27,41,65,Alost,41000,291229,0.22
27,44,95,Gand,44000,560522,0.17
27,37,18,Tielt,37000,92905,0.19
27,36,19,Roulers,36000,153315,0.12
27,35,42,Ostende,35000,157200,0.27
27,38,12,Furnes,38000,61657,0.19
28,64,13,Waremme,64000,81389,0.16
28,55,15,Soignies,55000,104533,0.14
28,56,15,Thuin,56000,91678,0.16
28,57,37,Tournai,57000,223417,0.17
28,58,27,La Louvière,58000,141060,0.19
28,61,14,Huy,61000,113409,0.12
28,62,128,Liège,62000,624422,0.2
28,63,34,Verviers,63000,287772,0.12
28,71,39,Hasselt,71000,418496,0.09
28,53,39,Mons,53000,258999,0.15
28,73,27,Tongres,73000,203963,0.13
28,81,6,Arlon,81000,62623,0.1
28,82,9,Bastogne,82000,48413,0.19
28,83,9,Marche-en-Famenne,83000,56476,0.16
28,84,5,Neufchâteau,84000,63375,0.08
28,85,6,Virton,85000,53751,0.11
28,91,16,Dinant,91000,111008,0.14
28,92,54,Namur,92000,316962,0.17
28,93,15,Philippeville,93000,66355,0.23
28,72,29,Maaseik,72000,251589,0.12
28,52,80,Charleroi,52000,396639,0.2
28,51,20,Ath,51000,127915,0.16
28,46,36,Saint-Nicolas,46000,252523,0.14
28,12,58,Malines,12000,344818,0.17
28,13,64,Turnhout,13000,461867,0.14
28,21,125,Bruxelles-Capitale,21000,1208542,0.1
28,23,73,Hal-Vilvorde,23000,637441,0.11
28,24,62,Louvain,24000,508734,0.12
28,25,65,Nivelles,25000,403599,0.16
28,31,58,Bruges,31000,282209,0.21
28,32,6,Dixmude,32000,51525,0.12
28,33,19,Ypres,33000,106279,0.18
28,11,144,Anvers,11000,1051301,0.14
28,35,42,Ostende,35000,157200,0.27
28,36,27,Roulers,36000,153315,0.18
28,37,16,Tielt,37000,92905,0.17
28,38,14,Furnes,38000,61657,0.23
28,41,51,Alost,41000,291229,0.18
28,42,28,Termonde,42000,201213,0.14
28,43,17,Eeklo,43000,85235,0.2
28,44,77,Gand,44000,560522,0.14
28,45,18,Audenarde,45000,124342,0.14
28,34,41,Courtrai,34000,290706,0.14
29,63,45,Verviers,63000,287772,0.16
29,62,118,Liège,62000,624422,0.19
29,61,22,Huy,61000,113409,0.19
29,55,19,Soignies,55000,104533,0.18
29,57,41,Tournai,57000,223417,0.18
29,56,13,Thuin,56000,91678,0.14
29,64,5,Waremme,64000,81389,0.06
29,58,22,La Louvière,58000,141060,0.16
29,71,57,Hasselt,71000,418496,0.14
29,83,11,Marche-en-Famenne,83000,56476,0.19
29,73,27,Tongres,73000,203963,0.13
29,81,9,Arlon,81000,62623,0.14
29,82,3,Bastogne,82000,48413,0.06
29,84,9,Neufchâteau,84000,63375,0.14
29,85,7,Virton,85000,53751,0.13
29,91,25,Dinant,91000,111008,0.23
29,92,46,Namur,92000,316962,0.15
29,93,16,Philippeville,93000,66355,0.24
29,53,47,Mons,53000,258999,0.18
29,72,38,Maaseik,72000,251589,0.15
29,52,65,Charleroi,52000,396639,0.16
29,51,27,Ath,51000,127915,0.21
29,46,45,Saint-Nicolas,46000,252523,0.18
29,12,52,Malines,12000,344818,0.15
29,13,68,Turnhout,13000,461867,0.15
29,21,137,Bruxelles-Capitale,21000,1208542,0.11
29,23,118,Hal-Vilvorde,23000,637441,0.19
29,24,86,Louvain,24000,508734,0.17
29,25,59,Nivelles,25000,403599,0.15
29,31,54,Bruges,31000,282209,0.19
29,32,12,Dixmude,32000,51525,0.23
29,33,22,Ypres,33000,106279,0.21
29,11,174,Anvers,11000,1051301,0.17
29,35,27,Ostende,35000,157200,0.17
29,36,29,Roulers,36000,153315,0.19
29,37,11,Tielt,37000,92905,0.12
29,38,17,Furnes,38000,61657,0.28
29,41,58,Alost,41000,291229,0.2
29,42,38,Termonde,42000,201213,0.19
29,43,16,Eeklo,43000,85235,0.19
29,44,67,Gand,44000,560522,0.12
29,45,32,Audenarde,45000,124342,0.26
29,34,51,Courtrai,34000,290706,0.18
30,62,110,Liège,62000,624422,0.18
30,61,24,Huy,61000,113409,0.21
30,58,30,La Louvière,58000,141060,0.21
30,53,46,Mons,53000,258999,0.18
30,56,18,Thuin,56000,91678,0.2
30,55,23,Soignies,55000,104533,0.22
30,63,40,Verviers,63000,287772,0.14
30,57,36,Tournai,57000,223417,0.16
30,64,12,Waremme,64000,81389,0.15
30,82,9,Bastogne,82000,48413,0.19
30,72,27,Maaseik,72000,251589,0.11
30,73,35,Tongres,73000,203963,0.17
30,81,15,Arlon,81000,62623,0.24
30,83,11,Marche-en-Famenne,83000,56476,0.19
30,84,17,Neufchâteau,84000,63375,0.27
30,85,6,Virton,85000,53751,0.11
30,91,28,Dinant,91000,111008,0.25
30,92,55,Namur,92000,316962,0.17
30,52,54,Charleroi,52000,396639,0.14
30,71,60,Hasselt,71000,418496,0.14
30,51,28,Ath,51000,127915,0.22
30,93,10,Philippeville,93000,66355,0.15
30,45,24,Audenarde,45000,124342,0.19
30,11,151,Anvers,11000,1051301,0.14
30,12,45,Malines,12000,344818,0.13
30,13,73,Turnhout,13000,461867,0.16
30,21,157,Bruxelles-Capitale,21000,1208542,0.13
30,23,86,Hal-Vilvorde,23000,637441,0.13
30,24,71,Louvain,24000,508734,0.14
30,25,52,Nivelles,25000,403599,0.13
30,31,59,Bruges,31000,282209,0.21
30,32,5,Dixmude,32000,51525,0.1
30,46,42,Saint-Nicolas,46000,252523,0.17
30,34,55,Courtrai,34000,290706,0.19
30,35,29,Ostende,35000,157200,0.18
30,36,21,Roulers,36000,153315,0.14
30,37,9,Tielt,37000,92905,0.1
30,38,16,Furnes,38000,61657,0.26
30,41,50,Alost,41000,291229,0.17
30,42,25,Termonde,42000,201213,0.12
30,43,21,Eeklo,43000,85235,0.25
30,44,95,Gand,44000,560522,0.17
30,33,20,Ypres,33000,106279,0.19
31,62,119,Liège,62000,624422,0.19
31,61,19,Huy,61000,113409,0.17
31,58,37,La Louvière,58000,141060,0.26
31,53,49,Mons,53000,258999,0.19
31,56,9,Thuin,56000,91678,0.1
31,55,16,Soignies,55000,104533,0.15
31,63,56,Verviers,63000,287772,0.19
31,57,44,Tournai,57000,223417,0.2
31,64,21,Waremme,64000,81389,0.26
31,82,5,Bastogne,82000,48413,0.1
31,72,39,Maaseik,72000,251589,0.16
31,73,45,Tongres,73000,203963,0.22
31,81,9,Arlon,81000,62623,0.14
31,83,7,Marche-en-Famenne,83000,56476,0.12
31,84,8,Neufchâteau,84000,63375,0.13
31,85,11,Virton,85000,53751,0.2
31,91,21,Dinant,91000,111008,0.19
31,92,59,Namur,92000,316962,0.19
31,52,72,Charleroi,52000,396639,0.18
31,71,55,Hasselt,71000,418496,0.13
31,51,22,Ath,51000,127915,0.17
31,93,9,Philippeville,93000,66355,0.14
31,45,30,Audenarde,45000,124342,0.24
31,11,191,Anvers,11000,1051301,0.18
31,12,72,Malines,12000,344818,0.21
31,13,79,Turnhout,13000,461867,0.17
31,21,133,Bruxelles-Capitale,21000,1208542,0.11
31,23,83,Hal-Vilvorde,23000,637441,0.13
31,24,78,Louvain,24000,508734,0.15
31,25,62,Nivelles,25000,403599,0.15
31,31,51,Bruges,31000,282209,0.18
31,32,7,Dixmude,32000,51525,0.14
31,46,52,Saint-Nicolas,46000,252523,0.21
31,34,46,Courtrai,34000,290706,0.16
31,35,37,Ostende,35000,157200,0.24
31,36,25,Roulers,36000,153315,0.16
31,37,17,Tielt,37000,92905,0.18
31,38,15,Furnes,38000,61657,0.24
31,41,58,Alost,41000,291229,0.2
31,42,33,Termonde,42000,201213,0.16
31,43,20,Eeklo,43000,85235,0.23
31,44,89,Gand,44000,560522,0.16
31,33,28,Ypres,33000,106279,0.26
32,62,129,Liège,62000,624422,0.21
32,61,15,Huy,61000,113409,0.13
32,58,29,La Louvière,58000,141060,0.21
32,53,53,Mons,53000,258999,0.2
32,56,18,Thuin,56000,91678,0.2
32,55,16,Soignies,55000,104533,0.15
32,63,51,Verviers,63000,287772,0.18
32,57,56,Tournai,57000,223417,0.25
32,64,11,Waremme,64000,81389,0.14
32,82,5,Bastogne,82000,48413,0.1
32,72,39,Maaseik,72000,251589,0.16
32,73,34,Tongres,73000,203963,0.17
32,81,7,Arlon,81000,62623,0.11
32,83,13,Marche-en-Famenne,83000,56476,0.23
32,84,11,Neufchâteau,84000,63375,0.17
32,85,11,Virton,85000,53751,0.2
32,91,17,Dinant,91000,111008,0.15
32,92,55,Namur,92000,316962,0.17
32,52,91,Charleroi,52000,396639,0.23
32,71,54,Hasselt,71000,418496,0.13
32,93,15,Philippeville,93000,66355,0.23
32,51,24,Ath,51000,127915,0.19
32,45,26,Audenarde,45000,124342,0.21
32,46,39,Saint-Nicolas,46000,252523,0.15
32,11,206,Anvers,11000,1051301,0.2
32,12,64,Malines,12000,344818,0.19
32,13,71,Turnhout,13000,461867,0.15
32,21,156,Bruxelles-Capitale,21000,1208542,0.13
32,23,99,Hal-Vilvorde,23000,637441,0.16
32,25,73,Nivelles,25000,403599,0.18
32,31,40,Bruges,31000,282209,0.14
32,32,9,Dixmude,32000,51525,0.17
32,24,91,Louvain,24000,508734,0.18
32,34,66,Courtrai,34000,290706,0.23
32,33,31,Ypres,33000,106279,0.29
32,43,15,Eeklo,43000,85235,0.18
32,42,41,Termonde,42000,201213,0.2
32,41,53,Alost,41000,291229,0.18
32,44,87,Gand,44000,560522,0.16
32,37,17,Tielt,37000,92905,0.18
32,36,20,Roulers,36000,153315,0.13
32,35,48,Ostende,35000,157200,0.31
32,38,25,Furnes,38000,61657,0.41
33,64,22,Waremme,64000,81389,0.27
33,55,32,Soignies,55000,104533,0.31
33,56,24,Thuin,56000,91678,0.26
33,57,76,Tournai,57000,223417,0.34
33,58,40,La Louvière,58000,141060,0.28
33,61,23,Huy,61000,113409,0.2
33,62,182,Liège,62000,624422,0.29
33,63,51,Verviers,63000,287772,0.18
33,71,74,Hasselt,71000,418496,0.18
33,53,90,Mons,53000,258999,0.35
33,73,40,Tongres,73000,203963,0.2
33,81,11,Arlon,81000,62623,0.18
33,82,6,Bastogne,82000,48413,0.12
33,83,14,Marche-en-Famenne,83000,56476,0.25
33,84,8,Neufchâteau,84000,63375,0.13
33,85,7,Virton,85000,53751,0.13
33,91,21,Dinant,91000,111008,0.19
33,92,75,Namur,92000,316962,0.24
33,93,18,Philippeville,93000,66355,0.27
33,72,38,Maaseik,72000,251589,0.15
33,52,124,Charleroi,52000,396639,0.31
33,51,38,Ath,51000,127915,0.3
33,46,51,Saint-Nicolas,46000,252523,0.2
33,12,94,Malines,12000,344818,0.27
33,13,90,Turnhout,13000,461867,0.19
33,21,250,Bruxelles-Capitale,21000,1208542,0.21
33,23,163,Hal-Vilvorde,23000,637441,0.26
33,24,121,Louvain,24000,508734,0.24
33,25,99,Nivelles,25000,403599,0.25
33,31,54,Bruges,31000,282209,0.19
33,32,10,Dixmude,32000,51525,0.19
33,33,34,Ypres,33000,106279,0.32
33,11,315,Anvers,11000,1051301,0.3
33,35,45,Ostende,35000,157200,0.29
33,36,48,Roulers,36000,153315,0.31
33,37,34,Tielt,37000,92905,0.37
33,38,21,Furnes,38000,61657,0.34
33,41,78,Alost,41000,291229,0.27
33,42,40,Termonde,42000,201213,0.2
33,43,22,Eeklo,43000,85235,0.26
33,44,138,Gand,44000,560522,0.25
33,45,37,Audenarde,45000,124342,0.3
33,34,111,Courtrai,34000,290706,0.38
34,63,45,Verviers,63000,287772,0.16
34,62,136,Liège,62000,624422,0.22
34,61,27,Huy,61000,113409,0.24
34,55,22,Soignies,55000,104533,0.21
34,57,58,Tournai,57000,223417,0.26
34,56,18,Thuin,56000,91678,0.2
34,64,13,Waremme,64000,81389,0.16
34,58,27,La Louvière,58000,141060,0.19
34,71,66,Hasselt,71000,418496,0.16
34,83,13,Marche-en-Famenne,83000,56476,0.23
34,73,36,Tongres,73000,203963,0.18
34,81,6,Arlon,81000,62623,0.1
34,82,12,Bastogne,82000,48413,0.25
34,84,19,Neufchâteau,84000,63375,0.3
34,85,16,Virton,85000,53751,0.3
34,91,24,Dinant,91000,111008,0.22
34,92,74,Namur,92000,316962,0.23
34,93,9,Philippeville,93000,66355,0.14
34,53,43,Mons,53000,258999,0.17
34,72,30,Maaseik,72000,251589,0.12
34,52,85,Charleroi,52000,396639,0.21
34,51,20,Ath,51000,127915,0.16
34,46,33,Saint-Nicolas,46000,252523,0.13
34,12,70,Malines,12000,344818,0.2
34,13,88,Turnhout,13000,461867,0.19
34,21,199,Bruxelles-Capitale,21000,1208542,0.16
34,23,98,Hal-Vilvorde,23000,637441,0.15
34,24,109,Louvain,24000,508734,0.21
34,25,64,Nivelles,25000,403599,0.16
34,31,58,Bruges,31000,282209,0.21
34,32,8,Dixmude,32000,51525,0.16
34,33,28,Ypres,33000,106279,0.26
34,11,224,Anvers,11000,1051301,0.21
34,35,40,Ostende,35000,157200,0.25
34,36,33,Roulers,36000,153315,0.22
34,37,23,Tielt,37000,92905,0.25
34,38,16,Furnes,38000,61657,0.26
34,41,49,Alost,41000,291229,0.17
34,42,36,Termonde,42000,201213,0.18
34,43,20,Eeklo,43000,85235,0.23
34,44,109,Gand,44000,560522,0.19
34,45,35,Audenarde,45000,124342,0.28
34,34,56,Courtrai,34000,290706,0.19
35,62,123,Liège,62000,624422,0.2
35,61,19,Huy,61000,113409,0.17
35,58,30,La Louvière,58000,141060,0.21
35,53,56,Mons,53000,258999,0.22
35,56,13,Thuin,56000,91678,0.14
35,55,17,Soignies,55000,104533,0.16
35,63,47,Verviers,63000,287772,0.16
35,57,45,Tournai,57000,223417,0.2
35,64,15,Waremme,64000,81389,0.18
35,82,3,Bastogne,82000,48413,0.06
35,72,31,Maaseik,72000,251589,0.12
35,73,34,Tongres,73000,203963,0.17
35,81,9,Arlon,81000,62623,0.14
35,83,11,Marche-en-Famenne,83000,56476,0.19
35,84,8,Neufchâteau,84000,63375,0.13
35,85,9,Virton,85000,53751,0.17
35,91,14,Dinant,91000,111008,0.13
35,92,75,Namur,92000,316962,0.24
35,52,87,Charleroi,52000,396639,0.22
35,71,55,Hasselt,71000,418496,0.13
35,51,19,Ath,51000,127915,0.15
35,93,9,Philippeville,93000,66355,0.14
35,45,25,Audenarde,45000,124342,0.2
35,11,160,Anvers,11000,1051301,0.15
35,12,67,Malines,12000,344818,0.19
35,13,71,Turnhout,13000,461867,0.15
35,21,124,Bruxelles-Capitale,21000,1208542,0.1
35,23,96,Hal-Vilvorde,23000,637441,0.15
35,24,74,Louvain,24000,508734,0.15
35,25,62,Nivelles,25000,403599,0.15
35,31,41,Bruges,31000,282209,0.15
35,32,6,Dixmude,32000,51525,0.12
35,46,40,Saint-Nicolas,46000,252523,0.16
35,34,52,Courtrai,34000,290706,0.18
35,35,31,Ostende,35000,157200,0.2
35,36,24,Roulers,36000,153315,0.16
35,37,17,Tielt,37000,92905,0.18
35,38,19,Furnes,38000,61657,0.31
35,41,44,Alost,41000,291229,0.15
35,42,38,Termonde,42000,201213,0.19
35,43,19,Eeklo,43000,85235,0.22
35,44,101,Gand,44000,560522,0.18
35,33,24,Ypres,33000,106279,0.23
36,62,116,Liège,62000,624422,0.19
36,61,26,Huy,61000,113409,0.23
36,58,21,La Louvière,58000,141060,0.15
36,53,56,Mons,53000,258999,0.22
36,56,12,Thuin,56000,91678,0.13
36,55,11,Soignies,55000,104533,0.11
36,63,55,Verviers,63000,287772,0.19
36,57,60,Tournai,57000,223417,0.27
36,64,11,Waremme,64000,81389,0.14
36,82,9,Bastogne,82000,48413,0.19
36,72,26,Maaseik,72000,251589,0.1
36,73,41,Tongres,73000,203963,0.2
36,81,10,Arlon,81000,62623,0.16
36,83,8,Marche-en-Famenne,83000,56476,0.14
36,84,11,Neufchâteau,84000,63375,0.17
36,85,13,Virton,85000,53751,0.24
36,91,17,Dinant,91000,111008,0.15
36,92,52,Namur,92000,316962,0.16
36,52,67,Charleroi,52000,396639,0.17
36,71,76,Hasselt,71000,418496,0.18
36,51,22,Ath,51000,127915,0.17
36,93,14,Philippeville,93000,66355,0.21
36,45,22,Audenarde,45000,124342,0.18
36,11,174,Anvers,11000,1051301,0.17
36,12,53,Malines,12000,344818,0.15
36,13,71,Turnhout,13000,461867,0.15
36,21,151,Bruxelles-Capitale,21000,1208542,0.12
36,23,89,Hal-Vilvorde,23000,637441,0.14
36,24,76,Louvain,24000,508734,0.15
36,25,64,Nivelles,25000,403599,0.16
36,31,51,Bruges,31000,282209,0.18
36,32,6,Dixmude,32000,51525,0.12
36,46,33,Saint-Nicolas,46000,252523,0.13
36,34,49,Courtrai,34000,290706,0.17
36,35,41,Ostende,35000,157200,0.26
36,36,26,Roulers,36000,153315,0.17
36,37,15,Tielt,37000,92905,0.16
36,38,11,Furnes,38000,61657,0.18
36,41,52,Alost,41000,291229,0.18
36,42,28,Termonde,42000,201213,0.14
36,43,14,Eeklo,43000,85235,0.16
36,44,98,Gand,44000,560522,0.17
36,33,21,Ypres,33000,106279,0.2
37,62,124,Liège,62000,624422,0.2
37,61,13,Huy,61000,113409,0.11
37,58,25,La Louvière,58000,141060,0.18
37,53,63,Mons,53000,258999,0.24
37,56,13,Thuin,56000,91678,0.14
37,55,17,Soignies,55000,104533,0.16
37,63,42,Verviers,63000,287772,0.15
37,57,36,Tournai,57000,223417,0.16
37,64,13,Waremme,64000,81389,0.16
37,82,11,Bastogne,82000,48413,0.23
37,72,35,Maaseik,72000,251589,0.14
37,73,30,Tongres,73000,203963,0.15
37,81,7,Arlon,81000,62623,0.11
37,83,10,Marche-en-Famenne,83000,56476,0.18
37,84,8,Neufchâteau,84000,63375,0.13
37,85,6,Virton,85000,53751,0.11
37,91,23,Dinant,91000,111008,0.21
37,92,54,Namur,92000,316962,0.17
37,52,86,Charleroi,52000,396639,0.22
37,71,52,Hasselt,71000,418496,0.12
37,93,11,Philippeville,93000,66355,0.17
37,51,21,Ath,51000,127915,0.16
37,45,17,Audenarde,45000,124342,0.14
37,46,39,Saint-Nicolas,46000,252523,0.15
37,11,148,Anvers,11000,1051301,0.14
37,12,58,Malines,12000,344818,0.17
37,13,66,Turnhout,13000,461867,0.14
37,21,139,Bruxelles-Capitale,21000,1208542,0.12
37,23,90,Hal-Vilvorde,23000,637441,0.14
37,25,61,Nivelles,25000,403599,0.15
37,31,61,Bruges,31000,282209,0.22
37,32,9,Dixmude,32000,51525,0.17
37,24,76,Louvain,24000,508734,0.15
37,34,54,Courtrai,34000,290706,0.19
37,33,15,Ypres,33000,106279,0.14
37,43,11,Eeklo,43000,85235,0.13
37,42,23,Termonde,42000,201213,0.11
37,41,44,Alost,41000,291229,0.15
37,44,90,Gand,44000,560522,0.16
37,37,14,Tielt,37000,92905,0.15
37,36,44,Roulers,36000,153315,0.29
37,35,36,Ostende,35000,157200,0.23
37,38,14,Furnes,38000,61657,0.23
38,64,11,Waremme,64000,81389,0.14
38,55,18,Soignies,55000,104533,0.17
38,56,16,Thuin,56000,91678,0.17
38,57,55,Tournai,57000,223417,0.25
38,58,35,La Louvière,58000,141060,0.25
38,61,16,Huy,61000,113409,0.14
38,62,139,Liège,62000,624422,0.22
38,63,44,Verviers,63000,287772,0.15
38,71,75,Hasselt,71000,418496,0.18
38,53,43,Mons,53000,258999,0.17
38,73,28,Tongres,73000,203963,0.14
38,81,9,Arlon,81000,62623,0.14
38,82,8,Bastogne,82000,48413,0.17
38,83,11,Marche-en-Famenne,83000,56476,0.19
38,84,11,Neufchâteau,84000,63375,0.17
38,85,9,Virton,85000,53751,0.17
38,91,15,Dinant,91000,111008,0.14
38,92,52,Namur,92000,316962,0.16
38,93,9,Philippeville,93000,66355,0.14
38,72,35,Maaseik,72000,251589,0.14
38,52,84,Charleroi,52000,396639,0.21
38,34,52,Courtrai,34000,290706,0.18
38,46,38,Saint-Nicolas,46000,252523,0.15
38,12,65,Malines,12000,344818,0.19
38,13,70,Turnhout,13000,461867,0.15
38,21,146,Bruxelles-Capitale,21000,1208542,0.12
38,23,105,Hal-Vilvorde,23000,637441,0.16
38,24,100,Louvain,24000,508734,0.2
38,25,81,Nivelles,25000,403599,0.2
38,31,51,Bruges,31000,282209,0.18
38,32,7,Dixmude,32000,51525,0.14
38,33,17,Ypres,33000,106279,0.16
38,11,190,Anvers,11000,1051301,0.18
38,35,30,Ostende,35000,157200,0.19
38,36,25,Roulers,36000,153315,0.16
38,37,22,Tielt,37000,92905,0.24
38,38,15,Furnes,38000,61657,0.24
38,41,57,Alost,41000,291229,0.2
38,42,32,Termonde,42000,201213,0.16
38,43,12,Eeklo,43000,85235,0.14
38,44,97,Gand,44000,560522,0.17
38,45,25,Audenarde,45000,124342,0.2
38,51,26,Ath,51000,127915,0.2
39,63,41,Verviers,63000,287772,0.14
39,62,136,Liège,62000,624422,0.22
39,61,16,Huy,61000,113409,0.14
39,55,9,Soignies,55000,104533,0.09
39,57,53,Tournai,57000,223417,0.24
39,56,15,Thuin,56000,91678,0.16
39,64,18,Waremme,64000,81389,0.22
39,58,27,La Louvière,58000,141060,0.19
39,71,63,Hasselt,71000,418496,0.15
39,83,14,Marche-en-Famenne,83000,56476,0.25
39,73,33,Tongres,73000,203963,0.16
39,81,12,Arlon,81000,62623,0.19
39,82,9,Bastogne,82000,48413,0.19
39,84,15,Neufchâteau,84000,63375,0.24
39,85,11,Virton,85000,53751,0.2
39,91,31,Dinant,91000,111008,0.28
39,92,48,Namur,92000,316962,0.15
39,93,11,Philippeville,93000,66355,0.17
39,53,43,Mons,53000,258999,0.17
39,72,35,Maaseik,72000,251589,0.14
39,52,73,Charleroi,52000,396639,0.18
39,51,16,Ath,51000,127915,0.13
39,46,37,Saint-Nicolas,46000,252523,0.15
39,12,48,Malines,12000,344818,0.14
39,13,75,Turnhout,13000,461867,0.16
39,21,151,Bruxelles-Capitale,21000,1208542,0.12
39,23,110,Hal-Vilvorde,23000,637441,0.17
39,24,80,Louvain,24000,508734,0.16
39,25,70,Nivelles,25000,403599,0.17
39,31,61,Bruges,31000,282209,0.22
39,32,9,Dixmude,32000,51525,0.17
39,33,16,Ypres,33000,106279,0.15
39,11,160,Anvers,11000,1051301,0.15
39,35,34,Ostende,35000,157200,0.22
39,36,20,Roulers,36000,153315,0.13
39,37,15,Tielt,37000,92905,0.16
39,38,13,Furnes,38000,61657,0.21
39,41,49,Alost,41000,291229,0.17
39,42,40,Termonde,42000,201213,0.2
39,43,14,Eeklo,43000,85235,0.16
39,44,98,Gand,44000,560522,0.17
39,45,19,Audenarde,45000,124342,0.15
39,34,49,Courtrai,34000,290706,0.17
40,62,126,Liège,62000,624422,0.2
40,61,21,Huy,61000,113409,0.19
40,58,24,La Louvière,58000,141060,0.17
40,53,42,Mons,53000,258999,0.16
40,56,16,Thuin,56000,91678,0.17
40,55,13,Soignies,55000,104533,0.12
40,63,46,Verviers,63000,287772,0.16
40,57,62,Tournai,57000,223417,0.28
40,64,26,Waremme,64000,81389,0.32
40,82,5,Bastogne,82000,48413,0.1
40,72,35,Maaseik,72000,251589,0.14
40,73,32,Tongres,73000,203963,0.16
40,81,5,Arlon,81000,62623,0.08
40,83,7,Marche-en-Famenne,83000,56476,0.12
40,84,14,Neufchâteau,84000,63375,0.22
40,85,10,Virton,85000,53751,0.19
40,91,22,Dinant,91000,111008,0.2
40,92,49,Namur,92000,316962,0.15
40,52,79,Charleroi,52000,396639,0.2
40,71,66,Hasselt,71000,418496,0.16
40,51,27,Ath,51000,127915,0.21
40,93,17,Philippeville,93000,66355,0.26
40,45,14,Audenarde,45000,124342,0.11
40,11,173,Anvers,11000,1051301,0.16
40,12,63,Malines,12000,344818,0.18
40,13,64,Turnhout,13000,461867,0.14
40,21,160,Bruxelles-Capitale,21000,1208542,0.13
40,23,95,Hal-Vilvorde,23000,637441,0.15
40,24,80,Louvain,24000,508734,0.16
40,25,63,Nivelles,25000,403599,0.16
40,31,51,Bruges,31000,282209,0.18
40,32,8,Dixmude,32000,51525,0.16
40,46,36,Saint-Nicolas,46000,252523,0.14
40,34,60,Courtrai,34000,290706,0.21
40,35,26,Ostende,35000,157200,0.17
40,36,30,Roulers,36000,153315,0.2
40,37,13,Tielt,37000,92905,0.14
40,38,14,Furnes,38000,61657,0.23
40,41,43,Alost,41000,291229,0.15
40,42,32,Termonde,42000,201213,0.16
40,43,13,Eeklo,43000,85235,0.15
40,44,88,Gand,44000,560522,0.16
40,33,32,Ypres,33000,106279,0.3
41,62,164,Liège,62000,624422,0.26
41,61,33,Huy,61000,113409,0.29
41,58,31,La Louvière,58000,141060,0.22
41,53,59,Mons,53000,258999,0.23
41,56,16,Thuin,56000,91678,0.17
41,55,19,Soignies,55000,104533,0.18
41,63,53,Verviers,63000,287772,0.18
41,57,52,Tournai,57000,223417,0.23
41,64,16,Waremme,64000,81389,0.2
41,82,15,Bastogne,82000,48413,0.31
41,72,41,Maaseik,72000,251589,0.16
41,73,28,Tongres,73000,203963,0.14
41,81,16,Arlon,81000,62623,0.26
41,83,6,Marche-en-Famenne,83000,56476,0.11
41,84,15,Neufchâteau,84000,63375,0.24
41,85,8,Virton,85000,53751,0.15
41,91,28,Dinant,91000,111008,0.25
41,92,61,Namur,92000,316962,0.19
41,52,82,Charleroi,52000,396639,0.21
41,71,58,Hasselt,71000,418496,0.14
41,51,21,Ath,51000,127915,0.16
41,93,16,Philippeville,93000,66355,0.24
41,45,18,Audenarde,45000,124342,0.14
41,11,197,Anvers,11000,1051301,0.19
41,12,55,Malines,12000,344818,0.16
41,13,65,Turnhout,13000,461867,0.14
41,21,178,Bruxelles-Capitale,21000,1208542,0.15
41,23,105,Hal-Vilvorde,23000,637441,0.16
41,24,81,Louvain,24000,508734,0.16
41,25,58,Nivelles,25000,403599,0.14
41,31,52,Bruges,31000,282209,0.18
41,32,11,Dixmude,32000,51525,0.21
41,46,48,Saint-Nicolas,46000,252523,0.19
41,34,45,Courtrai,34000,290706,0.15
41,35,33,Ostende,35000,157200,0.21
41,36,28,Roulers,36000,153315,0.18
41,37,16,Tielt,37000,92905,0.17
41,38,16,Furnes,38000,61657,0.26
41,41,43,Alost,41000,291229,0.15
41,42,34,Termonde,42000,201213,0.17
41,43,20,Eeklo,43000,85235,0.23
41,44,84,Gand,44000,560522,0.15
41,33,20,Ypres,33000,106279,0.19
42,62,172,Liège,62000,624422,0.28
42,61,25,Huy,61000,113409,0.22
42,58,26,La Louvière,58000,141060,0.18
42,53,64,Mons,53000,258999,0.25
42,56,39,Thuin,56000,91678,0.43
42,55,28,Soignies,55000,104533,0.27
42,63,68,Verviers,63000,287772,0.24
42,57,54,Tournai,57000,223417,0.24
42,64,17,Waremme,64000,81389,0.21
42,82,9,Bastogne,82000,48413,0.19
42,72,37,Maaseik,72000,251589,0.15
42,73,31,Tongres,73000,203963,0.15
42,81,14,Arlon,81000,62623,0.22
42,83,11,Marche-en-Famenne,83000,56476,0.19
42,84,4,Neufchâteau,84000,63375,0.06
42,85,8,Virton,85000,53751,0.15
42,91,18,Dinant,91000,111008,0.16
42,92,59,Namur,92000,316962,0.19
42,52,118,Charleroi,52000,396639,0.3
42,71,57,Hasselt,71000,418496,0.14
42,93,25,Philippeville,93000,66355,0.38
42,51,25,Ath,51000,127915,0.2
42,45,24,Audenarde,45000,124342,0.19
42,46,47,Saint-Nicolas,46000,252523,0.19
42,11,177,Anvers,11000,1051301,0.17
42,12,65,Malines,12000,344818,0.19
42,13,77,Turnhout,13000,461867,0.17
42,21,170,Bruxelles-Capitale,21000,1208542,0.14
42,23,96,Hal-Vilvorde,23000,637441,0.15
42,25,55,Nivelles,25000,403599,0.14
42,31,58,Bruges,31000,282209,0.21
42,32,14,Dixmude,32000,51525,0.27
42,24,80,Louvain,24000,508734,0.16
42,34,45,Courtrai,34000,290706,0.15
42,33,28,Ypres,33000,106279,0.26
42,43,16,Eeklo,43000,85235,0.19
42,42,47,Termonde,42000,201213,0.23
42,41,54,Alost,41000,291229,0.19
42,44,88,Gand,44000,560522,0.16
42,37,11,Tielt,37000,92905,0.12
42,36,21,Roulers,36000,153315,0.14
42,35,42,Ostende,35000,157200,0.27
42,38,17,Furnes,38000,61657,0.28
43,64,21,Waremme,64000,81389,0.26
43,55,31,Soignies,55000,104533,0.3
43,56,34,Thuin,56000,91678,0.37
43,57,78,Tournai,57000,223417,0.35
43,58,43,La Louvière,58000,141060,0.3
43,61,39,Huy,61000,113409,0.34
43,62,222,Liège,62000,624422,0.36
43,63,98,Verviers,63000,287772,0.34
43,93,15,Philippeville,93000,66355,0.23
43,53,69,Mons,53000,258999,0.27
43,72,41,Maaseik,72000,251589,0.16
43,73,32,Tongres,73000,203963,0.16
43,81,13,Arlon,81000,62623,0.21
43,82,15,Bastogne,82000,48413,0.31
43,83,19,Marche-en-Famenne,83000,56476,0.34
43,84,8,Neufchâteau,84000,63375,0.13
43,85,11,Virton,85000,53751,0.2
43,91,37,Dinant,91000,111008,0.33
43,92,81,Namur,92000,316962,0.26
43,71,73,Hasselt,71000,418496,0.17
43,52,123,Charleroi,52000,396639,0.31
43,34,50,Courtrai,34000,290706,0.17
43,46,53,Saint-Nicolas,46000,252523,0.21
43,11,229,Anvers,11000,1051301,0.22
43,12,73,Malines,12000,344818,0.21
43,13,66,Turnhout,13000,461867,0.14
43,21,246,Bruxelles-Capitale,21000,1208542,0.2
43,23,126,Hal-Vilvorde,23000,637441,0.2
43,24,80,Louvain,24000,508734,0.16
43,25,96,Nivelles,25000,403599,0.24
43,31,60,Bruges,31000,282209,0.21
43,32,12,Dixmude,32000,51525,0.23
43,51,34,Ath,51000,127915,0.27
43,35,35,Ostende,35000,157200,0.22
43,36,33,Roulers,36000,153315,0.22
43,37,22,Tielt,37000,92905,0.24
43,38,15,Furnes,38000,61657,0.24
43,41,48,Alost,41000,291229,0.16
43,42,60,Termonde,42000,201213,0.3
43,43,18,Eeklo,43000,85235,0.21
43,44,103,Gand,44000,560522,0.18
43,45,24,Audenarde,45000,124342,0.19
43,33,19,Ypres,33000,106279,0.18
44,63,130,Verviers,63000,287772,0.45
44,62,275,Liège,62000,624422,0.44
44,61,50,Huy,61000,113409,0.44
44,55,42,Soignies,55000,104533,0.4
44,57,101,Tournai,57000,223417,0.45
44,56,37,Thuin,56000,91678,0.4
44,64,36,Waremme,64000,81389,0.44
44,58,55,La Louvière,58000,141060,0.39
44,71,80,Hasselt,71000,418496,0.19
44,83,18,Marche-en-Famenne,83000,56476,0.32
44,73,43,Tongres,73000,203963,0.21
44,81,14,Arlon,81000,62623,0.22
44,82,22,Bastogne,82000,48413,0.45
44,84,14,Neufchâteau,84000,63375,0.22
44,85,13,Virton,85000,53751,0.24
44,91,39,Dinant,91000,111008,0.35
44,92,114,Namur,92000,316962,0.36
44,93,29,Philippeville,93000,66355,0.44
44,53,75,Mons,53000,258999,0.29
44,72,43,Maaseik,72000,251589,0.17
44,52,175,Charleroi,52000,396639,0.44
44,51,48,Ath,51000,127915,0.38
44,46,83,Saint-Nicolas,46000,252523,0.33
44,12,80,Malines,12000,344818,0.23
44,13,107,Turnhout,13000,461867,0.23
44,21,306,Bruxelles-Capitale,21000,1208542,0.25
44,23,161,Hal-Vilvorde,23000,637441,0.25
44,24,92,Louvain,24000,508734,0.18
44,25,107,Nivelles,25000,403599,0.27
44,31,86,Bruges,31000,282209,0.3
44,32,12,Dixmude,32000,51525,0.23
44,33,25,Ypres,33000,106279,0.24
44,11,272,Anvers,11000,1051301,0.26
44,35,44,Ostende,35000,157200,0.28
44,36,30,Roulers,36000,153315,0.2
44,37,21,Tielt,37000,92905,0.23
44,38,23,Furnes,38000,61657,0.37
44,41,64,Alost,41000,291229,0.22
44,42,57,Termonde,42000,201213,0.28
44,43,24,Eeklo,43000,85235,0.28
44,44,106,Gand,44000,560522,0.19
44,45,26,Audenarde,45000,124342,0.21
44,34,69,Courtrai,34000,290706,0.24
45,62,303,Liège,62000,624422,0.49
45,61,57,Huy,61000,113409,0.5
45,58,73,La Louvière,58000,141060,0.52
45,53,99,Mons,53000,258999,0.38
45,56,54,Thuin,56000,91678,0.59
45,55,31,Soignies,55000,104533,0.3
45,63,149,Verviers,63000,287772,0.52
45,57,110,Tournai,57000,223417,0.49
45,64,40,Waremme,64000,81389,0.49
45,82,7,Bastogne,82000,48413,0.14
45,72,55,Maaseik,72000,251589,0.22
45,73,53,Tongres,73000,203963,0.26
45,81,32,Arlon,81000,62623,0.51
45,83,22,Marche-en-Famenne,83000,56476,0.39
45,84,24,Neufchâteau,84000,63375,0.38
45,85,13,Virton,85000,53751,0.24
45,91,39,Dinant,91000,111008,0.35
45,92,100,Namur,92000,316962,0.32
45,52,203,Charleroi,52000,396639,0.51
45,93,26,Philippeville,93000,66355,0.39
45,51,47,Ath,51000,127915,0.37
45,71,88,Hasselt,71000,418496,0.21
45,45,50,Audenarde,45000,124342,0.4
45,11,301,Anvers,11000,1051301,0.29
45,12,87,Malines,12000,344818,0.25
45,13,117,Turnhout,13000,461867,0.25
45,21,320,Bruxelles-Capitale,21000,1208542,0.26
45,23,189,Hal-Vilvorde,23000,637441,0.3
45,25,128,Nivelles,25000,403599,0.32
45,31,59,Bruges,31000,282209,0.21
45,32,9,Dixmude,32000,51525,0.17
45,33,35,Ypres,33000,106279,0.33
45,24,111,Louvain,24000,508734,0.22
45,35,35,Ostende,35000,157200,0.22
45,34,88,Courtrai,34000,290706,0.3
45,44,172,Gand,44000,560522,0.31
45,43,18,Eeklo,43000,85235,0.21
45,42,49,Termonde,42000,201213,0.24
45,46,70,Saint-Nicolas,46000,252523,0.28
45,38,20,Furnes,38000,61657,0.32
45,37,23,Tielt,37000,92905,0.25
45,36,64,Roulers,36000,153315,0.42
45,41,84,Alost,41000,291229,0.29
46,64,38,Waremme,64000,81389,0.47
46,55,31,Soignies,55000,104533,0.3
46,56,54,Thuin,56000,91678,0.59
46,57,129,Tournai,57000,223417,0.58
46,58,68,La Louvière,58000,141060,0.48
46,61,52,Huy,61000,113409,0.46
46,62,280,Liège,62000,624422,0.45
46,63,100,Verviers,63000,287772,0.35
46,53,107,Mons,53000,258999,0.41
46,93,38,Philippeville,93000,66355,0.57
46,73,48,Tongres,73000,203963,0.24
46,81,18,Arlon,81000,62623,0.29
46,82,16,Bastogne,82000,48413,0.33
46,83,11,Marche-en-Famenne,83000,56476,0.19
46,84,22,Neufchâteau,84000,63375,0.35
46,85,9,Virton,85000,53751,0.17
46,91,45,Dinant,91000,111008,0.41
46,92,98,Namur,92000,316962,0.31
46,52,169,Charleroi,52000,396639,0.43
46,72,34,Maaseik,72000,251589,0.14
46,51,50,Ath,51000,127915,0.39
46,71,85,Hasselt,71000,418496,0.2
46,45,32,Audenarde,45000,124342,0.26
46,11,255,Anvers,11000,1051301,0.24
46,12,77,Malines,12000,344818,0.22
46,13,113,Turnhout,13000,461867,0.24
46,21,280,Bruxelles-Capitale,21000,1208542,0.23
46,23,172,Hal-Vilvorde,23000,637441,0.27
46,46,67,Saint-Nicolas,46000,252523,0.27
46,25,97,Nivelles,25000,403599,0.24
46,31,59,Bruges,31000,282209,0.21
46,32,18,Dixmude,32000,51525,0.35
46,24,122,Louvain,24000,508734,0.24
46,34,78,Courtrai,34000,290706,0.27
46,33,39,Ypres,33000,106279,0.37
46,43,19,Eeklo,43000,85235,0.22
46,42,65,Termonde,42000,201213,0.32
46,41,93,Alost,41000,291229,0.32
46,44,166,Gand,44000,560522,0.3
46,37,22,Tielt,37000,92905,0.24
46,36,40,Roulers,36000,153315,0.26
46,35,56,Ostende,35000,157200,0.36
46,38,15,Furnes,38000,61657,0.24
47,53,76,Mons,53000,258999,0.29
47,55,24,Soignies,55000,104533,0.23
47,56,37,Thuin,56000,91678,0.4
47,57,122,Tournai,57000,223417,0.55
47,58,55,La Louvière,58000,141060,0.39
47,61,46,Huy,61000,113409,0.41
47,62,201,Liège,62000,624422,0.32
47,63,90,Verviers,63000,287772,0.31
47,91,34,Dinant,91000,111008,0.31
47,71,83,Hasselt,71000,418496,0.2
47,72,53,Maaseik,72000,251589,0.21
47,73,53,Tongres,73000,203963,0.26
47,81,18,Arlon,81000,62623,0.29
47,82,19,Bastogne,82000,48413,0.39
47,83,9,Marche-en-Famenne,83000,56476,0.16
47,84,17,Neufchâteau,84000,63375,0.27
47,85,6,Virton,85000,53751,0.11
47,52,136,Charleroi,52000,396639,0.34
47,64,24,Waremme,64000,81389,0.29
47,51,48,Ath,51000,127915,0.38
47,34,80,Courtrai,34000,290706,0.28
47,45,41,Audenarde,45000,124342,0.33
47,92,98,Namur,92000,316962,0.31
47,11,255,Anvers,11000,1051301,0.24
47,12,84,Malines,12000,344818,0.24
47,13,109,Turnhout,13000,461867,0.24
47,21,250,Bruxelles-Capitale,21000,1208542,0.21
47,23,151,Hal-Vilvorde,23000,637441,0.24
47,24,108,Louvain,24000,508734,0.21
47,25,126,Nivelles,25000,403599,0.31
47,31,63,Bruges,31000,282209,0.22
47,32,13,Dixmude,32000,51525,0.25
47,33,33,Ypres,33000,106279,0.31
47,35,48,Ostende,35000,157200,0.31
47,36,47,Roulers,36000,153315,0.31
47,37,37,Tielt,37000,92905,0.4
47,38,16,Furnes,38000,61657,0.26
47,41,91,Alost,41000,291229,0.31
47,42,52,Termonde,42000,201213,0.26
47,43,22,Eeklo,43000,85235,0.26
47,44,137,Gand,44000,560522,0.24
47,46,62,Saint-Nicolas,46000,252523,0.25
47,93,28,Philippeville,93000,66355,0.42
