date,value
2020-03-01T00:00:00,0.16906010416666664
2020-03-01T00:30:00,0.136940625
2020-03-01T01:00:00,0.10946035416666666
2020-03-01T01:30:00,0.09213851041666668
2020-03-01T02:00:00,0.07297078750000001
2020-03-01T02:30:00,0.06052952083333332
2020-03-01T03:00:00,0.05112408645833333
2020-03-01T03:30:00,0.04513878645833333
2020-03-01T04:00:00,0.042811
2020-03-01T04:30:00,0.043170729166666665
2020-03-01T05:00:00,0.04549853125
2020-03-01T05:30:00,0.052335088541666665
2020-03-01T06:00:00,0.06547449479166667
2020-03-01T06:30:00,0.09037483333333332
2020-03-01T07:00:00,0.13031339583333332
2020-03-01T07:30:00,0.18555547916666668
2020-03-01T08:00:00,0.2438442291666667
2020-03-01T08:30:00,0.29763638541666665
2020-03-01T09:00:00,0.3469813229166667
2020-03-01T09:30:00,0.3863298958333334
2020-03-01T10:00:00,0.4184766979166667
2020-03-01T10:30:00,0.4455896666666667
2020-03-01T11:00:00,0.4556266666666667
2020-03-01T11:30:00,0.4461581666666667
2020-03-01T12:00:00,0.4230703958333333
2020-03-01T12:30:00,0.4272911979166667
2020-03-01T13:00:00,0.42047278125
2020-03-01T13:30:00,0.4156792916666667
2020-03-01T14:00:00,0.4177882291666665
2020-03-01T14:30:00,0.4177320416666667
2020-03-01T15:00:00,0.41922048958333336
2020-03-01T15:30:00,0.4152020625
2020-03-01T16:00:00,0.4200028125
2020-03-01T16:30:00,0.4344854166666667
2020-03-01T17:00:00,0.4467428541666667
2020-03-01T17:30:00,0.4530357291666667
2020-03-01T18:00:00,0.45131309375
2020-03-01T18:30:00,0.43535276041666665
2020-03-01T19:00:00,0.4201816354166667
2020-03-01T19:30:00,0.3982552708333333
2020-03-01T20:00:00,0.39991704166666653
2020-03-01T20:30:00,0.3906343020833333
2020-03-01T21:00:00,0.3657625
2020-03-01T21:30:00,0.34187022916666665
2020-03-01T22:00:00,0.30629218750000003
2020-03-01T22:30:00,0.28627447916666665
2020-03-01T23:00:00,0.2265662708333333
2020-03-01T23:30:00,0.17301092708333332
2020-03-02T00:00:00,0.13185967708333332
2020-03-02T00:30:00,0.09894310416666667
2020-03-02T01:00:00,0.07388369270833334
2020-03-02T01:30:00,0.06282304166666666
2020-03-02T02:00:00,0.050691041666666665
2020-03-02T02:30:00,0.044540239583333335
2020-03-02T03:00:00,0.040903666666666665
2020-03-02T03:30:00,0.04082277708333334
2020-03-02T04:00:00,0.04317507604166667
2020-03-02T04:30:00,0.05019673958333334
2020-03-02T05:00:00,0.06319761770833332
2020-03-02T05:30:00,0.0935760625
2020-03-02T06:00:00,0.13666884375
2020-03-02T06:30:00,0.19779430208333332
2020-03-02T07:00:00,0.26229496875
2020-03-02T07:30:00,0.32328379166666665
2020-03-02T08:00:00,0.3807408333333333
2020-03-02T08:30:00,0.42098129166666665
2020-03-02T09:00:00,0.45638999999999996
2020-03-02T09:30:00,0.4772224375
2020-03-02T10:00:00,0.4992436458333334
2020-03-02T10:30:00,0.5170911458333333
2020-03-02T11:00:00,0.5138740104166667
2020-03-02T11:30:00,0.4530607083333333
2020-03-02T12:00:00,0.4144563229166667
2020-03-02T12:30:00,0.41086590625
2020-03-02T13:00:00,0.42812319791666653
2020-03-02T13:30:00,0.42666315625
2020-03-02T14:00:00,0.41744578125
2020-03-02T14:30:00,0.4114903645833334
2020-03-02T15:00:00,0.4171988958333333
2020-03-02T15:30:00,0.426208125
2020-03-02T16:00:00,0.43055885416666667
2020-03-02T16:30:00,0.4357625
2020-03-02T17:00:00,0.43030447916666653
2020-03-02T17:30:00,0.4291328541666666
2020-03-02T18:00:00,0.4130716354166665
2020-03-02T18:30:00,0.3932754166666667
2020-03-02T19:00:00,0.3585991041666667
2020-03-02T19:30:00,0.3442846875
2020-03-02T20:00:00,0.3591320520833334
2020-03-02T20:30:00,0.3443501041666666
2020-03-02T21:00:00,0.33774578125
2020-03-02T21:30:00,0.3136443854166667
2020-03-02T22:00:00,0.28857080208333336
2020-03-02T22:30:00,0.2526380625
2020-03-02T23:00:00,0.20312526041666668
2020-03-02T23:30:00,0.1563310625
2020-03-03T00:00:00,0.11609
2020-03-03T00:30:00,0.09005457291666667
2020-03-03T01:00:00,0.06824409375
2020-03-03T01:30:00,0.05939684375
2020-03-03T02:00:00,0.0481522875
2020-03-03T02:30:00,0.04316473541666666
2020-03-03T03:00:00,0.03932183333333333
2020-03-03T03:30:00,0.03935097395833333
2020-03-03T04:00:00,0.04206077083333334
2020-03-03T04:30:00,0.05025442708333333
2020-03-03T05:00:00,0.065277015625
2020-03-03T05:30:00,0.09565996875
2020-03-03T06:00:00,0.14175311458333334
2020-03-03T06:30:00,0.20242027083333333
2020-03-03T07:00:00,0.26643059375
2020-03-03T07:30:00,0.3275678125
2020-03-03T08:00:00,0.3843569791666666
2020-03-03T08:30:00,0.42341153125
2020-03-03T09:00:00,0.4578578854166666
2020-03-03T09:30:00,0.4745808854166666
2020-03-03T10:00:00,0.4925574479166666
2020-03-03T10:30:00,0.5103630208333333
2020-03-03T11:00:00,0.511811875
2020-03-03T11:30:00,0.4512530208333334
2020-03-03T12:00:00,0.405570625
2020-03-03T12:30:00,0.4035317708333333
2020-03-03T13:00:00,0.4249730208333333
2020-03-03T13:30:00,0.4207754895833333
2020-03-03T14:00:00,0.40726999999999997
2020-03-03T14:30:00,0.40250979166666667
2020-03-03T15:00:00,0.4000153125000001
2020-03-03T15:30:00,0.4092422916666667
2020-03-03T16:00:00,0.41394611458333336
2020-03-03T16:30:00,0.426424625
2020-03-03T17:00:00,0.4257508125
2020-03-03T17:30:00,0.4245942395833333
2020-03-03T18:00:00,0.4169278958333333
2020-03-03T18:30:00,0.3955526354166667
2020-03-03T19:00:00,0.366576875
2020-03-03T19:30:00,0.3467891979166667
2020-03-03T20:00:00,0.35795346874999995
2020-03-03T20:30:00,0.3457973958333333
2020-03-03T21:00:00,0.3379685416666667
2020-03-03T21:30:00,0.32153954166666665
2020-03-03T22:00:00,0.2901092604166667
2020-03-03T22:30:00,0.2507720625
2020-03-03T23:00:00,0.20542897916666664
2020-03-03T23:30:00,0.15693994791666668
2020-03-04T00:00:00,0.1183040625
2020-03-04T00:30:00,0.08923655208333332
2020-03-04T01:00:00,0.06742606250000001
2020-03-04T01:30:00,0.05947718020833333
2020-03-04T02:00:00,0.04981373958333333
2020-03-04T02:30:00,0.04514464270833333
2020-03-04T03:00:00,0.04198251041666667
2020-03-04T03:30:00,0.04232775
2020-03-04T04:00:00,0.043729625
2020-03-04T04:30:00,0.05218632291666666
2020-03-04T05:00:00,0.06568658854166666
2020-03-04T05:30:00,0.09622280208333334
2020-03-04T06:00:00,0.13955030208333333
2020-03-04T06:30:00,0.19858288541666666
2020-03-04T07:00:00,0.2637048125
2020-03-04T07:30:00,0.3252611145833333
2020-03-04T08:00:00,0.3782613229166667
2020-03-04T08:30:00,0.4211613541666666
2020-03-04T09:00:00,0.4584710208333334
2020-03-04T09:30:00,0.4787962083333333
2020-03-04T10:00:00,0.4969683125
2020-03-04T10:30:00,0.5134961458333334
2020-03-04T11:00:00,0.5157302604166667
2020-03-04T11:30:00,0.4620296145833334
2020-03-04T12:00:00,0.415195
2020-03-04T12:30:00,0.4165113020833333
2020-03-04T13:00:00,0.4366731666666666
2020-03-04T13:30:00,0.4349064583333333
2020-03-04T14:00:00,0.42333253125
2020-03-04T14:30:00,0.41479464583333336
2020-03-04T15:00:00,0.4178061875
2020-03-04T15:30:00,0.4242040625
2020-03-04T16:00:00,0.4298808958333333
2020-03-04T16:30:00,0.43339971875
2020-03-04T17:00:00,0.4335167395833333
2020-03-04T17:30:00,0.43119951041666665
2020-03-04T18:00:00,0.4245373958333333
2020-03-04T18:30:00,0.4099915416666667
2020-03-04T19:00:00,0.3791868333333333
2020-03-04T19:30:00,0.3614802708333333
2020-03-04T20:00:00,0.3671230833333334
2020-03-04T20:30:00,0.3542613958333333
2020-03-04T21:00:00,0.3524759583333333
2020-03-04T21:30:00,0.3483926041666667
2020-03-04T22:00:00,0.2998312708333333
2020-03-04T22:30:00,0.25747815625
2020-03-04T23:00:00,0.20803145833333334
2020-03-04T23:30:00,0.15890511458333334
2020-03-05T00:00:00,0.12006540625
2020-03-05T00:30:00,0.09277338541666667
2020-03-05T01:00:00,0.07090019166666668
2020-03-05T01:30:00,0.06174235
2020-03-05T02:00:00,0.050716484375
2020-03-05T02:30:00,0.04457705208333334
2020-03-05T03:00:00,0.04125934791666667
2020-03-05T03:30:00,0.04171578541666667
2020-03-05T04:00:00,0.0429454
2020-03-05T04:30:00,0.05066602395833333
2020-03-05T05:00:00,0.06497122916666666
2020-03-05T05:30:00,0.09573085416666667
2020-03-05T06:00:00,0.14066103124999998
2020-03-05T06:30:00,0.19907297916666666
2020-03-05T07:00:00,0.26493728125
2020-03-05T07:30:00,0.32743491666666663
2020-03-05T08:00:00,0.3845946875
2020-03-05T08:30:00,0.42792765625
2020-03-05T09:00:00,0.46095871875
2020-03-05T09:30:00,0.48205359375
2020-03-05T10:00:00,0.5018209375
2020-03-05T10:30:00,0.5172078125
2020-03-05T11:00:00,0.5163204687499999
2020-03-05T11:30:00,0.4595268125
2020-03-05T12:00:00,0.41194447916666665
2020-03-05T12:30:00,0.4070068229166666
2020-03-05T13:00:00,0.4230788541666666
2020-03-05T13:30:00,0.42098578125
2020-03-05T14:00:00,0.41063066666666653
2020-03-05T14:30:00,0.4052303645833333
2020-03-05T15:00:00,0.4083811041666667
2020-03-05T15:30:00,0.4132030833333333
2020-03-05T16:00:00,0.4180263229166667
2020-03-05T16:30:00,0.4257786666666667
2020-03-05T17:00:00,0.4278696875
2020-03-05T17:30:00,0.42642184375
2020-03-05T18:00:00,0.4197927291666667
2020-03-05T18:30:00,0.403458
2020-03-05T19:00:00,0.37264885416666665
2020-03-05T19:30:00,0.35701350000000004
2020-03-05T20:00:00,0.36098797916666653
2020-03-05T20:30:00,0.3457792708333333
2020-03-05T21:00:00,0.3279262395833333
2020-03-05T21:30:00,0.3091972708333333
2020-03-05T22:00:00,0.28432775
2020-03-05T22:30:00,0.2491743125
2020-03-05T23:00:00,0.204495375
2020-03-05T23:30:00,0.16079283333333333
2020-03-06T00:00:00,0.12240871875
2020-03-06T00:30:00,0.09358734375
2020-03-06T01:00:00,0.071536471875
2020-03-06T01:30:00,0.06381704166666667
2020-03-06T02:00:00,0.05250823958333333
2020-03-06T02:30:00,0.04589965625
2020-03-06T03:00:00,0.041564559375
2020-03-06T03:30:00,0.04222417395833333
2020-03-06T04:00:00,0.04325886041666666
2020-03-06T04:30:00,0.050680930208333336
2020-03-06T05:00:00,0.06510326041666667
2020-03-06T05:30:00,0.09470782291666667
2020-03-06T06:00:00,0.13787340104166665
2020-03-06T06:30:00,0.1951091875
2020-03-06T07:00:00,0.25626079166666665
2020-03-06T07:30:00,0.31604075000000004
2020-03-06T08:00:00,0.37361371875
2020-03-06T08:30:00,0.4155364791666667
2020-03-06T09:00:00,0.4472565208333333
2020-03-06T09:30:00,0.4617685416666666
2020-03-06T10:00:00,0.4770568958333334
2020-03-06T10:30:00,0.4900698958333333
2020-03-06T11:00:00,0.4900095833333333
2020-03-06T11:30:00,0.4392845625
2020-03-06T12:00:00,0.3921548541666667
2020-03-06T12:30:00,0.3869136979166667
2020-03-06T13:00:00,0.4031401875
2020-03-06T13:30:00,0.4047970416666665
2020-03-06T14:00:00,0.3969969791666667
2020-03-06T14:30:00,0.3912939583333333
2020-03-06T15:00:00,0.3938400729166667
2020-03-06T15:30:00,0.3975755729166666
2020-03-06T16:00:00,0.39756746875
2020-03-06T16:30:00,0.40246597916666665
2020-03-06T17:00:00,0.4047586145833333
2020-03-06T17:30:00,0.40857807291666665
2020-03-06T18:00:00,0.4118787083333333
2020-03-06T18:30:00,0.4076709375
2020-03-06T19:00:00,0.3871927083333333
2020-03-06T19:30:00,0.3692638125
2020-03-06T20:00:00,0.3668148958333333
2020-03-06T20:30:00,0.33997309375
2020-03-06T21:00:00,0.3265121354166667
2020-03-06T21:30:00,0.3131120208333333
2020-03-06T22:00:00,0.28764401041666665
2020-03-06T22:30:00,0.2581615208333333
2020-03-06T23:00:00,0.22206147916666666
2020-03-06T23:30:00,0.17971202083333335
2020-03-07T00:00:00,0.14454204166666665
2020-03-07T00:30:00,0.1135255625
2020-03-07T01:00:00,0.08923874999999999
2020-03-07T01:30:00,0.07687322916666668
2020-03-07T02:00:00,0.061891947916666676
2020-03-07T02:30:00,0.052925270833333336
2020-03-07T03:00:00,0.04615306875
2020-03-07T03:30:00,0.04444429166666666
2020-03-07T04:00:00,0.044872726041666665
2020-03-07T04:30:00,0.046912833333333334
2020-03-07T05:00:00,0.052852809375
2020-03-07T05:30:00,0.06539066145833332
2020-03-07T06:00:00,0.08686429166666666
2020-03-07T06:30:00,0.126579671875
2020-03-07T07:00:00,0.1824512083333333
2020-03-07T07:30:00,0.24464513541666666
2020-03-07T08:00:00,0.3028120625
2020-03-07T08:30:00,0.34968708333333337
2020-03-07T09:00:00,0.3881236666666667
2020-03-07T09:30:00,0.4154810104166667
2020-03-07T10:00:00,0.43178347916666665
2020-03-07T10:30:00,0.44660075
2020-03-07T11:00:00,0.4527597395833333
2020-03-07T11:30:00,0.44332302083333336
2020-03-07T12:00:00,0.42643336458333336
2020-03-07T12:30:00,0.4300070833333333
2020-03-07T13:00:00,0.42681753125
2020-03-07T13:30:00,0.4177297916666667
2020-03-07T14:00:00,0.40722815625
2020-03-07T14:30:00,0.4013105625
2020-03-07T15:00:00,0.3950708333333333
2020-03-07T15:30:00,0.3921781770833333
2020-03-07T16:00:00,0.3981895416666667
2020-03-07T16:30:00,0.4041029583333333
2020-03-07T17:00:00,0.41183995833333337
2020-03-07T17:30:00,0.4279725
2020-03-07T18:00:00,0.437685375
2020-03-07T18:30:00,0.43965020833333335
2020-03-07T19:00:00,0.4270625520833333
2020-03-07T19:30:00,0.39638340625
2020-03-07T20:00:00,0.3749538229166667
2020-03-07T20:30:00,0.3617054583333333
2020-03-07T21:00:00,0.3432840625
2020-03-07T21:30:00,0.3356399583333333
2020-03-07T22:00:00,0.31056517708333337
2020-03-07T22:30:00,0.28508466666666665
2020-03-07T23:00:00,0.24548578125
2020-03-07T23:30:00,0.20743266666666668
2020-03-08T00:00:00,0.17066630208333333
2020-03-08T00:30:00,0.13737489583333332
2020-03-08T01:00:00,0.10948627083333333
2020-03-08T01:30:00,0.09378956770833334
2020-03-08T02:00:00,0.07323183333333333
2020-03-08T02:30:00,0.060364028125
2020-03-08T03:00:00,0.052092635416666665
2020-03-08T03:30:00,0.046418875
2020-03-08T04:00:00,0.043313750000000005
2020-03-08T04:30:00,0.04385342708333333
2020-03-08T05:00:00,0.04744576458333333
2020-03-08T05:30:00,0.053115645833333336
2020-03-08T06:00:00,0.06800439999999999
2020-03-08T06:30:00,0.098836640625
2020-03-08T07:00:00,0.14297812499999998
2020-03-08T07:30:00,0.19810585416666668
2020-03-08T08:00:00,0.25730182291666664
2020-03-08T08:30:00,0.30859090625
2020-03-08T09:00:00,0.3540956979166667
2020-03-08T09:30:00,0.38929416666666666
2020-03-08T10:00:00,0.41634233333333337
2020-03-08T10:30:00,0.4354242083333333
2020-03-08T11:00:00,0.44692420833333335
2020-03-08T11:30:00,0.4360388125
2020-03-08T12:00:00,0.4223736875
2020-03-08T12:30:00,0.4315942083333333
2020-03-08T13:00:00,0.41017039583333337
2020-03-08T13:30:00,0.4077405520833333
2020-03-08T14:00:00,0.4075806979166667
2020-03-08T14:30:00,0.4082226041666666
2020-03-08T15:00:00,0.40802359375
2020-03-08T15:30:00,0.3923184895833333
2020-03-08T16:00:00,0.3972403125
2020-03-08T16:30:00,0.4197871875000001
2020-03-08T17:00:00,0.4324963854166666
2020-03-08T17:30:00,0.456673125
2020-03-08T18:00:00,0.4577835833333333
2020-03-08T18:30:00,0.4468903958333333
2020-03-08T19:00:00,0.4179646145833333
2020-03-08T19:30:00,0.3959989583333334
2020-03-08T20:00:00,0.3965313541666667
2020-03-08T20:30:00,0.39123638541666667
2020-03-08T21:00:00,0.36947659375
2020-03-08T21:30:00,0.34599479166666663
2020-03-08T22:00:00,0.3124835729166667
2020-03-08T22:30:00,0.2784488229166667
2020-03-08T23:00:00,0.2213658125
2020-03-08T23:30:00,0.16587230208333334
2020-03-09T00:00:00,0.12705771875
2020-03-09T00:30:00,0.09527503125
2020-03-09T01:00:00,0.07132023958333332
2020-03-09T01:30:00,0.061730375
2020-03-09T02:00:00,0.05083555520833333
2020-03-09T02:30:00,0.04466088541666666
2020-03-09T03:00:00,0.040702179166666665
2020-03-09T03:30:00,0.04079340104166667
2020-03-09T04:00:00,0.04253603541666666
2020-03-09T04:30:00,0.054130333333333336
2020-03-09T05:00:00,0.06889748541666668
2020-03-09T05:30:00,0.10008948958333334
2020-03-09T06:00:00,0.147014125
2020-03-09T06:30:00,0.21070922916666668
2020-03-09T07:00:00,0.274750625
2020-03-09T07:30:00,0.3356345833333333
2020-03-09T08:00:00,0.3943206875
2020-03-09T08:30:00,0.4378124479166667
2020-03-09T09:00:00,0.4685851041666666
2020-03-09T09:30:00,0.4835152604166666
2020-03-09T10:00:00,0.5015778125
2020-03-09T10:30:00,0.5154358333333333
2020-03-09T11:00:00,0.5087500833333333
2020-03-09T11:30:00,0.44620096875
2020-03-09T12:00:00,0.3998115833333333
2020-03-09T12:30:00,0.3952846145833333
2020-03-09T13:00:00,0.41216953125
2020-03-09T13:30:00,0.4145454583333333
2020-03-09T14:00:00,0.4088768125
2020-03-09T14:30:00,0.40800864583333335
2020-03-09T15:00:00,0.4135347916666667
2020-03-09T15:30:00,0.4216267708333334
2020-03-09T16:00:00,0.4317198958333333
2020-03-09T16:30:00,0.4410098958333333
2020-03-09T17:00:00,0.4351204583333333
2020-03-09T17:30:00,0.427239375
2020-03-09T18:00:00,0.4154803333333333
2020-03-09T18:30:00,0.3899004895833333
2020-03-09T19:00:00,0.3546955208333333
2020-03-09T19:30:00,0.3374277083333333
2020-03-09T20:00:00,0.3496859895833333
2020-03-09T20:30:00,0.3431957291666667
2020-03-09T21:00:00,0.3328517708333333
2020-03-09T21:30:00,0.3193410208333333
2020-03-09T22:00:00,0.2905435
2020-03-09T22:30:00,0.2426847916666667
2020-03-09T23:00:00,0.19556188541666664
2020-03-09T23:30:00,0.1487833125
2020-03-10T00:00:00,0.11113911458333332
2020-03-10T00:30:00,0.08568904166666667
2020-03-10T01:00:00,0.0644513125
2020-03-10T01:30:00,0.057554671875
2020-03-10T02:00:00,0.048775211458333335
2020-03-10T02:30:00,0.04467291666666666
2020-03-10T03:00:00,0.04283761458333333
2020-03-10T03:30:00,0.04385945833333333
2020-03-10T04:00:00,0.045531357291666665
2020-03-10T04:30:00,0.054855895833333335
2020-03-10T05:00:00,0.07024799270833333
2020-03-10T05:30:00,0.10223484375
2020-03-10T06:00:00,0.1526948125
2020-03-10T06:30:00,0.220723125
2020-03-10T07:00:00,0.2894013333333333
2020-03-10T07:30:00,0.35305515625
2020-03-10T08:00:00,0.4119216666666667
2020-03-10T08:30:00,0.45596000000000003
2020-03-10T09:00:00,0.485023375
2020-03-10T09:30:00,0.49852390625
2020-03-10T10:00:00,0.512673125
2020-03-10T10:30:00,0.5215533958333333
2020-03-10T11:00:00,0.513869375
2020-03-10T11:30:00,0.4458535937500001
2020-03-10T12:00:00,0.3934855833333333
2020-03-10T12:30:00,0.3937220833333333
2020-03-10T13:00:00,0.41216047916666665
2020-03-10T13:30:00,0.413974125
2020-03-10T14:00:00,0.4071838541666665
2020-03-10T14:30:00,0.40107715625
2020-03-10T15:00:00,0.405555125
2020-03-10T15:30:00,0.41400864583333336
2020-03-10T16:00:00,0.4216272916666666
2020-03-10T16:30:00,0.434536875
2020-03-10T17:00:00,0.43468579166666665
2020-03-10T17:30:00,0.4289992708333333
2020-03-10T18:00:00,0.4160002083333333
2020-03-10T18:30:00,0.39635034375
2020-03-10T19:00:00,0.3656935416666667
2020-03-10T19:30:00,0.3455064583333333
2020-03-10T20:00:00,0.3571686458333333
2020-03-10T20:30:00,0.35246702083333337
2020-03-10T21:00:00,0.3487310416666667
2020-03-10T21:30:00,0.33228691666666665
2020-03-10T22:00:00,0.3068911458333333
2020-03-10T22:30:00,0.25587128125
2020-03-10T23:00:00,0.2055541875
2020-03-10T23:30:00,0.15818997916666666
2020-03-11T00:00:00,0.11954832291666667
2020-03-11T00:30:00,0.09213775
2020-03-11T01:00:00,0.06841901041666666
2020-03-11T01:30:00,0.058944305208333325
2020-03-11T02:00:00,0.05023717395833333
2020-03-11T02:30:00,0.0448788125
2020-03-11T03:00:00,0.04218742291666667
2020-03-11T03:30:00,0.0413537
2020-03-11T04:00:00,0.04404408333333334
2020-03-11T04:30:00,0.052401273958333335
2020-03-11T05:00:00,0.06843914062499999
2020-03-11T05:30:00,0.09818121875
2020-03-11T06:00:00,0.14686860416666667
2020-03-11T06:30:00,0.210755125
2020-03-11T07:00:00,0.2782985520833333
2020-03-11T07:30:00,0.3413914583333333
2020-03-11T08:00:00,0.39193419791666667
2020-03-11T08:30:00,0.4309669375
2020-03-11T09:00:00,0.4673473958333334
2020-03-11T09:30:00,0.4813359375
2020-03-11T10:00:00,0.4972350208333333
2020-03-11T10:30:00,0.5086842395833333
2020-03-11T11:00:00,0.50342778125
2020-03-11T11:30:00,0.44667096875
2020-03-11T12:00:00,0.3972602291666667
2020-03-11T12:30:00,0.39517275
2020-03-11T13:00:00,0.4195746875
2020-03-11T13:30:00,0.4200002395833333
2020-03-11T14:00:00,0.41389125
2020-03-11T14:30:00,0.4100703125
2020-03-11T15:00:00,0.41035858333333336
2020-03-11T15:30:00,0.4197547916666667
2020-03-11T16:00:00,0.4258286145833334
2020-03-11T16:30:00,0.4331075729166667
2020-03-11T17:00:00,0.4347579166666666
2020-03-11T17:30:00,0.4351304166666667
2020-03-11T18:00:00,0.4277031041666666
2020-03-11T18:30:00,0.4076207916666667
2020-03-11T19:00:00,0.3768008333333333
2020-03-11T19:30:00,0.3586595416666667
2020-03-11T20:00:00,0.3671610729166667
2020-03-11T20:30:00,0.34994604166666665
2020-03-11T21:00:00,0.34246593750000004
2020-03-11T21:30:00,0.32891819791666665
2020-03-11T22:00:00,0.2921196458333333
2020-03-11T22:30:00,0.2555277708333333
2020-03-11T23:00:00,0.20906883333333331
2020-03-11T23:30:00,0.15928252083333333
2020-03-12T00:00:00,0.119086
2020-03-12T00:30:00,0.08794715624999999
2020-03-12T01:00:00,0.06694314583333334
2020-03-12T01:30:00,0.058876976041666675
2020-03-12T02:00:00,0.0500663125
2020-03-12T02:30:00,0.044260680208333326
2020-03-12T03:00:00,0.04187265
2020-03-12T03:30:00,0.04194204479166667
2020-03-12T04:00:00,0.04401505208333333
2020-03-12T04:30:00,0.0529569375
2020-03-12T05:00:00,0.06702302395833333
2020-03-12T05:30:00,0.09591239583333333
2020-03-12T06:00:00,0.145310203125
2020-03-12T06:30:00,0.21135551041666667
2020-03-12T07:00:00,0.27591053125000004
2020-03-12T07:30:00,0.3376504583333333
2020-03-12T08:00:00,0.39543951041666653
2020-03-12T08:30:00,0.4330176562500001
2020-03-12T09:00:00,0.4600007916666666
2020-03-12T09:30:00,0.4705392708333334
2020-03-12T10:00:00,0.486999375
2020-03-12T10:30:00,0.4997483854166666
2020-03-12T11:00:00,0.4962734791666667
2020-03-12T11:30:00,0.4362675729166667
2020-03-12T12:00:00,0.3914782291666667
2020-03-12T12:30:00,0.38370152083333336
2020-03-12T13:00:00,0.4022790208333333
2020-03-12T13:30:00,0.40538366666666653
2020-03-12T14:00:00,0.40037516666666667
2020-03-12T14:30:00,0.3979361458333333
2020-03-12T15:00:00,0.40218291666666667
2020-03-12T15:30:00,0.41117635416666665
2020-03-12T16:00:00,0.42004589583333335
2020-03-12T16:30:00,0.4315602395833333
2020-03-12T17:00:00,0.43637025
2020-03-12T17:30:00,0.4323599375
2020-03-12T18:00:00,0.4293264895833333
2020-03-12T18:30:00,0.4085226041666667
2020-03-12T19:00:00,0.3719542708333334
2020-03-12T19:30:00,0.2636931145833333
2020-03-12T20:00:00,0.2670406875
2020-03-12T20:30:00,0.2907726770833333
2020-03-12T21:00:00,0.3026490833333333
2020-03-12T21:30:00,0.29559875
2020-03-12T22:00:00,0.2733826875
2020-03-12T22:30:00,0.2365682083333333
2020-03-12T23:00:00,0.19352385416666665
2020-03-12T23:30:00,0.14889621875
2020-03-13T00:00:00,0.11490007291666668
2020-03-13T00:30:00,0.08814805208333333
2020-03-13T01:00:00,0.06752049375000001
2020-03-13T01:30:00,0.060273517708333335
2020-03-13T02:00:00,0.04943221875
2020-03-13T02:30:00,0.043745541666666665
2020-03-13T03:00:00,0.04022129583333333
2020-03-13T03:30:00,0.04028157916666666
2020-03-13T04:00:00,0.04176944791666667
2020-03-13T04:30:00,0.050013169791666666
2020-03-13T05:00:00,0.063448215625
2020-03-13T05:30:00,0.09058696875
2020-03-13T06:00:00,0.13175021875
2020-03-13T06:30:00,0.1867661875
2020-03-13T07:00:00,0.2443736770833333
2020-03-13T07:30:00,0.29538354166666664
2020-03-13T08:00:00,0.3406757916666667
2020-03-13T08:30:00,0.3750544791666666
2020-03-13T09:00:00,0.4021254166666666
2020-03-13T09:30:00,0.41188475
2020-03-13T10:00:00,0.423265375
2020-03-13T10:30:00,0.4300227083333333
2020-03-13T11:00:00,0.4273688541666667
2020-03-13T11:30:00,0.3816781875
2020-03-13T12:00:00,0.3409558541666667
2020-03-13T12:30:00,0.3276511875
2020-03-13T13:00:00,0.34361729166666666
2020-03-13T13:30:00,0.3567589583333333
2020-03-13T14:00:00,0.3526796458333334
2020-03-13T14:30:00,0.3501438333333333
2020-03-13T15:00:00,0.3551598958333333
2020-03-13T15:30:00,0.3598928854166667
2020-03-13T16:00:00,0.3620913854166667
2020-03-13T16:30:00,0.3694850625
2020-03-13T17:00:00,0.3732629166666667
2020-03-13T17:30:00,0.3774875833333333
2020-03-13T18:00:00,0.3796076770833334
2020-03-13T18:30:00,0.3707108125
2020-03-13T19:00:00,0.3586012916666667
2020-03-13T19:30:00,0.3362522083333333
2020-03-13T20:00:00,0.3337116666666667
2020-03-13T20:30:00,0.32822463541666663
2020-03-13T21:00:00,0.3164202916666667
2020-03-13T21:30:00,0.3012572083333333
2020-03-13T22:00:00,0.27782260416666665
2020-03-13T22:30:00,0.2392636979166667
2020-03-13T23:00:00,0.20477533333333334
2020-03-13T23:30:00,0.16613414583333333
2020-03-14T00:00:00,0.13299963541666668
2020-03-14T00:30:00,0.10217591145833334
2020-03-14T01:00:00,0.0817930625
2020-03-14T01:30:00,0.0717185625
2020-03-14T02:00:00,0.057469604166666674
2020-03-14T02:30:00,0.049380375
2020-03-14T03:00:00,0.043449153125
2020-03-14T03:30:00,0.04120497604166667
2020-03-14T04:00:00,0.04146892083333333
2020-03-14T04:30:00,0.04412044791666666
2020-03-14T05:00:00,0.04925675729166667
2020-03-14T05:30:00,0.06161370833333332
2020-03-14T06:00:00,0.081747934375
2020-03-14T06:30:00,0.12076572916666667
2020-03-14T07:00:00,0.1721812083333333
2020-03-14T07:30:00,0.22565302083333336
2020-03-14T08:00:00,0.274450625
2020-03-14T08:30:00,0.319648625
2020-03-14T09:00:00,0.3580870833333333
2020-03-14T09:30:00,0.386931375
2020-03-14T10:00:00,0.4038951770833333
2020-03-14T10:30:00,0.41986927083333336
2020-03-14T11:00:00,0.42072791666666665
2020-03-14T11:30:00,0.4026275
2020-03-14T12:00:00,0.3792763958333333
2020-03-14T12:30:00,0.36911
2020-03-14T13:00:00,0.3747950416666667
2020-03-14T13:30:00,0.37121116666666665
2020-03-14T14:00:00,0.3677553125
2020-03-14T14:30:00,0.36460435416666653
2020-03-14T15:00:00,0.3592875
2020-03-14T15:30:00,0.35909346875000003
2020-03-14T16:00:00,0.36454232291666666
2020-03-14T16:30:00,0.3731116666666667
2020-03-14T17:00:00,0.3894141875
2020-03-14T17:30:00,0.40478694791666653
2020-03-14T18:00:00,0.41507725
2020-03-14T18:30:00,0.4208788854166667
2020-03-14T19:00:00,0.3917145312500001
2020-03-14T19:30:00,0.3262610833333333
2020-03-14T20:00:00,0.3129002083333333
2020-03-14T20:30:00,0.30735834375
2020-03-14T21:00:00,0.29930526041666666
2020-03-14T21:30:00,0.2881233333333333
2020-03-14T22:00:00,0.2654089375
2020-03-14T22:30:00,0.23841309375
2020-03-14T23:00:00,0.21020420833333334
2020-03-14T23:30:00,0.17685159375
2020-03-15T00:00:00,0.1427873125
2020-03-15T00:30:00,0.11342170833333333
2020-03-15T01:00:00,0.08909803645833332
2020-03-15T01:30:00,0.07793413541666667
2020-03-15T02:00:00,0.06269144791666667
2020-03-15T02:30:00,0.05044766666666667
2020-03-15T03:00:00,0.04328060416666666
2020-03-15T03:30:00,0.039315154166666665
2020-03-15T04:00:00,0.03647585
2020-03-15T04:30:00,0.03582541354166666
2020-03-15T05:00:00,0.03770714791666666
2020-03-15T05:30:00,0.04296857604166667
2020-03-15T06:00:00,0.05746873958333334
2020-03-15T06:30:00,0.08415909375000001
2020-03-15T07:00:00,0.11796678125
2020-03-15T07:30:00,0.15731932291666667
2020-03-15T08:00:00,0.20205
2020-03-15T08:30:00,0.2422707708333333
2020-03-15T09:00:00,0.27823565625
2020-03-15T09:30:00,0.30680507291666664
2020-03-15T10:00:00,0.3284170208333333
2020-03-15T10:30:00,0.3502265625
2020-03-15T11:00:00,0.35173925
2020-03-15T11:30:00,0.338121375
2020-03-15T12:00:00,0.31885179166666666
2020-03-15T12:30:00,0.31167018750000003
2020-03-15T13:00:00,0.31945659375
2020-03-15T13:30:00,0.3371870833333333
2020-03-15T14:00:00,0.3365240104166667
2020-03-15T14:30:00,0.33592781250000003
2020-03-15T15:00:00,0.33314325
2020-03-15T15:30:00,0.3306644375
2020-03-15T16:00:00,0.3383599479166666
2020-03-15T16:30:00,0.34311921875
2020-03-15T17:00:00,0.3485221041666667
2020-03-15T17:30:00,0.3507438541666667
2020-03-15T18:00:00,0.34084435416666664
2020-03-15T18:30:00,0.32201788541666665
2020-03-15T19:00:00,0.30040341666666664
2020-03-15T19:30:00,0.2831893125
2020-03-15T20:00:00,0.28680215625
2020-03-15T20:30:00,0.2830259583333333
2020-03-15T21:00:00,0.27671903125
2020-03-15T21:30:00,0.2577365208333333
2020-03-15T22:00:00,0.2361192083333333
2020-03-15T22:30:00,0.21652658333333333
2020-03-15T23:00:00,0.1806460625
2020-03-15T23:30:00,0.14385469791666666
2020-03-16T00:00:00,0.11257027604166664
2020-03-16T00:30:00,0.08846579166666667
2020-03-16T01:00:00,0.06800377395833332
2020-03-16T01:30:00,0.058475333333333324
2020-03-16T02:00:00,0.04816119791666667
2020-03-16T02:30:00,0.04161625
2020-03-16T03:00:00,0.038142322916666666
2020-03-16T03:30:00,0.03842623958333333
2020-03-16T04:00:00,0.038200246875
2020-03-16T04:30:00,0.04567460729166667
2020-03-16T05:00:00,0.05654975
2020-03-16T05:30:00,0.076586221875
2020-03-16T06:00:00,0.10804692708333334
2020-03-16T06:30:00,0.152962734375
2020-03-16T07:00:00,0.19702732291666664
2020-03-16T07:30:00,0.2381950208333333
2020-03-16T08:00:00,0.2645128125
2020-03-16T08:30:00,0.2910780208333333
2020-03-16T09:00:00,0.31335691666666665
2020-03-16T09:30:00,0.33481999999999995
2020-03-16T10:00:00,0.34150447916666665
2020-03-16T10:30:00,0.3456563125
2020-03-16T11:00:00,0.3372067708333333
2020-03-16T11:30:00,0.299493125
2020-03-16T12:00:00,0.2732466041666667
2020-03-16T12:30:00,0.26875684375000003
2020-03-16T13:00:00,0.28213427083333337
2020-03-16T13:30:00,0.29264327083333336
2020-03-16T14:00:00,0.2945264791666667
2020-03-16T14:30:00,0.2934223958333333
2020-03-16T15:00:00,0.29602931250000003
2020-03-16T15:30:00,0.30176796875
2020-03-16T16:00:00,0.30111932291666665
2020-03-16T16:30:00,0.3043195625
2020-03-16T17:00:00,0.30224147916666666
2020-03-16T17:30:00,0.2955704895833333
2020-03-16T18:00:00,0.2842919270833333
2020-03-16T18:30:00,0.26243815625
2020-03-16T19:00:00,0.23178171875
2020-03-16T19:30:00,0.15317495833333333
2020-03-16T20:00:00,0.2197670833333333
2020-03-16T20:30:00,0.2389849270833333
2020-03-16T21:00:00,0.2400865729166667
2020-03-16T21:30:00,0.2293542708333333
2020-03-16T22:00:00,0.220682125
2020-03-16T22:30:00,0.1905975520833333
2020-03-16T23:00:00,0.16337445833333333
2020-03-16T23:30:00,0.13076434374999998
2020-03-17T00:00:00,0.10438278125
2020-03-17T00:30:00,0.08192365625
2020-03-17T01:00:00,0.065419921875
2020-03-17T01:30:00,0.059443836458333336
2020-03-17T02:00:00,0.05026253541666667
2020-03-17T02:30:00,0.04587263854166667
2020-03-17T03:00:00,0.04234339270833334
2020-03-17T03:30:00,0.04139773333333333
2020-03-17T04:00:00,0.04147255625
2020-03-17T04:30:00,0.04767376041666666
2020-03-17T05:00:00,0.05791751041666667
2020-03-17T05:30:00,0.07477013541666667
2020-03-17T06:00:00,0.09995276041666667
2020-03-17T06:30:00,0.136477125
2020-03-17T07:00:00,0.171320375
2020-03-17T07:30:00,0.20845967708333332
2020-03-17T08:00:00,0.2347557916666667
2020-03-17T08:30:00,0.25999472916666666
2020-03-17T09:00:00,0.2811947916666667
2020-03-17T09:30:00,0.2976777708333333
2020-03-17T10:00:00,0.30195178125
2020-03-17T10:30:00,0.3023050833333333
2020-03-17T11:00:00,0.2813291145833333
2020-03-17T11:30:00,0.2413657083333333
2020-03-17T12:00:00,0.21385796875
2020-03-17T12:30:00,0.2048
2020-03-17T13:00:00,0.21031059375
2020-03-17T13:30:00,0.22174616666666666
2020-03-17T14:00:00,0.2232726041666667
2020-03-17T14:30:00,0.22489410416666664
2020-03-17T15:00:00,0.2259344791666667
2020-03-17T15:30:00,0.22903684375
2020-03-17T16:00:00,0.23294703125
2020-03-17T16:30:00,0.23869760416666666
2020-03-17T17:00:00,0.23695753125
2020-03-17T17:30:00,0.2379193125
2020-03-17T18:00:00,0.2333621145833333
2020-03-17T18:30:00,0.21563921875
2020-03-17T19:00:00,0.1945456875
2020-03-17T19:30:00,0.1854061458333333
2020-03-17T20:00:00,0.1963015625
2020-03-17T20:30:00,0.2009899791666667
2020-03-17T21:00:00,0.204657375
2020-03-17T21:30:00,0.20584253125
2020-03-17T22:00:00,0.19043453125
2020-03-17T22:30:00,0.16788573958333333
2020-03-17T23:00:00,0.14438861458333332
2020-03-17T23:30:00,0.11721767708333335
2020-03-18T00:00:00,0.09138619791666668
2020-03-18T00:30:00,0.07242500833333332
2020-03-18T01:00:00,0.05594777083333333
2020-03-18T01:30:00,0.0512554375
2020-03-18T02:00:00,0.04376636979166667
2020-03-18T02:30:00,0.03922024166666666
2020-03-18T03:00:00,0.03359579791666666
2020-03-18T03:30:00,0.03351797395833333
2020-03-18T04:00:00,0.033194087500000004
2020-03-18T04:30:00,0.0371274875
2020-03-18T05:00:00,0.0427625875
2020-03-18T05:30:00,0.054125483333333335
2020-03-18T06:00:00,0.07114225
2020-03-18T06:30:00,0.096897234375
2020-03-18T07:00:00,0.12637766666666667
2020-03-18T07:30:00,0.15721825
2020-03-18T08:00:00,0.18492595833333333
2020-03-18T08:30:00,0.2144093125
2020-03-18T09:00:00,0.23795690625
2020-03-18T09:30:00,0.2531887083333333
2020-03-18T10:00:00,0.2600828020833333
2020-03-18T10:30:00,0.2642736666666667
2020-03-18T11:00:00,0.2608233333333333
2020-03-18T11:30:00,0.2335388854166667
2020-03-18T12:00:00,0.2060303333333333
2020-03-18T12:30:00,0.19886147916666666
2020-03-18T13:00:00,0.210847375
2020-03-18T13:30:00,0.2226025625
2020-03-18T14:00:00,0.2255893125
2020-03-18T14:30:00,0.2253055520833333
2020-03-18T15:00:00,0.2266606875
2020-03-18T15:30:00,0.22956396875
2020-03-18T16:00:00,0.2320268125
2020-03-18T16:30:00,0.23820577083333336
2020-03-18T17:00:00,0.2429007708333333
2020-03-18T17:30:00,0.24547346875
2020-03-18T18:00:00,0.2458085208333333
2020-03-18T18:30:00,0.2260597395833333
2020-03-18T19:00:00,0.20645885416666665
2020-03-18T19:30:00,0.19770421875
2020-03-18T20:00:00,0.19968547916666668
2020-03-18T20:30:00,0.2279652708333333
2020-03-18T21:00:00,0.2345705
2020-03-18T21:30:00,0.2295751770833333
2020-03-18T22:00:00,0.21039009375
2020-03-18T22:30:00,0.17968760416666665
2020-03-18T23:00:00,0.15244919791666667
2020-03-18T23:30:00,0.12429677083333332
2020-03-19T00:00:00,0.09840750000000001
2020-03-19T00:30:00,0.07863547916666667
2020-03-19T01:00:00,0.06207727395833334
2020-03-19T01:30:00,0.05616564583333333
2020-03-19T02:00:00,0.04635557083333333
2020-03-19T02:30:00,0.040618586458333335
2020-03-19T03:00:00,0.03634094895833333
2020-03-19T03:30:00,0.035450036458333334
2020-03-19T04:00:00,0.03355395833333333
2020-03-19T04:30:00,0.03780475729166666
2020-03-19T05:00:00,0.04217086770833334
2020-03-19T05:30:00,0.05201696875
2020-03-19T06:00:00,0.0697495
2020-03-19T06:30:00,0.09477784375
2020-03-19T07:00:00,0.12283585416666665
2020-03-19T07:30:00,0.15609526041666666
2020-03-19T08:00:00,0.18674210416666667
2020-03-19T08:30:00,0.21678682291666665
2020-03-19T09:00:00,0.2423669270833333
2020-03-19T09:30:00,0.255409375
2020-03-19T10:00:00,0.2682734479166667
2020-03-19T10:30:00,0.27657109375
2020-03-19T11:00:00,0.27303721875000003
2020-03-19T11:30:00,0.2430671458333333
2020-03-19T12:00:00,0.2103985416666667
2020-03-19T12:30:00,0.20840013541666666
2020-03-19T13:00:00,0.21973975
2020-03-19T13:30:00,0.2329808125
2020-03-19T14:00:00,0.23451747916666665
2020-03-19T14:30:00,0.2329123645833333
2020-03-19T15:00:00,0.23290239583333336
2020-03-19T15:30:00,0.2369786666666667
2020-03-19T16:00:00,0.2392246770833333
2020-03-19T16:30:00,0.2428999583333333
2020-03-19T17:00:00,0.24499471875
2020-03-19T17:30:00,0.24652249999999998
2020-03-19T18:00:00,0.24406288541666665
2020-03-19T18:30:00,0.2264209583333333
2020-03-19T19:00:00,0.20979428125
2020-03-19T19:30:00,0.20257621875
2020-03-19T20:00:00,0.20423195833333327
2020-03-19T20:30:00,0.21263447916666667
2020-03-19T21:00:00,0.2065102708333333
2020-03-19T21:30:00,0.20619397916666668
2020-03-19T22:00:00,0.19260357291666666
2020-03-19T22:30:00,0.17509
2020-03-19T23:00:00,0.14943840625000002
2020-03-19T23:30:00,0.12573695833333334
2020-03-20T00:00:00,0.1030944375
2020-03-20T00:30:00,0.08425325
2020-03-20T01:00:00,0.06606158333333333
2020-03-20T01:30:00,0.058631677083333326
2020-03-20T02:00:00,0.047470982291666665
2020-03-20T02:30:00,0.04186771875
2020-03-20T03:00:00,0.03716174791666667
2020-03-20T03:30:00,0.03447228125
2020-03-20T04:00:00,0.034238686458333334
2020-03-20T04:30:00,0.03722811979166667
2020-03-20T05:00:00,0.04269058333333334
2020-03-20T05:30:00,0.053096413541666665
2020-03-20T06:00:00,0.06924960416666666
2020-03-20T06:30:00,0.09843767708333334
2020-03-20T07:00:00,0.12711130208333335
2020-03-20T07:30:00,0.16120139583333334
2020-03-20T08:00:00,0.19224490625
2020-03-20T08:30:00,0.228928125
2020-03-20T09:00:00,0.2505828125
2020-03-20T09:30:00,0.2662479895833333
2020-03-20T10:00:00,0.2732631979166667
2020-03-20T10:30:00,0.2839252708333333
2020-03-20T11:00:00,0.27739544791666665
2020-03-20T11:30:00,0.2456517708333333
2020-03-20T12:00:00,0.21561769791666666
2020-03-20T12:30:00,0.21029760416666665
2020-03-20T13:00:00,0.21995216666666664
2020-03-20T13:30:00,0.2318845833333333
2020-03-20T14:00:00,0.23376475
2020-03-20T14:30:00,0.2350098333333333
2020-03-20T15:00:00,0.2366820625
2020-03-20T15:30:00,0.24038408333333336
2020-03-20T16:00:00,0.2397391770833333
2020-03-20T16:30:00,0.2378621666666667
2020-03-20T17:00:00,0.2398624375
2020-03-20T17:30:00,0.2431578854166667
2020-03-20T18:00:00,0.2385504791666667
2020-03-20T18:30:00,0.22303189583333333
2020-03-20T19:00:00,0.2054472604166667
2020-03-20T19:30:00,0.20110916666666667
2020-03-20T20:00:00,0.20250215625
2020-03-20T20:30:00,0.20748029166666668
2020-03-20T21:00:00,0.2108184375
2020-03-20T21:30:00,0.2098635625
2020-03-20T22:00:00,0.19299840625
2020-03-20T22:30:00,0.1783555208333333
2020-03-20T23:00:00,0.15413448958333334
2020-03-20T23:30:00,0.12706476041666667
2020-03-21T00:00:00,0.10245014583333334
2020-03-21T00:30:00,0.08344096875
2020-03-21T01:00:00,0.06783558333333332
2020-03-21T01:30:00,0.06004852083333333
2020-03-21T02:00:00,0.04784369791666667
2020-03-21T02:30:00,0.04138754791666666
2020-03-21T03:00:00,0.036536948958333336
2020-03-21T03:30:00,0.0341476
2020-03-21T04:00:00,0.030993508333333333
2020-03-21T04:30:00,0.03210595833333333
2020-03-21T05:00:00,0.034598442708333337
2020-03-21T05:30:00,0.03854959166666667
2020-03-21T06:00:00,0.050647354166666665
2020-03-21T06:30:00,0.07033097916666667
2020-03-21T07:00:00,0.09542352083333333
2020-03-21T07:30:00,0.12451866666666668
2020-03-21T08:00:00,0.1552841875
2020-03-21T08:30:00,0.18205889583333332
2020-03-21T09:00:00,0.20735013541666664
2020-03-21T09:30:00,0.2260973645833333
2020-03-21T10:00:00,0.24271125
2020-03-21T10:30:00,0.25796371875
2020-03-21T11:00:00,0.25471109375
2020-03-21T11:30:00,0.2361165104166667
2020-03-21T12:00:00,0.21442871875
2020-03-21T12:30:00,0.21124479166666665
2020-03-21T13:00:00,0.21694815625
2020-03-21T13:30:00,0.22365017708333332
2020-03-21T14:00:00,0.22140080208333332
2020-03-21T14:30:00,0.2309706458333333
2020-03-21T15:00:00,0.2367325208333333
2020-03-21T15:30:00,0.2338076041666667
2020-03-21T16:00:00,0.2355850520833333
2020-03-21T16:30:00,0.2440539791666667
2020-03-21T17:00:00,0.2564723645833333
2020-03-21T17:30:00,0.26253522916666666
2020-03-21T18:00:00,0.27188594791666665
2020-03-21T18:30:00,0.27244416666666665
2020-03-21T19:00:00,0.25940394791666666
2020-03-21T19:30:00,0.22298745833333333
2020-03-21T20:00:00,0.2385158333333333
2020-03-21T20:30:00,0.2516368645833333
2020-03-21T21:00:00,0.2542192291666667
2020-03-21T21:30:00,0.24631534375
2020-03-21T22:00:00,0.22546938541666664
2020-03-21T22:30:00,0.21040846875
2020-03-21T23:00:00,0.1828388125
2020-03-21T23:30:00,0.15454228125
2020-03-22T00:00:00,0.12677391666666668
2020-03-22T00:30:00,0.10018852083333334
2020-03-22T01:00:00,0.07926214583333334
2020-03-22T01:30:00,0.07097896875
2020-03-22T02:00:00,0.059508621875
2020-03-22T02:30:00,0.04830545833333333
2020-03-22T03:00:00,0.04265708333333334
2020-03-22T03:30:00,0.03726811666666666
2020-03-22T04:00:00,0.03441501875
2020-03-22T04:30:00,0.033837919791666664
2020-03-22T05:00:00,0.0348931125
2020-03-22T05:30:00,0.038670596875
2020-03-22T06:00:00,0.0484975125
2020-03-22T06:30:00,0.06768397916666667
2020-03-22T07:00:00,0.09487947916666667
2020-03-22T07:30:00,0.12075029166666668
2020-03-22T08:00:00,0.15808070833333335
2020-03-22T08:30:00,0.18972925
2020-03-22T09:00:00,0.22035654166666666
2020-03-22T09:30:00,0.24426311458333336
2020-03-22T10:00:00,0.2657807916666667
2020-03-22T10:30:00,0.2889660625
2020-03-22T11:00:00,0.28840104166666664
2020-03-22T11:30:00,0.26508359375
2020-03-22T12:00:00,0.2455217395833333
2020-03-22T12:30:00,0.2359688854166667
2020-03-22T13:00:00,0.26102575
2020-03-22T13:30:00,0.26755001041666665
2020-03-22T14:00:00,0.2628857083333333
2020-03-22T14:30:00,0.27401566666666666
2020-03-22T15:00:00,0.26835069791666666
2020-03-22T15:30:00,0.2729229895833333
2020-03-22T16:00:00,0.28800552083333336
2020-03-22T16:30:00,0.3011244375
2020-03-22T17:00:00,0.3126761875
2020-03-22T17:30:00,0.3154535729166667
2020-03-22T18:00:00,0.3173614375
2020-03-22T18:30:00,0.2888494895833333
2020-03-22T19:00:00,0.2642396458333333
2020-03-22T19:30:00,0.2589776875
2020-03-22T20:00:00,0.26475634375
2020-03-22T20:30:00,0.26781825
2020-03-22T21:00:00,0.252746125
2020-03-22T21:30:00,0.24189513541666666
2020-03-22T22:00:00,0.2352915208333333
2020-03-22T22:30:00,0.2289361979166667
2020-03-22T23:00:00,0.19817859375
2020-03-22T23:30:00,0.15639919791666665
2020-03-23T00:00:00,0.12700670833333333
2020-03-23T00:30:00,0.10134434375
2020-03-23T01:00:00,0.08040825520833332
2020-03-23T01:30:00,0.06997798333333334
2020-03-23T02:00:00,0.05825272916666666
2020-03-23T02:30:00,0.047788520833333334
2020-03-23T03:00:00,0.042431275
2020-03-23T03:30:00,0.039036840625
2020-03-23T04:00:00,0.03788439583333333
2020-03-23T04:30:00,0.041235670833333335
2020-03-23T05:00:00,0.04461339166666667
2020-03-23T05:30:00,0.05414378125
2020-03-23T06:00:00,0.07129904166666666
2020-03-23T06:30:00,0.09764160416666667
2020-03-23T07:00:00,0.12944864583333335
2020-03-23T07:30:00,0.16838284375
2020-03-23T08:00:00,0.20291133333333333
2020-03-23T08:30:00,0.23600078125
2020-03-23T09:00:00,0.2646125
2020-03-23T09:30:00,0.2892346979166667
2020-03-23T10:00:00,0.3037491041666667
2020-03-23T10:30:00,0.3187625625
2020-03-23T11:00:00,0.3138935
2020-03-23T11:30:00,0.2802958125
2020-03-23T12:00:00,0.2439119270833333
2020-03-23T12:30:00,0.23731090625
2020-03-23T13:00:00,0.2525451354166667
2020-03-23T13:30:00,0.26568703125
2020-03-23T14:00:00,0.27365666666666666
2020-03-23T14:30:00,0.271669375
2020-03-23T15:00:00,0.2692476875
2020-03-23T15:30:00,0.2718463958333333
2020-03-23T16:00:00,0.27507653125000003
2020-03-23T16:30:00,0.28226703125
2020-03-23T17:00:00,0.28325319791666664
2020-03-23T17:30:00,0.28789472916666664
2020-03-23T18:00:00,0.2838335625
2020-03-23T18:30:00,0.26139275
2020-03-23T19:00:00,0.2325498229166667
2020-03-23T19:30:00,0.24069340625
2020-03-23T20:00:00,0.2968595833333333
2020-03-23T20:30:00,0.28902451041666666
2020-03-23T21:00:00,0.2760340208333333
2020-03-23T21:30:00,0.2736891458333333
2020-03-23T22:00:00,0.2525505208333333
2020-03-23T22:30:00,0.238541625
2020-03-23T23:00:00,0.1993098854166667
2020-03-23T23:30:00,0.16184952083333334
2020-03-24T00:00:00,0.13249778125
2020-03-24T00:30:00,0.10620408333333332
2020-03-24T01:00:00,0.08438159375
2020-03-24T01:30:00,0.07466504166666668
2020-03-24T02:00:00,0.05847571875
2020-03-24T02:30:00,0.05084330208333334
2020-03-24T03:00:00,0.04517782708333334
2020-03-24T03:30:00,0.04154193125
2020-03-24T04:00:00,0.04040991666666666
2020-03-24T04:30:00,0.04392930833333333
2020-03-24T05:00:00,0.04940204791666666
2020-03-24T05:30:00,0.0624965
2020-03-24T06:00:00,0.08293759375
2020-03-24T06:30:00,0.11369677083333335
2020-03-24T07:00:00,0.15126650520833332
2020-03-24T07:30:00,0.19653078125
2020-03-24T08:00:00,0.2337491666666667
2020-03-24T08:30:00,0.27201454166666666
2020-03-24T09:00:00,0.30432263541666665
2020-03-24T09:30:00,0.32925221875
2020-03-24T10:00:00,0.3429289583333333
2020-03-24T10:30:00,0.35153452083333336
2020-03-24T11:00:00,0.3451577395833333
2020-03-24T11:30:00,0.3028397708333333
2020-03-24T12:00:00,0.27157090625
2020-03-24T12:30:00,0.26786182291666666
2020-03-24T13:00:00,0.2899657083333333
2020-03-24T13:30:00,0.29394734375000003
2020-03-24T14:00:00,0.2927492291666667
2020-03-24T14:30:00,0.2908793125
2020-03-24T15:00:00,0.2943333958333333
2020-03-24T15:30:00,0.2972666458333333
2020-03-24T16:00:00,0.298211875
2020-03-24T16:30:00,0.301732875
2020-03-24T17:00:00,0.3031087708333333
2020-03-24T17:30:00,0.30559528125
2020-03-24T18:00:00,0.29865947916666663
2020-03-24T18:30:00,0.2705891145833333
2020-03-24T19:00:00,0.2461668020833333
2020-03-24T19:30:00,0.25114576041666664
2020-03-24T20:00:00,0.2484589583333333
2020-03-24T20:30:00,0.2419846041666667
2020-03-24T21:00:00,0.2460075625
2020-03-24T21:30:00,0.2395690520833333
2020-03-24T22:00:00,0.2326539166666667
2020-03-24T22:30:00,0.21391669791666668
2020-03-24T23:00:00,0.1847302083333333
2020-03-24T23:30:00,0.15663895833333333
2020-03-25T00:00:00,0.12834505208333333
2020-03-25T00:30:00,0.10217840625
2020-03-25T01:00:00,0.08148475000000001
2020-03-25T01:30:00,0.07395779166666668
2020-03-25T02:00:00,0.061535541666666665
2020-03-25T02:30:00,0.053385705208333335
2020-03-25T03:00:00,0.04659844791666667
2020-03-25T03:30:00,0.04402548541666667
2020-03-25T04:00:00,0.040866025
2020-03-25T04:30:00,0.043434885416666666
2020-03-25T05:00:00,0.05006330208333334
2020-03-25T05:30:00,0.06242030833333333
2020-03-25T06:00:00,0.08087141354166667
2020-03-25T06:30:00,0.113789578125
2020-03-25T07:00:00,0.14962615625
2020-03-25T07:30:00,0.19195632291666667
2020-03-25T08:00:00,0.2347698229166667
2020-03-25T08:30:00,0.2747275208333333
2020-03-25T09:00:00,0.3123534479166667
2020-03-25T09:30:00,0.3387735729166667
2020-03-25T10:00:00,0.3529285208333333
2020-03-25T10:30:00,0.3615361458333333
2020-03-25T11:00:00,0.35860435416666664
2020-03-25T11:30:00,0.3189966041666667
2020-03-25T12:00:00,0.2770648958333333
2020-03-25T12:30:00,0.2678762083333333
2020-03-25T13:00:00,0.28867479166666665
2020-03-25T13:30:00,0.2978159583333333
2020-03-25T14:00:00,0.3016949895833333
2020-03-25T14:30:00,0.3060447395833333
2020-03-25T15:00:00,0.3055596354166667
2020-03-25T15:30:00,0.3016967395833333
2020-03-25T16:00:00,0.3034712083333333
2020-03-25T16:30:00,0.3097216458333333
2020-03-25T17:00:00,0.3162733958333333
2020-03-25T17:30:00,0.31786988541666666
2020-03-25T18:00:00,0.3068779895833333
2020-03-25T18:30:00,0.28282697916666666
2020-03-25T19:00:00,0.25178690625
2020-03-25T19:30:00,0.2545313854166667
2020-03-25T20:00:00,0.2551757708333333
2020-03-25T20:30:00,0.25716260416666664
2020-03-25T21:00:00,0.26423
2020-03-25T21:30:00,0.27166875
2020-03-25T22:00:00,0.25040757291666665
2020-03-25T22:30:00,0.2260980833333333
2020-03-25T23:00:00,0.196935625
2020-03-25T23:30:00,0.1584098125
2020-03-26T00:00:00,0.127323375
2020-03-26T00:30:00,0.101624578125
2020-03-26T01:00:00,0.08034690625
2020-03-26T01:30:00,0.07199148958333333
2020-03-26T02:00:00,0.060556640625
2020-03-26T02:30:00,0.05190188229166666
2020-03-26T03:00:00,0.04695588854166666
2020-03-26T03:30:00,0.043662708333333335
2020-03-26T04:00:00,0.04330484375
2020-03-26T04:30:00,0.04728895833333333
2020-03-26T05:00:00,0.05069172395833333
2020-03-26T05:30:00,0.06115928125
2020-03-26T06:00:00,0.08015845208333333
2020-03-26T06:30:00,0.11028107291666668
2020-03-26T07:00:00,0.14753515625
2020-03-26T07:30:00,0.18960380208333336
2020-03-26T08:00:00,0.23272250000000005
2020-03-26T08:30:00,0.2747738125
2020-03-26T09:00:00,0.3110101770833333
2020-03-26T09:30:00,0.3378971458333333
2020-03-26T10:00:00,0.3552477708333333
2020-03-26T10:30:00,0.3714933020833333
2020-03-26T11:00:00,0.36867304166666665
2020-03-26T11:30:00,0.3282379270833333
2020-03-26T12:00:00,0.2847984270833333
2020-03-26T12:30:00,0.2803133958333333
2020-03-26T13:00:00,0.2928114375
2020-03-26T13:30:00,0.306831125
2020-03-26T14:00:00,0.3124222708333333
2020-03-26T14:30:00,0.3094519375
2020-03-26T15:00:00,0.3099361458333333
2020-03-26T15:30:00,0.3079902083333333
2020-03-26T16:00:00,0.31342178125000003
2020-03-26T16:30:00,0.31364085416666665
2020-03-26T17:00:00,0.3148040416666667
2020-03-26T17:30:00,0.3156170625
2020-03-26T18:00:00,0.30818169791666666
2020-03-26T18:30:00,0.28046033333333337
2020-03-26T19:00:00,0.252379875
2020-03-26T19:30:00,0.2470508333333333
2020-03-26T20:00:00,0.2609785208333333
2020-03-26T20:30:00,0.2503355520833333
2020-03-26T21:00:00,0.2429689375
2020-03-26T21:30:00,0.2425475
2020-03-26T22:00:00,0.2337160416666667
2020-03-26T22:30:00,0.21335573958333331
2020-03-26T23:00:00,0.18951090625
2020-03-26T23:30:00,0.15455464583333334
2020-03-27T00:00:00,0.13089466666666666
2020-03-27T00:30:00,0.10498492708333332
2020-03-27T01:00:00,0.08498784895833332
2020-03-27T01:30:00,0.07592216145833333
2020-03-27T02:00:00,0.06076604166666666
2020-03-27T02:30:00,0.05408432291666667
2020-03-27T03:00:00,0.04839543541666667
2020-03-27T03:30:00,0.04468341145833333
2020-03-27T04:00:00,0.04196682291666667
2020-03-27T04:30:00,0.044915308333333334
2020-03-27T05:00:00,0.05127019166666666
2020-03-27T05:30:00,0.061029989583333326
2020-03-27T06:00:00,0.080236475
2020-03-27T06:30:00,0.11035172916666668
2020-03-27T07:00:00,0.14697022916666666
2020-03-27T07:30:00,0.18850330208333327
2020-03-27T08:00:00,0.2305466979166667
2020-03-27T08:30:00,0.26853822916666664
2020-03-27T09:00:00,0.3027700208333333
2020-03-27T09:30:00,0.327509125
2020-03-27T10:00:00,0.3452614583333333
2020-03-27T10:30:00,0.35656702083333336
2020-03-27T11:00:00,0.3504470625
2020-03-27T11:30:00,0.3116196875
2020-03-27T12:00:00,0.2736537604166667
2020-03-27T12:30:00,0.26783375
2020-03-27T13:00:00,0.29526938541666664
2020-03-27T13:30:00,0.29971670833333336
2020-03-27T14:00:00,0.30117478125
2020-03-27T14:30:00,0.2996064583333333
2020-03-27T15:00:00,0.2953302708333333
2020-03-27T15:30:00,0.29184547916666664
2020-03-27T16:00:00,0.2905236666666667
2020-03-27T16:30:00,0.29067582291666666
2020-03-27T17:00:00,0.2936355520833333
2020-03-27T17:30:00,0.2978730833333333
2020-03-27T18:00:00,0.2938536041666667
2020-03-27T18:30:00,0.26999755208333337
2020-03-27T19:00:00,0.2539564166666667
2020-03-27T19:30:00,0.24177483333333336
2020-03-27T20:00:00,0.25229997916666663
2020-03-27T20:30:00,0.2569049583333333
2020-03-27T21:00:00,0.2568595208333333
2020-03-27T21:30:00,0.2456027708333333
2020-03-27T22:00:00,0.2362391145833333
2020-03-27T22:30:00,0.2252672708333333
2020-03-27T23:00:00,0.19440327083333334
2020-03-27T23:30:00,0.16522732291666667
2020-03-28T00:00:00,0.13743666666666668
2020-03-28T00:30:00,0.11147379166666667
2020-03-28T01:00:00,0.08784253125000001
2020-03-28T01:30:00,0.07975179166666667
2020-03-28T02:00:00,0.06497545833333332
2020-03-28T02:30:00,0.05842598958333334
2020-03-28T03:00:00,0.04890680833333333
2020-03-28T03:30:00,0.044396375
2020-03-28T04:00:00,0.04170305520833333
2020-03-28T04:30:00,0.04348640625
2020-03-28T05:00:00,0.046621239583333335
2020-03-28T05:30:00,0.05198921875
2020-03-28T06:00:00,0.06548573541666666
2020-03-28T06:30:00,0.09002472916666666
2020-03-28T07:00:00,0.12244957291666668
2020-03-28T07:30:00,0.15832578125
2020-03-28T08:00:00,0.2010583125
2020-03-28T08:30:00,0.2366510208333333
2020-03-28T09:00:00,0.2671995
2020-03-28T09:30:00,0.2916123958333333
2020-03-28T10:00:00,0.3120992395833333
2020-03-28T10:30:00,0.3229205416666667
2020-03-28T11:00:00,0.3164119375
2020-03-28T11:30:00,0.2941729583333333
2020-03-28T12:00:00,0.267911375
2020-03-28T12:30:00,0.2717525
2020-03-28T13:00:00,0.2749294270833333
2020-03-28T13:30:00,0.28201878125
2020-03-28T14:00:00,0.27906340625
2020-03-28T14:30:00,0.2831673645833333
2020-03-28T15:00:00,0.28242069791666663
2020-03-28T15:30:00,0.28455678125
2020-03-28T16:00:00,0.28710885416666665
2020-03-28T16:30:00,0.2959194583333333
2020-03-28T17:00:00,0.3068582395833333
2020-03-28T17:30:00,0.31498478125
2020-03-28T18:00:00,0.31497754166666664
2020-03-28T18:30:00,0.3287955208333333
2020-03-28T19:00:00,0.2738576354166667
2020-03-28T19:30:00,0.26227867708333336
2020-03-28T20:00:00,0.2863513541666667
2020-03-28T20:30:00,0.28882940625000003
2020-03-28T21:00:00,0.28319771875
2020-03-28T21:30:00,0.2686147083333333
2020-03-28T22:00:00,0.2605752708333333
2020-03-28T22:30:00,0.24137671875
2020-03-28T23:00:00,0.2100998125
2020-03-28T23:30:00,0.17964901041666667
2020-03-29T00:00:00,0.15348320833333332
2020-03-29T00:30:00,0.12433011458333333
2020-03-29T01:00:00,0.10277367708333332
2020-03-29T01:30:00,0.08750959375
2020-03-29T02:00:00,0.07191136979166668
2020-03-29T02:30:00,0.060401504166666675
2020-03-29T03:00:00,0.05203815625
2020-03-29T03:30:00,0.0464126125
2020-03-29T04:00:00,0.04319059375
2020-03-29T04:30:00,0.044478177083333334
2020-03-29T05:00:00,0.04605871458333333
2020-03-29T05:30:00,0.05063436458333333
2020-03-29T06:00:00,0.06214928125
2020-03-29T06:30:00,0.08670363541666666
2020-03-29T07:00:00,0.11900773958333333
2020-03-29T07:30:00,0.15694354166666666
2020-03-29T08:00:00,0.1976087291666667
2020-03-29T08:30:00,0.2375968125
2020-03-29T09:00:00,0.2795356875
2020-03-29T09:30:00,0.31049587500000003
2020-03-29T10:00:00,0.3269388645833333
2020-03-29T10:30:00,0.3244949375
2020-03-29T11:00:00,0.32299300000000003
2020-03-29T11:30:00,0.3070887291666667
2020-03-29T12:00:00,0.33308583333333336
2020-03-29T12:30:00,0.3321223958333333
2020-03-29T13:00:00,0.3357565625
2020-03-29T13:30:00,0.3393089375
2020-03-29T14:00:00,0.3279677083333333
2020-03-29T14:30:00,0.33467971875
2020-03-29T15:00:00,0.3501248333333333
2020-03-29T15:30:00,0.3584734583333333
2020-03-29T16:00:00,0.37067420833333337
2020-03-29T16:30:00,0.38792494791666665
2020-03-29T17:00:00,0.36616746875
2020-03-29T17:30:00,0.3441309375
2020-03-29T18:00:00,0.32414228125
2020-03-29T18:30:00,0.29210122916666664
2020-03-29T19:00:00,0.30374984375
2020-03-29T19:30:00,0.2853115625
2020-03-29T20:00:00,0.2826609583333333
2020-03-29T20:30:00,0.28963690625
2020-03-29T21:00:00,0.27900455208333336
2020-03-29T21:30:00,0.2821785208333333
2020-03-29T22:00:00,0.2515520416666667
2020-03-29T22:30:00,0.21898057291666664
2020-03-29T23:00:00,0.1918133125
2020-03-29T23:30:00,0.15792595833333334
2020-03-30T00:00:00,0.12408645833333333
2020-03-30T00:30:00,0.10424526041666668
2020-03-30T01:00:00,0.08432190625000001
2020-03-30T01:30:00,0.07672207291666668
2020-03-30T02:00:00,0.06375446458333334
2020-03-30T02:30:00,0.056806494791666676
2020-03-30T03:00:00,0.05281104166666667
2020-03-30T03:30:00,0.051141625
2020-03-30T04:00:00,0.053404135416666665
2020-03-30T04:30:00,0.06073560833333332
2020-03-30T05:00:00,0.07405913541666666
2020-03-30T05:30:00,0.09275122916666667
2020-03-30T06:00:00,0.11882895833333333
2020-03-30T06:30:00,0.15491405208333334
2020-03-30T07:00:00,0.19723759375
2020-03-30T07:30:00,0.2427145208333333
2020-03-30T08:00:00,0.2815150208333333
2020-03-30T08:30:00,0.31703575
2020-03-30T09:00:00,0.3488367708333333
2020-03-30T09:30:00,0.3745398541666667
2020-03-30T10:00:00,0.38316170833333335
2020-03-30T10:30:00,0.3541090625
2020-03-30T11:00:00,0.3113514791666667
2020-03-30T11:30:00,0.3174753958333333
2020-03-30T12:00:00,0.3945639895833333
2020-03-30T12:30:00,0.3587759375
2020-03-30T13:00:00,0.35800197916666665
2020-03-30T13:30:00,0.3474439375
2020-03-30T14:00:00,0.3452188125
2020-03-30T14:30:00,0.3393067916666667
2020-03-30T15:00:00,0.3349484583333333
2020-03-30T15:30:00,0.33715072916666666
2020-03-30T16:00:00,0.3372888125
2020-03-30T16:30:00,0.3365224583333333
2020-03-30T17:00:00,0.32357901041666665
2020-03-30T17:30:00,0.3001465833333333
2020-03-30T18:00:00,0.2718083645833333
2020-03-30T18:30:00,0.25907053125
2020-03-30T19:00:00,0.27235425
2020-03-30T19:30:00,0.26161121875
2020-03-30T20:00:00,0.27007261458333337
2020-03-30T20:30:00,0.2773266875
2020-03-30T21:00:00,0.2739636875
2020-03-30T21:30:00,0.2619714583333333
2020-03-30T22:00:00,0.2328529583333333
2020-03-30T22:30:00,0.19851614583333327
2020-03-30T23:00:00,0.16182898958333333
2020-03-30T23:30:00,0.13274517708333333
2020-03-31T00:00:00,0.10894925
2020-03-31T00:30:00,0.09486904166666668
2020-03-31T01:00:00,0.08061925
2020-03-31T01:30:00,0.07003655208333333
2020-03-31T02:00:00,0.059382927083333335
2020-03-31T02:30:00,0.05370210416666666
2020-03-31T03:00:00,0.0509195
2020-03-31T03:30:00,0.05166284375
2020-03-31T04:00:00,0.05420559375
2020-03-31T04:30:00,0.06149516666666666
2020-03-31T05:00:00,0.07571096249999999
2020-03-31T05:30:00,0.1011016875
2020-03-31T06:00:00,0.1291594375
2020-03-31T06:30:00,0.16917290625
2020-03-31T07:00:00,0.21293490625
2020-03-31T07:30:00,0.2610426979166667
2020-03-31T08:00:00,0.30015729166666666
2020-03-31T08:30:00,0.33431458333333336
2020-03-31T09:00:00,0.3590239270833333
2020-03-31T09:30:00,0.3826438541666666
2020-03-31T10:00:00,0.3901043333333333
2020-03-31T10:30:00,0.3410938229166667
2020-03-31T11:00:00,0.3184060416666667
2020-03-31T11:30:00,0.323866125
2020-03-31T12:00:00,0.34670559375000004
2020-03-31T12:30:00,0.3479789583333333
2020-03-31T13:00:00,0.3486764791666667
2020-03-31T13:30:00,0.3385800520833333
2020-03-31T14:00:00,0.3309863020833333
2020-03-31T14:30:00,0.32677034375
2020-03-31T15:00:00,0.3218925833333333
2020-03-31T15:30:00,0.3225247083333333
2020-03-31T16:00:00,0.32301997916666664
2020-03-31T16:30:00,0.3215270208333333
2020-03-31T17:00:00,0.31496489583333337
2020-03-31T17:30:00,0.29817270833333337
2020-03-31T18:00:00,0.27276688541666666
2020-03-31T18:30:00,0.25092885416666666
2020-03-31T19:00:00,0.2532554166666667
2020-03-31T19:30:00,0.2864056458333333
2020-03-31T20:00:00,0.28365697916666666
2020-03-31T20:30:00,0.26191409375
2020-03-31T21:00:00,0.273939625
2020-03-31T21:30:00,0.2492039791666667
2020-03-31T22:00:00,0.22432158333333327
2020-03-31T22:30:00,0.19576083333333336
2020-03-31T23:00:00,0.15742930208333333
2020-03-31T23:30:00,0.12591304166666667
2020-04-01T00:00:00,0.10466521875
2020-04-01T00:30:00,0.09111953125
2020-04-01T01:00:00,0.07669164270833333
2020-04-01T01:30:00,0.06826990625
2020-04-01T02:00:00,0.060669729166666665
2020-04-01T02:30:00,0.05639735416666666
2020-04-01T03:00:00,0.05017105208333333
2020-04-01T03:30:00,0.05070270104166666
2020-04-01T04:00:00,0.05261091666666667
2020-04-01T04:30:00,0.061066766666666675
2020-04-01T05:00:00,0.0747759375
2020-04-01T05:30:00,0.10066220833333334
2020-04-01T06:00:00,0.13039808333333333
2020-04-01T06:30:00,0.17009179166666666
2020-04-01T07:00:00,0.21327785416666667
2020-04-01T07:30:00,0.2591755833333333
2020-04-01T08:00:00,0.2981034375
2020-04-01T08:30:00,0.33216941666666666
2020-04-01T09:00:00,0.3589897916666667
2020-04-01T09:30:00,0.3777525
2020-04-01T10:00:00,0.3777470208333333
2020-04-01T10:30:00,0.34420979166666665
2020-04-01T11:00:00,0.3133272708333333
2020-04-01T11:30:00,0.3073491458333333
2020-04-01T12:00:00,0.3446660416666667
2020-04-01T12:30:00,0.3430388541666667
2020-04-01T13:00:00,0.3425276041666667
2020-04-01T13:30:00,0.3354266041666667
2020-04-01T14:00:00,0.3250846458333333
2020-04-01T14:30:00,0.3186293229166667
2020-04-01T15:00:00,0.3152125625
2020-04-01T15:30:00,0.3162818333333333
2020-04-01T16:00:00,0.3104195625
2020-04-01T16:30:00,0.3075839895833333
2020-04-01T17:00:00,0.3021436145833333
2020-04-01T17:30:00,0.2883999166666667
2020-04-01T18:00:00,0.26914161458333336
2020-04-01T18:30:00,0.2456184583333333
2020-04-01T19:00:00,0.2671410208333333
2020-04-01T19:30:00,0.26602597916666665
2020-04-01T20:00:00,0.28136132291666666
2020-04-01T20:30:00,0.29259840625
2020-04-01T21:00:00,0.29065988541666665
2020-04-01T21:30:00,0.2647533333333333
2020-04-01T22:00:00,0.2325406875
2020-04-01T22:30:00,0.19612369791666664
2020-04-01T23:00:00,0.16715715625000002
2020-04-01T23:30:00,0.13222666666666666
2020-04-02T00:00:00,0.11127942708333333
2020-04-02T00:30:00,0.09866892708333334
2020-04-02T01:00:00,0.08003438020833333
2020-04-02T01:30:00,0.06870957708333332
2020-04-02T02:00:00,0.05970405208333333
2020-04-02T02:30:00,0.053859104166666665
2020-04-02T03:00:00,0.04888983333333333
2020-04-02T03:30:00,0.05048138541666666
2020-04-02T04:00:00,0.05273931770833334
2020-04-02T04:30:00,0.0609346875
2020-04-02T05:00:00,0.07733936458333332
2020-04-02T05:30:00,0.10228307291666666
2020-04-02T06:00:00,0.1331895625
2020-04-02T06:30:00,0.17424653125
2020-04-02T07:00:00,0.22100880208333326
2020-04-02T07:30:00,0.2668173541666667
2020-04-02T08:00:00,0.3015483854166667
2020-04-02T08:30:00,0.3326066145833333
2020-04-02T09:00:00,0.35982378125000003
2020-04-02T09:30:00,0.37454338541666665
2020-04-02T10:00:00,0.3787550520833333
2020-04-02T10:30:00,0.3505168333333333
2020-04-02T11:00:00,0.3144483333333333
2020-04-02T11:30:00,0.3115306875
2020-04-02T12:00:00,0.3497442708333333
2020-04-02T12:30:00,0.35012825000000003
2020-04-02T13:00:00,0.3519767916666667
2020-04-02T13:30:00,0.34420466666666666
2020-04-02T14:00:00,0.337698125
2020-04-02T14:30:00,0.3258577083333333
2020-04-02T15:00:00,0.3224740625
2020-04-02T15:30:00,0.31960259375
2020-04-02T16:00:00,0.317678125
2020-04-02T16:30:00,0.3191142083333333
2020-04-02T17:00:00,0.3170100833333333
2020-04-02T17:30:00,0.2972590625
2020-04-02T18:00:00,0.26816626041666664
2020-04-02T18:30:00,0.25073065625
2020-04-02T19:00:00,0.25510925
2020-04-02T19:30:00,0.2535578645833333
2020-04-02T20:00:00,0.2521273958333333
2020-04-02T20:30:00,0.25929071875
2020-04-02T21:00:00,0.25170910416666664
2020-04-02T21:30:00,0.2410719791666667
2020-04-02T22:00:00,0.21868319791666668
2020-04-02T22:30:00,0.18463315625
2020-04-02T23:00:00,0.15656843750000002
2020-04-02T23:30:00,0.13009214583333334
2020-04-03T00:00:00,0.1059260625
2020-04-03T00:30:00,0.0937788125
2020-04-03T01:00:00,0.07660525520833332
2020-04-03T01:30:00,0.06682096875
2020-04-03T02:00:00,0.059196129166666674
2020-04-03T02:30:00,0.055324921875
2020-04-03T03:00:00,0.05188294270833333
2020-04-03T03:30:00,0.05302585416666666
2020-04-03T04:00:00,0.05623780208333334
2020-04-03T04:30:00,0.06357194479166668
2020-04-03T05:00:00,0.07922681250000001
2020-04-03T05:30:00,0.10645265625
2020-04-03T06:00:00,0.13910032291666666
2020-04-03T06:30:00,0.17796172916666667
2020-04-03T07:00:00,0.22199454166666666
2020-04-03T07:30:00,0.27279241666666665
2020-04-03T08:00:00,0.3116669791666667
2020-04-03T08:30:00,0.3402683333333333
2020-04-03T09:00:00,0.3610696875
2020-04-03T09:30:00,0.3711714375
2020-04-03T10:00:00,0.36836663541666653
2020-04-03T10:30:00,0.34007931249999995
2020-04-03T11:00:00,0.3068065
2020-04-03T11:30:00,0.3135569270833333
2020-04-03T12:00:00,0.3364744791666667
2020-04-03T12:30:00,0.3427669166666667
2020-04-03T13:00:00,0.34497825
2020-04-03T13:30:00,0.34042937500000003
2020-04-03T14:00:00,0.33179078125
2020-04-03T14:30:00,0.31568364583333336
2020-04-03T15:00:00,0.3098072395833333
2020-04-03T15:30:00,0.3079248958333333
2020-04-03T16:00:00,0.3037827395833333
2020-04-03T16:30:00,0.30311021875
2020-04-03T17:00:00,0.2970494270833333
2020-04-03T17:30:00,0.28280842708333337
2020-04-03T18:00:00,0.26380728125
2020-04-03T18:30:00,0.25164017708333336
2020-04-03T19:00:00,0.2607813125
2020-04-03T19:30:00,0.27145634375
2020-04-03T20:00:00,0.26203203125
2020-04-03T20:30:00,0.27081678125
2020-04-03T21:00:00,0.2603010104166667
2020-04-03T21:30:00,0.2528787604166667
2020-04-03T22:00:00,0.221990125
2020-04-03T22:30:00,0.19097447916666666
2020-04-03T23:00:00,0.16291684895833333
2020-04-03T23:30:00,0.13139138541666667
2020-04-04T00:00:00,0.11274467708333336
2020-04-04T00:30:00,0.0994689375
2020-04-04T01:00:00,0.08361360416666667
2020-04-04T01:30:00,0.07016889270833332
2020-04-04T02:00:00,0.0593785625
2020-04-04T02:30:00,0.054095177083333335
2020-04-04T03:00:00,0.04830415625
2020-04-04T03:30:00,0.04594501354166666
2020-04-04T04:00:00,0.045195410416666665
2020-04-04T04:30:00,0.04921791979166667
2020-04-04T05:00:00,0.05838563020833334
2020-04-04T05:30:00,0.07459830729166668
2020-04-04T06:00:00,0.10182242708333332
2020-04-04T06:30:00,0.13744569791666664
2020-04-04T07:00:00,0.18367685416666668
2020-04-04T07:30:00,0.22282735416666666
2020-04-04T08:00:00,0.2637892916666667
2020-04-04T08:30:00,0.2918605625
2020-04-04T09:00:00,0.31542729166666666
2020-04-04T09:30:00,0.3240492708333333
2020-04-04T10:00:00,0.32660451041666666
2020-04-04T10:30:00,0.3148610208333333
2020-04-04T11:00:00,0.3062501041666667
2020-04-04T11:30:00,0.3064790625
2020-04-04T12:00:00,0.3245463125
2020-04-04T12:30:00,0.32216416666666664
2020-04-04T13:00:00,0.315176875
2020-04-04T13:30:00,0.3038583333333333
2020-04-04T14:00:00,0.2983536770833333
2020-04-04T14:30:00,0.2976958125
2020-04-04T15:00:00,0.3002026458333333
2020-04-04T15:30:00,0.29396354166666666
2020-04-04T16:00:00,0.2994696458333333
2020-04-04T16:30:00,0.3141706041666667
2020-04-04T17:00:00,0.3091797916666667
2020-04-04T17:30:00,0.307334125
2020-04-04T18:00:00,0.3113346458333333
2020-04-04T18:30:00,0.2891333541666667
2020-04-04T19:00:00,0.2809625
2020-04-04T19:30:00,0.30104944791666666
2020-04-04T20:00:00,0.28794775
2020-04-04T20:30:00,0.289126375
2020-04-04T21:00:00,0.27831304166666665
2020-04-04T21:30:00,0.27594105208333336
2020-04-04T22:00:00,0.2427295625
2020-04-04T22:30:00,0.2131719375
2020-04-04T23:00:00,0.18577486458333334
2020-04-04T23:30:00,0.15170397916666667
2020-04-05T00:00:00,0.12543273958333334
2020-04-05T00:30:00,0.11148635416666668
2020-04-05T01:00:00,0.09108359375
2020-04-05T01:30:00,0.07543355729166666
2020-04-05T02:00:00,0.06474391145833333
2020-04-05T02:30:00,0.055987204166666665
2020-04-05T03:00:00,0.04876889270833334
2020-04-05T03:30:00,0.046404203125
2020-04-05T04:00:00,0.04639236458333334
2020-04-05T04:30:00,0.047913784375
2020-04-05T05:00:00,0.051799583333333336
2020-04-05T05:30:00,0.06651629166666666
2020-04-05T06:00:00,0.09195341666666666
2020-04-05T06:30:00,0.12620032291666666
2020-04-05T07:00:00,0.17226732291666666
2020-04-05T07:30:00,0.21722695833333336
2020-04-05T08:00:00,0.25888695833333336
2020-04-05T08:30:00,0.2832428854166667
2020-04-05T09:00:00,0.30309817708333336
2020-04-05T09:30:00,0.3217968958333333
2020-04-05T10:00:00,0.3332194791666667
2020-04-05T10:30:00,0.31166303125
2020-04-05T11:00:00,0.3027700833333333
2020-04-05T11:30:00,0.29462057291666666
2020-04-05T12:00:00,0.3285867708333333
2020-04-05T12:30:00,0.3451085833333333
2020-04-05T13:00:00,0.3404179166666667
2020-04-05T13:30:00,0.3380644270833333
2020-04-05T14:00:00,0.3317496145833333
2020-04-05T14:30:00,0.33856531250000005
2020-04-05T15:00:00,0.3428672916666667
2020-04-05T15:30:00,0.3422847916666667
2020-04-05T16:00:00,0.34300160416666664
2020-04-05T16:30:00,0.3610333333333333
2020-04-05T17:00:00,0.369603
2020-04-05T17:30:00,0.3535753854166667
2020-04-05T18:00:00,0.32878052083333337
2020-04-05T18:30:00,0.3032355208333333
2020-04-05T19:00:00,0.3237958333333333
2020-04-05T19:30:00,0.30889416666666664
2020-04-05T20:00:00,0.3031705625
2020-04-05T20:30:00,0.2971595833333333
2020-04-05T21:00:00,0.3083329375
2020-04-05T21:30:00,0.2875930833333333
2020-04-05T22:00:00,0.25271494791666665
2020-04-05T22:30:00,0.21389983333333326
2020-04-05T23:00:00,0.17813920833333333
2020-04-05T23:30:00,0.14382560416666665
2020-04-06T00:00:00,0.11637138541666665
2020-04-06T00:30:00,0.10266210416666667
2020-04-06T01:00:00,0.08687447916666667
2020-04-06T01:30:00,0.074189796875
2020-04-06T02:00:00,0.06187463541666665
2020-04-06T02:30:00,0.05599374583333333
2020-04-06T03:00:00,0.051090965625000005
2020-04-06T03:30:00,0.05181048333333333
2020-04-06T04:00:00,0.05791158020833333
2020-04-06T04:30:00,0.06730653125
2020-04-06T05:00:00,0.08341090625000001
2020-04-06T05:30:00,0.11200169791666666
2020-04-06T06:00:00,0.14490577083333336
2020-04-06T06:30:00,0.18621904166666667
2020-04-06T07:00:00,0.23621244791666665
2020-04-06T07:30:00,0.2819701458333333
2020-04-06T08:00:00,0.3257203333333333
2020-04-06T08:30:00,0.3557898645833333
2020-04-06T09:00:00,0.3831697291666667
2020-04-06T09:30:00,0.40541270833333337
2020-04-06T10:00:00,0.40983875
2020-04-06T10:30:00,0.37707288541666667
2020-04-06T11:00:00,0.3334648229166666
2020-04-06T11:30:00,0.33553818750000003
2020-04-06T12:00:00,0.3653591875
2020-04-06T12:30:00,0.37236125
2020-04-06T13:00:00,0.3763746458333333
2020-04-06T13:30:00,0.3711503125
2020-04-06T14:00:00,0.3601580833333333
2020-04-06T14:30:00,0.3488273229166667
2020-04-06T15:00:00,0.347283125
2020-04-06T15:30:00,0.3433359895833333
2020-04-06T16:00:00,0.34303526041666665
2020-04-06T16:30:00,0.3371730625
2020-04-06T17:00:00,0.3243749166666667
2020-04-06T17:30:00,0.3013178333333333
2020-04-06T18:00:00,0.27401328125
2020-04-06T18:30:00,0.26224359375
2020-04-06T19:00:00,0.28110639583333336
2020-04-06T19:30:00,0.2631984375
2020-04-06T20:00:00,0.26754775000000003
2020-04-06T20:30:00,0.26992519791666664
2020-04-06T21:00:00,0.2759686666666667
2020-04-06T21:30:00,0.2582984375
2020-04-06T22:00:00,0.2315383125
2020-04-06T22:30:00,0.19580932291666667
2020-04-06T23:00:00,0.16202639583333334
2020-04-06T23:30:00,0.13564997916666668
2020-04-07T00:00:00,0.10746882291666666
2020-04-07T00:30:00,0.09696970833333332
2020-04-07T01:00:00,0.08137638854166666
2020-04-07T01:30:00,0.06906142708333332
2020-04-07T02:00:00,0.061312947916666666
2020-04-07T02:30:00,0.05601325
2020-04-07T03:00:00,0.052584151041666666
2020-04-07T03:30:00,0.05328455520833333
2020-04-07T04:00:00,0.0583933
2020-04-07T04:30:00,0.07021173958333334
2020-04-07T05:00:00,0.08684016666666666
2020-04-07T05:30:00,0.11956169791666668
2020-04-07T06:00:00,0.15789368750000002
2020-04-07T06:30:00,0.2021228125
2020-04-07T07:00:00,0.2439775625
2020-04-07T07:30:00,0.2909954791666667
2020-04-07T08:00:00,0.3307284166666667
2020-04-07T08:30:00,0.356601875
2020-04-07T09:00:00,0.3834860729166667
2020-04-07T09:30:00,0.3985036979166667
2020-04-07T10:00:00,0.4025066666666666
2020-04-07T10:30:00,0.36679625
2020-04-07T11:00:00,0.3286184270833333
2020-04-07T11:30:00,0.32482229166666665
2020-04-07T12:00:00,0.35235432291666663
2020-04-07T12:30:00,0.3563180729166667
2020-04-07T13:00:00,0.3523139583333333
2020-04-07T13:30:00,0.3450603125
2020-04-07T14:00:00,0.3336623541666666
2020-04-07T14:30:00,0.3252644791666667
2020-04-07T15:00:00,0.3177992708333333
2020-04-07T15:30:00,0.3191402395833333
2020-04-07T16:00:00,0.3147277395833333
2020-04-07T16:30:00,0.30950882291666665
2020-04-07T17:00:00,0.3030617395833333
2020-04-07T17:30:00,0.2884808333333333
2020-04-07T18:00:00,0.26224804166666665
2020-04-07T18:30:00,0.26812784375
2020-04-07T19:00:00,0.2628845208333333
2020-04-07T19:30:00,0.3000791875
2020-04-07T20:00:00,0.2968719583333333
2020-04-07T20:30:00,0.296497625
2020-04-07T21:00:00,0.3035963020833333
2020-04-07T21:30:00,0.2630934375
2020-04-07T22:00:00,0.23468609375
2020-04-07T22:30:00,0.20003636458333326
2020-04-07T23:00:00,0.16864891666666668
2020-04-07T23:30:00,0.13973460416666664
2020-04-08T00:00:00,0.114964125
2020-04-08T00:30:00,0.09842785416666666
2020-04-08T01:00:00,0.08236784375
2020-04-08T01:30:00,0.06900221875
2020-04-08T02:00:00,0.060769975
2020-04-08T02:30:00,0.05769034375000001
2020-04-08T03:00:00,0.05557429791666666
2020-04-08T03:30:00,0.05593931666666666
2020-04-08T04:00:00,0.05858584791666666
2020-04-08T04:30:00,0.07370008020833334
2020-04-08T05:00:00,0.095096625
2020-04-08T05:30:00,0.12835003125
2020-04-08T06:00:00,0.16403533333333334
2020-04-08T06:30:00,0.21109114583333333
2020-04-08T07:00:00,0.2525441458333333
2020-04-08T07:30:00,0.29492632291666665
2020-04-08T08:00:00,0.3290381666666667
2020-04-08T08:30:00,0.3573158333333333
2020-04-08T09:00:00,0.376756625
2020-04-08T09:30:00,0.3878546145833333
2020-04-08T10:00:00,0.38585857291666653
2020-04-08T10:30:00,0.3547708958333333
2020-04-08T11:00:00,0.32448472916666665
2020-04-08T11:30:00,0.3214245625
2020-04-08T12:00:00,0.3490667291666667
2020-04-08T12:30:00,0.3495678854166667
2020-04-08T13:00:00,0.34908183333333337
2020-04-08T13:30:00,0.3396682708333333
2020-04-08T14:00:00,0.3322415729166667
2020-04-08T14:30:00,0.31887241666666666
2020-04-08T15:00:00,0.311410125
2020-04-08T15:30:00,0.3139543541666667
2020-04-08T16:00:00,0.3083730208333333
2020-04-08T16:30:00,0.3047030416666667
2020-04-08T17:00:00,0.2990123958333333
2020-04-08T17:30:00,0.2854338125
2020-04-08T18:00:00,0.26517865625
2020-04-08T18:30:00,0.2498934375
2020-04-08T19:00:00,0.2519901770833333
2020-04-08T19:30:00,0.2574158333333333
2020-04-08T20:00:00,0.27105979166666666
2020-04-08T20:30:00,0.26970478125
2020-04-08T21:00:00,0.2712888958333333
2020-04-08T21:30:00,0.258708125
2020-04-08T22:00:00,0.2276807395833333
2020-04-08T22:30:00,0.1939594375
2020-04-08T23:00:00,0.16137195833333332
2020-04-08T23:30:00,0.13258752083333333
2020-04-09T00:00:00,0.109654953125
2020-04-09T00:30:00,0.09966777083333334
2020-04-09T01:00:00,0.08030908854166667
2020-04-09T01:30:00,0.06985477604166666
2020-04-09T02:00:00,0.058464815625
2020-04-09T02:30:00,0.05534950416666667
2020-04-09T03:00:00,0.051689000000000006
2020-04-09T03:30:00,0.05452055729166667
2020-04-09T04:00:00,0.058155879166666674
2020-04-09T04:30:00,0.070847725
2020-04-09T05:00:00,0.09264832291666668
2020-04-09T05:30:00,0.12631055729166665
2020-04-09T06:00:00,0.16610292708333332
2020-04-09T06:30:00,0.21488710416666668
2020-04-09T07:00:00,0.25668809375
2020-04-09T07:30:00,0.3000945208333333
2020-04-09T08:00:00,0.33018651041666663
2020-04-09T08:30:00,0.35945976041666666
2020-04-09T09:00:00,0.3788116354166667
2020-04-09T09:30:00,0.38921109375
2020-04-09T10:00:00,0.3914870833333333
2020-04-09T10:30:00,0.3605201041666666
2020-04-09T11:00:00,0.32520798958333336
2020-04-09T11:30:00,0.3261292604166667
2020-04-09T12:00:00,0.34712385416666663
2020-04-09T12:30:00,0.3526425729166667
2020-04-09T13:00:00,0.35023374999999995
2020-04-09T13:30:00,0.3457015625
2020-04-09T14:00:00,0.3359080520833333
2020-04-09T14:30:00,0.32087153125
2020-04-09T15:00:00,0.3168640729166667
2020-04-09T15:30:00,0.3137351458333333
2020-04-09T16:00:00,0.3063686041666667
2020-04-09T16:30:00,0.30348863541666665
2020-04-09T17:00:00,0.29847703125
2020-04-09T17:30:00,0.2789476354166667
2020-04-09T18:00:00,0.26510959375
2020-04-09T18:30:00,0.25719922916666665
2020-04-09T19:00:00,0.26531890625
2020-04-09T19:30:00,0.2609289583333333
2020-04-09T20:00:00,0.2706788020833333
2020-04-09T20:30:00,0.2746670833333333
2020-04-09T21:00:00,0.25761295833333336
2020-04-09T21:30:00,0.2486627916666667
2020-04-09T22:00:00,0.2206902708333333
2020-04-09T22:30:00,0.19015963541666667
2020-04-09T23:00:00,0.15873218749999998
2020-04-09T23:30:00,0.13086161458333334
2020-04-10T00:00:00,0.110653
2020-04-10T00:30:00,0.09959786458333332
2020-04-10T01:00:00,0.07987019375
2020-04-10T01:30:00,0.07237784062500001
2020-04-10T02:00:00,0.060276840625
2020-04-10T02:30:00,0.05672115625
2020-04-10T03:00:00,0.05249113541666667
2020-04-10T03:30:00,0.05432896354166666
2020-04-10T04:00:00,0.05880533333333333
2020-04-10T04:30:00,0.07262791666666668
2020-04-10T05:00:00,0.09471017708333332
2020-04-10T05:30:00,0.13297069791666666
2020-04-10T06:00:00,0.17713419791666665
2020-04-10T06:30:00,0.22331420833333332
2020-04-10T07:00:00,0.2702725
2020-04-10T07:30:00,0.3148073333333333
2020-04-10T08:00:00,0.3457560416666667
2020-04-10T08:30:00,0.3664960104166666
2020-04-10T09:00:00,0.38344770833333336
2020-04-10T09:30:00,0.3945265208333333
2020-04-10T10:00:00,0.3943016875
2020-04-10T10:30:00,0.3609015625
2020-04-10T11:00:00,0.3290772604166667
2020-04-10T11:30:00,0.3319322291666667
2020-04-10T12:00:00,0.3597063541666667
2020-04-10T12:30:00,0.36180385416666666
2020-04-10T13:00:00,0.3637278125
2020-04-10T13:30:00,0.3554654895833333
2020-04-10T14:00:00,0.347360375
2020-04-10T14:30:00,0.33082399999999995
2020-04-10T15:00:00,0.31821123958333336
2020-04-10T15:30:00,0.3134094791666667
2020-04-10T16:00:00,0.30804872916666665
2020-04-10T16:30:00,0.30186140625
2020-04-10T17:00:00,0.2936951666666667
2020-04-10T17:30:00,0.2795498333333333
2020-04-10T18:00:00,0.2652776458333333
2020-04-10T18:30:00,0.2619185625
2020-04-10T19:00:00,0.25957494791666663
2020-04-10T19:30:00,0.26332203125000003
2020-04-10T20:00:00,0.2613316770833333
2020-04-10T20:30:00,0.274168375
2020-04-10T21:00:00,0.2599996770833333
2020-04-10T21:30:00,0.25705985416666666
2020-04-10T22:00:00,0.23037728125
2020-04-10T22:30:00,0.19657226041666667
2020-04-10T23:00:00,0.16504565625
2020-04-10T23:30:00,0.13661318749999998
2020-04-11T00:00:00,0.11543969791666665
2020-04-11T00:30:00,0.10193409375
2020-04-11T01:00:00,0.08068498958333332
2020-04-11T01:30:00,0.06814875
2020-04-11T02:00:00,0.06007117708333334
2020-04-11T02:30:00,0.05478167083333333
2020-04-11T03:00:00,0.049167968750000006
2020-04-11T03:30:00,0.04798792708333333
2020-04-11T04:00:00,0.04836505208333333
2020-04-11T04:30:00,0.05323658333333334
2020-04-11T05:00:00,0.06326589583333334
2020-04-11T05:30:00,0.08590780208333333
2020-04-11T06:00:00,0.11804794791666667
2020-04-11T06:30:00,0.15993007291666667
2020-04-11T07:00:00,0.20651946875
2020-04-11T07:30:00,0.24653059375
2020-04-11T08:00:00,0.2843617395833333
2020-04-11T08:30:00,0.3098045208333333
2020-04-11T09:00:00,0.33298446875
2020-04-11T09:30:00,0.3437071666666667
2020-04-11T10:00:00,0.34314755208333336
2020-04-11T10:30:00,0.3284050625
2020-04-11T11:00:00,0.31366338541666666
2020-04-11T11:30:00,0.3134768958333333
2020-04-11T12:00:00,0.3425087916666667
2020-04-11T12:30:00,0.34047543750000003
2020-04-11T13:00:00,0.3274861145833333
2020-04-11T13:30:00,0.31940881250000003
2020-04-11T14:00:00,0.3176637291666667
2020-04-11T14:30:00,0.3150038333333333
2020-04-11T15:00:00,0.3100577083333333
2020-04-11T15:30:00,0.2990434583333333
2020-04-11T16:00:00,0.29061285416666666
2020-04-11T16:30:00,0.30542175
2020-04-11T17:00:00,0.3024836145833333
2020-04-11T17:30:00,0.2952775
2020-04-11T18:00:00,0.28650989583333336
2020-04-11T18:30:00,0.27886984375
2020-04-11T19:00:00,0.27980842708333337
2020-04-11T19:30:00,0.2840117708333333
2020-04-11T20:00:00,0.30374964583333336
2020-04-11T20:30:00,0.2976706770833333
2020-04-11T21:00:00,0.2917075208333333
2020-04-11T21:30:00,0.2698362083333333
2020-04-11T22:00:00,0.2423357604166667
2020-04-11T22:30:00,0.20817104166666667
2020-04-11T23:00:00,0.17609089583333334
2020-04-11T23:30:00,0.147623125
2020-04-12T00:00:00,0.1229033125
2020-04-12T00:30:00,0.10660708333333334
2020-04-12T01:00:00,0.08932313541666666
2020-04-12T01:30:00,0.07689810833333334
2020-04-12T02:00:00,0.0630436875
2020-04-12T02:30:00,0.0553355
2020-04-12T03:00:00,0.04821357291666667
2020-04-12T03:30:00,0.04674235416666666
2020-04-12T04:00:00,0.047785229166666665
2020-04-12T04:30:00,0.048918374999999986
2020-04-12T05:00:00,0.05539488541666667
2020-04-12T05:30:00,0.07308820833333332
2020-04-12T06:00:00,0.10133672916666664
2020-04-12T06:30:00,0.13826539583333333
2020-04-12T07:00:00,0.18482098958333332
2020-04-12T07:30:00,0.22340520833333333
2020-04-12T08:00:00,0.2574579270833333
2020-04-12T08:30:00,0.2842353125
2020-04-12T09:00:00,0.3059668125
2020-04-12T09:30:00,0.3129648333333333
2020-04-12T10:00:00,0.31908552083333336
2020-04-12T10:30:00,0.30262659375
2020-04-12T11:00:00,0.293725625
2020-04-12T11:30:00,0.2940301041666667
2020-04-12T12:00:00,0.3176886458333333
2020-04-12T12:30:00,0.33757375
2020-04-12T13:00:00,0.3507485416666667
2020-04-12T13:30:00,0.3533885104166667
2020-04-12T14:00:00,0.3459900208333333
2020-04-12T14:30:00,0.356886875
2020-04-12T15:00:00,0.35665881250000003
2020-04-12T15:30:00,0.3649525
2020-04-12T16:00:00,0.36111263541666666
2020-04-12T16:30:00,0.37935284375
2020-04-12T17:00:00,0.4401313854166666
2020-04-12T17:30:00,0.3643838541666666
2020-04-12T18:00:00,0.33144859375
2020-04-12T18:30:00,0.301924375
2020-04-12T19:00:00,0.31086714583333336
2020-04-12T19:30:00,0.29782591666666663
2020-04-12T20:00:00,0.3102565833333333
2020-04-12T20:30:00,0.3104872708333333
2020-04-12T21:00:00,0.32020822916666664
2020-04-12T21:30:00,0.31650082291666665
2020-04-12T22:00:00,0.2757397083333333
2020-04-12T22:30:00,0.23300196875
2020-04-12T23:00:00,0.1969555
2020-04-12T23:30:00,0.15690598958333332
2020-04-13T00:00:00,0.13244734375
2020-04-13T00:30:00,0.11396609375
2020-04-13T01:00:00,0.08811370833333332
2020-04-13T01:30:00,0.07198797916666667
2020-04-13T02:00:00,0.05899129791666665
2020-04-13T02:30:00,0.05170732291666666
2020-04-13T03:00:00,0.0450903375
2020-04-13T03:30:00,0.04497316979166666
2020-04-13T04:00:00,0.04407922395833333
2020-04-13T04:30:00,0.049791525
2020-04-13T05:00:00,0.05499495104166666
2020-04-13T05:30:00,0.07486346354166666
2020-04-13T06:00:00,0.10539786458333332
2020-04-13T06:30:00,0.14578140625
2020-04-13T07:00:00,0.1915529375
2020-04-13T07:30:00,0.2356835833333333
2020-04-13T08:00:00,0.27062529166666666
2020-04-13T08:30:00,0.3089552083333333
2020-04-13T09:00:00,0.3287106770833333
2020-04-13T09:30:00,0.34792503125
2020-04-13T10:00:00,0.35045556250000004
2020-04-13T10:30:00,0.33124026041666665
2020-04-13T11:00:00,0.3094395625
2020-04-13T11:30:00,0.2964903125
2020-04-13T12:00:00,0.31935898958333336
2020-04-13T12:30:00,0.31929971875
2020-04-13T13:00:00,0.3240436666666667
2020-04-13T13:30:00,0.32194803125
2020-04-13T14:00:00,0.3212777604166667
2020-04-13T14:30:00,0.3096000520833333
2020-04-13T15:00:00,0.310589375
2020-04-13T15:30:00,0.3156728541666667
2020-04-13T16:00:00,0.32034740625
2020-04-13T16:30:00,0.3230776041666667
2020-04-13T17:00:00,0.3177589166666667
2020-04-13T17:30:00,0.29104190625
2020-04-13T18:00:00,0.2558314375
2020-04-13T18:30:00,0.15868307291666667
2020-04-13T19:00:00,0.20189778125
2020-04-13T19:30:00,0.24447369791666665
2020-04-13T20:00:00,0.2559630625
2020-04-13T20:30:00,0.268444375
2020-04-13T21:00:00,0.26370176041666665
2020-04-13T21:30:00,0.25173208333333336
2020-04-13T22:00:00,0.2293907291666667
2020-04-13T22:30:00,0.19860817708333334
2020-04-13T23:00:00,0.168265
2020-04-13T23:30:00,0.13717807291666667
2020-04-14T00:00:00,0.11084084375
2020-04-14T00:30:00,0.10047116666666668
2020-04-14T01:00:00,0.08215089583333332
2020-04-14T01:30:00,0.06809384375000001
2020-04-14T02:00:00,0.059111763541666675
2020-04-14T02:30:00,0.05431228125
2020-04-14T03:00:00,0.05233051354166667
2020-04-14T03:30:00,0.0518889375
2020-04-14T04:00:00,0.057625283333333326
2020-04-14T04:30:00,0.07141061458333334
2020-04-14T05:00:00,0.0905460625
2020-04-14T05:30:00,0.12187810416666668
2020-04-14T06:00:00,0.1611575
2020-04-14T06:30:00,0.20509628125
2020-04-14T07:00:00,0.25222359375
2020-04-14T07:30:00,0.28870825
2020-04-14T08:00:00,0.32835971875
2020-04-14T08:30:00,0.35650154166666664
2020-04-14T09:00:00,0.3809883333333333
2020-04-14T09:30:00,0.39569107291666666
2020-04-14T10:00:00,0.4009015208333333
2020-04-14T10:30:00,0.35980256250000003
2020-04-14T11:00:00,0.32404521875
2020-04-14T11:30:00,0.32193138541666666
2020-04-14T12:00:00,0.35576661458333336
2020-04-14T12:30:00,0.3543080520833333
2020-04-14T13:00:00,0.3547790625
2020-04-14T13:30:00,0.3440686458333333
2020-04-14T14:00:00,0.3364758333333333
2020-04-14T14:30:00,0.3253730729166667
2020-04-14T15:00:00,0.3191537708333333
2020-04-14T15:30:00,0.31790959375
2020-04-14T16:00:00,0.313100375
2020-04-14T16:30:00,0.30864403125
2020-04-14T17:00:00,0.30054760416666665
2020-04-14T17:30:00,0.28221887500000004
2020-04-14T18:00:00,0.2586414375
2020-04-14T18:30:00,0.2521779166666667
2020-04-14T19:00:00,0.25614215625
2020-04-14T19:30:00,0.24959260416666665
2020-04-14T20:00:00,0.2514426041666667
2020-04-14T20:30:00,0.25127902083333337
2020-04-14T21:00:00,0.24842663541666665
2020-04-14T21:30:00,0.2337753958333333
2020-04-14T22:00:00,0.2124899583333333
2020-04-14T22:30:00,0.18754186458333333
2020-04-14T23:00:00,0.16228301041666668
2020-04-14T23:30:00,0.12964119791666667
2020-04-15T00:00:00,0.10881113020833333
2020-04-15T00:30:00,0.09327263541666668
2020-04-15T01:00:00,0.07637559895833332
2020-04-15T01:30:00,0.06372714583333333
2020-04-15T02:00:00,0.057126875
2020-04-15T02:30:00,0.05145558333333333
2020-04-15T03:00:00,0.05006747395833333
2020-04-15T03:30:00,0.04981445833333333
2020-04-15T04:00:00,0.05580128125
2020-04-15T04:30:00,0.06905778124999999
2020-04-15T05:00:00,0.09017844791666668
2020-04-15T05:30:00,0.12213261458333335
2020-04-15T06:00:00,0.16073025
2020-04-15T06:30:00,0.2018156875
2020-04-15T07:00:00,0.2468764583333333
2020-04-15T07:30:00,0.2894213229166667
2020-04-15T08:00:00,0.32372232291666664
2020-04-15T08:30:00,0.3545323958333333
2020-04-15T09:00:00,0.3789757916666667
2020-04-15T09:30:00,0.3941027291666667
2020-04-15T10:00:00,0.39353770833333335
2020-04-15T10:30:00,0.36224933333333337
2020-04-15T11:00:00,0.3315079375
2020-04-15T11:30:00,0.3298257291666667
2020-04-15T12:00:00,0.3576404166666667
2020-04-15T12:30:00,0.35619628125
2020-04-15T13:00:00,0.3533525
2020-04-15T13:30:00,0.3449495208333333
2020-04-15T14:00:00,0.336106875
2020-04-15T14:30:00,0.32455062500000004
2020-04-15T15:00:00,0.3158083541666667
2020-04-15T15:30:00,0.3135857604166667
2020-04-15T16:00:00,0.3076695625
2020-04-15T16:30:00,0.30714562500000003
2020-04-15T17:00:00,0.3014733333333333
2020-04-15T17:30:00,0.2822973958333333
2020-04-15T18:00:00,0.2606122708333333
2020-04-15T18:30:00,0.25047421875000003
2020-04-15T19:00:00,0.26417557291666666
2020-04-15T19:30:00,0.2640988541666667
2020-04-15T20:00:00,0.2719649895833333
2020-04-15T20:30:00,0.26964375
2020-04-15T21:00:00,0.271853625
2020-04-15T21:30:00,0.2547237083333333
2020-04-15T22:00:00,0.22103569791666666
2020-04-15T22:30:00,0.1899253333333333
2020-04-15T23:00:00,0.15403829166666666
2020-04-15T23:30:00,0.12765866666666667
2020-04-16T00:00:00,0.10216492708333334
2020-04-16T00:30:00,0.0887909375
2020-04-16T01:00:00,0.07302043333333333
2020-04-16T01:30:00,0.061747640625
2020-04-16T02:00:00,0.056022390625
2020-04-16T02:30:00,0.05162220208333334
2020-04-16T03:00:00,0.04695259375
2020-04-16T03:30:00,0.05046651770833333
2020-04-16T04:00:00,0.05365923958333333
2020-04-16T04:30:00,0.06709681979166666
2020-04-16T05:00:00,0.08960090625
2020-04-16T05:30:00,0.12254502083333335
2020-04-16T06:00:00,0.16155922395833333
2020-04-16T06:30:00,0.2028183541666667
2020-04-16T07:00:00,0.24472232291666665
2020-04-16T07:30:00,0.28882463541666664
2020-04-16T08:00:00,0.3260182291666667
2020-04-16T08:30:00,0.35296406249999995
2020-04-16T09:00:00,0.37277484375
2020-04-16T09:30:00,0.3881236666666667
2020-04-16T10:00:00,0.3898536458333333
2020-04-16T10:30:00,0.35986654166666665
2020-04-16T11:00:00,0.3266888020833333
2020-04-16T11:30:00,0.3218795625
2020-04-16T12:00:00,0.350096625
2020-04-16T12:30:00,0.3528496458333333
2020-04-16T13:00:00,0.35038995833333336
2020-04-16T13:30:00,0.342702625
2020-04-16T14:00:00,0.3300686041666667
2020-04-16T14:30:00,0.3209963854166667
2020-04-16T15:00:00,0.3127545729166667
2020-04-16T15:30:00,0.3094017083333333
2020-04-16T16:00:00,0.302375375
2020-04-16T16:30:00,0.2976788541666667
2020-04-16T17:00:00,0.2922027083333333
2020-04-16T17:30:00,0.2758701875
2020-04-16T18:00:00,0.2572119583333333
2020-04-16T18:30:00,0.24246434375
2020-04-16T19:00:00,0.2972929895833333
2020-04-16T19:30:00,0.2522825625
2020-04-16T20:00:00,0.2533620833333333
2020-04-16T20:30:00,0.2585224479166667
2020-04-16T21:00:00,0.25634028125
2020-04-16T21:30:00,0.24752696875
2020-04-16T22:00:00,0.21637761458333332
2020-04-16T22:30:00,0.1871298541666667
2020-04-16T23:00:00,0.15449665625
2020-04-16T23:30:00,0.12710527083333334
2020-04-17T00:00:00,0.102991421875
2020-04-17T00:30:00,0.092533375
2020-04-17T01:00:00,0.07754461458333334
2020-04-17T01:30:00,0.06308467708333332
2020-04-17T02:00:00,0.05381169375
2020-04-17T02:30:00,0.050501972916666665
2020-04-17T03:00:00,0.04768627395833333
2020-04-17T03:30:00,0.048930203125
2020-04-17T04:00:00,0.05042331875
2020-04-17T04:30:00,0.06514755208333334
2020-04-17T05:00:00,0.08818397916666666
2020-04-17T05:30:00,0.12070539583333335
2020-04-17T06:00:00,0.1545680625
2020-04-17T06:30:00,0.19527401041666667
2020-04-17T07:00:00,0.2405097708333333
2020-04-17T07:30:00,0.2807921770833333
2020-04-17T08:00:00,0.3167884166666667
2020-04-17T08:30:00,0.3409415625
2020-04-17T09:00:00,0.36424672916666667
2020-04-17T09:30:00,0.3774708125
2020-04-17T10:00:00,0.382551875
2020-04-17T10:30:00,0.3481598645833333
2020-04-17T11:00:00,0.31657534375
2020-04-17T11:30:00,0.31348385416666663
2020-04-17T12:00:00,0.3548457291666667
2020-04-17T12:30:00,0.3524647916666667
2020-04-17T13:00:00,0.34939901041666666
2020-04-17T13:30:00,0.3404108333333333
2020-04-17T14:00:00,0.32805065625
2020-04-17T14:30:00,0.3107753645833333
2020-04-17T15:00:00,0.303085625
2020-04-17T15:30:00,0.29629725
2020-04-17T16:00:00,0.2963049583333333
2020-04-17T16:30:00,0.2889179791666667
2020-04-17T17:00:00,0.2853205833333333
2020-04-17T17:30:00,0.2770362708333333
2020-04-17T18:00:00,0.25517369791666666
2020-04-17T18:30:00,0.2380683333333333
2020-04-17T19:00:00,0.25154560416666666
2020-04-17T19:30:00,0.24164316666666666
2020-04-17T20:00:00,0.2443094791666667
2020-04-17T20:30:00,0.25227104166666664
2020-04-17T21:00:00,0.26677304166666665
2020-04-17T21:30:00,0.2524043125
2020-04-17T22:00:00,0.22515513541666665
2020-04-17T22:30:00,0.18860047916666667
2020-04-17T23:00:00,0.15553714583333333
2020-04-17T23:30:00,0.13140764583333334
2020-04-18T00:00:00,0.10558263541666668
2020-04-18T00:30:00,0.0938335
2020-04-18T01:00:00,0.07956076666666666
2020-04-18T01:30:00,0.06965988854166667
2020-04-18T02:00:00,0.057886267708333335
2020-04-18T02:30:00,0.05381601041666667
2020-04-18T03:00:00,0.0469145875
2020-04-18T03:30:00,0.04712505208333333
2020-04-18T04:00:00,0.04793311145833334
2020-04-18T04:30:00,0.05268008333333333
2020-04-18T05:00:00,0.06449794270833333
2020-04-18T05:30:00,0.08809683333333332
2020-04-18T06:00:00,0.11933048958333332
2020-04-18T06:30:00,0.1568085625
2020-04-18T07:00:00,0.20300285416666666
2020-04-18T07:30:00,0.2483615520833333
2020-04-18T08:00:00,0.285944125
2020-04-18T08:30:00,0.31692626041666666
2020-04-18T09:00:00,0.3431316979166667
2020-04-18T09:30:00,0.3562432916666667
2020-04-18T10:00:00,0.3540293333333333
2020-04-18T10:30:00,0.33945635416666664
2020-04-18T11:00:00,0.31373735416666665
2020-04-18T11:30:00,0.31733225
2020-04-18T12:00:00,0.35265060416666666
2020-04-18T12:30:00,0.36470067708333337
2020-04-18T13:00:00,0.3544234791666667
2020-04-18T13:30:00,0.3266078854166667
2020-04-18T14:00:00,0.3162694375
2020-04-18T14:30:00,0.31604490625
2020-04-18T15:00:00,0.3105120625
2020-04-18T15:30:00,0.3070501875
2020-04-18T16:00:00,0.30831090625
2020-04-18T16:30:00,0.3092781666666667
2020-04-18T17:00:00,0.3128792083333333
2020-04-18T17:30:00,0.3020319583333333
2020-04-18T18:00:00,0.2943539583333333
2020-04-18T18:30:00,0.2794505729166667
2020-04-18T19:00:00,0.3064627604166667
2020-04-18T19:30:00,0.2930298958333333
2020-04-18T20:00:00,0.29356846875000003
2020-04-18T20:30:00,0.2930292083333333
2020-04-18T21:00:00,0.27872297916666666
2020-04-18T21:30:00,0.2759573020833333
2020-04-18T22:00:00,0.24061625
2020-04-18T22:30:00,0.21233958333333333
2020-04-18T23:00:00,0.18481489583333333
2020-04-18T23:30:00,0.15470549479166668
2020-04-19T00:00:00,0.12295236458333332
2020-04-19T00:30:00,0.10535173958333333
2020-04-19T01:00:00,0.08661524999999999
2020-04-19T01:30:00,0.07213003125
2020-04-19T02:00:00,0.05895906666666668
2020-04-19T02:30:00,0.05347439166666667
2020-04-19T03:00:00,0.04726070833333334
2020-04-19T03:30:00,0.04531634375
2020-04-19T04:00:00,0.04318054166666666
2020-04-19T04:30:00,0.046173958333333334
